# Blender 5.0.0
# www.blender.org
mtllib chickentative.mtl
o hat_hat
v -0.047136 0.317053 4.410563
v -0.014908 0.345613 4.389059
v -0.022881 0.353442 4.367629
v -0.056502 0.244510 4.477824
v -0.064178 0.279179 4.366794
v -0.057041 0.253421 4.367483
v -0.046794 0.333136 4.366342
v -0.065099 0.314248 4.351587
v -0.044361 0.307742 4.451861
v -0.022493 0.325866 4.450674
v -0.057049 0.279668 4.460707
v -0.061138 0.292749 4.386394
v -0.047136 0.317053 4.410563
v -0.065099 0.314248 4.351587
v 0.058671 0.223022 4.631264
v 0.048124 0.252381 4.570302
v 0.045260 0.261767 4.614202
v -0.005615 0.309013 4.498695
v -0.022846 0.291655 4.528577
v 0.004441 0.278443 4.570816
v 0.052746 0.189597 4.593971
v 0.058881 0.230765 4.560862
v -0.044361 0.307742 4.451861
v -0.033288 0.298274 4.495084
v -0.043430 0.272599 4.527158
v -0.025974 0.640584 4.167603
v -0.024523 0.720619 4.177654
v 0.003290 0.718357 4.170459
v 0.000438 0.638964 4.161683
v -0.033288 0.298274 4.495084
v -0.043430 0.272599 4.527158
v -0.059695 0.087176 4.266727
v -0.052535 0.095099 4.294145
v -0.062511 0.148585 4.270350
v -0.012148 0.690834 4.575148
v 0.008838 0.689082 4.562351
v 0.006764 0.656047 4.456616
v -0.035967 0.117274 4.310689
v -0.028727 0.094097 4.335363
v -0.008804 0.103190 4.342559
v -0.035967 0.117274 4.310689
v -0.012311 0.143374 4.312450
v -0.041509 0.154356 4.299408
v -0.049063 0.652425 4.586884
v -0.039095 0.674297 4.591996
v -0.035450 0.663987 4.524650
v 0.019398 0.161057 4.608233
v 0.028070 0.166148 4.570965
v 0.042385 0.173670 4.591696
v 0.037300 0.185718 4.674337
v 0.042385 0.173670 4.591696
v 0.003346 0.156653 4.582632
v -0.045727 0.072891 4.324568
v -0.035967 0.117274 4.310689
v -0.012311 0.143374 4.312450
v -0.028727 0.094097 4.335363
v 0.056869 0.626359 4.468591
v 0.036271 0.645734 4.461281
v 0.032844 0.662503 4.496486
v -0.041509 0.154356 4.299408
v 0.000350 0.693809 4.602739
v -0.022874 0.355978 4.700471
v -0.037992 0.303177 4.712780
v -0.011537 0.308592 4.731407
v -0.042213 0.423679 4.636017
v -0.041515 0.426384 4.611267
v -0.044048 0.331887 4.662410
v -0.026683 0.067780 4.399319
v 0.032844 0.662503 4.496486
v 0.036271 0.645734 4.461281
v -0.022874 0.355978 4.700471
v -0.038766 0.348016 4.683753
v -0.037992 0.303177 4.712780
v 0.008278 0.330843 4.451090
v 0.050482 0.653824 4.527163
v 0.060617 0.630005 4.543509
v -0.046811 0.303182 4.685412
v 0.064440 0.600469 4.477509
v -0.013611 0.443218 4.679579
v -0.004543 0.401954 4.686630
v 0.019147 0.410858 4.682507
v -0.013611 0.443218 4.679579
v -0.030035 0.412752 4.668174
v -0.004543 0.401954 4.686630
v -0.048753 0.198017 4.594610
v -0.052000 0.629782 4.552497
v -0.047927 0.617010 4.614450
v -0.049063 0.652425 4.586884
v -0.046565 0.608457 4.563741
v 0.059958 0.230248 4.474536
v 0.068768 0.274455 4.434827
v 0.063124 0.259019 4.480862
v -0.030035 0.412752 4.668174
v -0.039295 0.362229 4.627736
v -0.011537 0.308592 4.731407
v 0.013164 0.307476 4.732178
v -0.030035 0.412752 4.668174
v -0.004543 0.401954 4.686630
v -0.052808 0.621065 4.472127
v 0.074340 0.635543 4.201438
v 0.090958 0.592620 4.213236
v 0.065237 0.592772 4.177286
v -0.052143 0.042078 4.315330
v -0.041480 0.042132 4.359803
v -0.026267 0.657005 4.695193
v -0.005393 0.682135 4.662538
v -0.022660 0.682423 4.633572
v -0.040033 0.654988 4.670796
v -0.031911 0.004963 4.293805
v -0.036842 0.011694 4.332480
v -0.047101 0.026466 4.285083
v -0.025814 0.009704 4.265874
v 0.084044 0.643852 4.231177
v 0.099164 0.582822 4.257976
v 0.011533 0.672112 4.689888
v 0.054905 0.640211 4.179643
v -0.031194 0.233642 4.714814
v -0.044619 0.207709 4.680782
v -0.015431 0.192473 4.698497
v -0.019100 0.649577 4.452153
v 0.006101 0.644798 4.716259
v 0.091960 0.605994 4.282589
v 0.008155 0.217388 4.721189
v -0.001111 0.253805 4.731150
v 0.082189 0.645733 4.264812
v 0.054905 0.640211 4.179643
v 0.065237 0.592772 4.177286
v 0.038995 0.581220 4.159726
v 0.028527 0.637932 4.165458
v 0.015866 0.053012 4.214353
v 0.039078 0.013290 4.270966
v 0.012346 0.002607 4.263989
v -0.044619 0.207709 4.680782
v -0.050978 0.235772 4.675963
v -0.049402 0.226444 4.626464
v -0.002040 -0.009208 4.303874
v -0.031194 0.233642 4.714814
v 0.011628 0.191028 4.702954
v 0.057557 0.292690 4.466363
v 0.054211 0.716296 4.193451
v -0.005800 0.011449 4.253636
v 0.012346 0.002607 4.263989
v -0.015431 0.192473 4.698497
v -0.027044 0.180819 4.664592
v -0.016798 -0.003825 4.339576
v 0.048783 0.079504 4.213590
v -0.004432 0.834963 4.247612
v -0.016418 0.855950 4.285788
v 0.014694 0.852990 4.274226
v -0.002837 0.859690 4.343038
v 0.014048 0.859762 4.313884
v -0.027373 0.022057 4.376354
v 0.061855 0.539585 4.171839
v -0.035402 0.846344 4.316551
v -0.032176 0.837176 4.363293
v 0.061577 0.225193 4.509601
v 0.014254 0.054756 4.417435
v -0.011209 0.049237 4.409647
v 0.001440 0.005899 4.380059
v -0.004559 0.170014 4.664103
v 0.011628 0.191028 4.702954
v -0.015431 0.192473 4.698497
v -0.053240 0.809303 4.308895
v -0.032176 0.837176 4.363293
v -0.035402 0.846344 4.316551
v 0.032046 0.523951 4.157518
v 0.011562 0.565985 4.151331
v 0.016576 -0.004395 4.346792
v 0.032602 0.718929 4.177866
v -0.027044 0.180819 4.664592
v -0.018561 0.161425 4.584397
v 0.001440 0.005899 4.380059
v -0.049293 0.234619 4.566147
v 0.044980 0.555870 4.713383
v 0.048469 0.505973 4.677775
v 0.054415 0.547803 4.683880
v 0.014826 0.070167 4.434770
v -0.043948 0.827602 4.278825
v -0.057490 0.780541 4.268871
v -0.011209 0.049237 4.409647
v -0.042379 0.252286 4.613264
v -0.027373 0.022057 4.376354
v 0.022731 0.274822 4.569780
v 0.037007 0.292146 4.516076
v -0.043029 0.217233 4.467578
v -0.024476 0.203848 4.460440
v -0.033833 0.193156 4.505529
v -0.037330 0.800618 4.372592
v -0.048345 0.211820 4.510697
v -0.036409 0.174698 4.590256
v -0.045427 0.786466 4.233930
v 0.004551 0.451898 4.687706
v 0.026536 0.445240 4.679706
v 0.027873 0.529292 4.719494
v -0.043948 0.827602 4.278825
v -0.027590 0.834255 4.258957
v -0.026267 0.657005 4.695193
v -0.036629 0.613805 4.706710
v -0.020216 0.612450 4.722789
v -0.043029 0.217233 4.467578
v -0.033833 0.193156 4.505529
v 0.051444 0.486634 4.638574
v 0.049014 0.521838 4.658285
v 0.011310 0.602362 4.730341
v 0.006101 0.644798 4.716259
v -0.048703 0.631512 4.678087
v -0.036629 0.613805 4.706710
v -0.026267 0.657005 4.695193
v -0.006956 0.199773 4.446427
v -0.040033 0.654988 4.670796
v 0.026536 0.445240 4.679706
v 0.041116 0.427059 4.656765
v 0.058933 0.619090 4.662717
v 0.053436 0.617713 4.689478
v -0.039598 0.230762 4.377122
v 0.017588 0.566401 4.732549
v 0.027873 0.529292 4.719494
v 0.053649 0.592399 4.646468
v 0.012750 0.530909 4.726820
v 0.038085 0.527747 4.636065
v -0.039598 0.230762 4.377122
v 0.038497 0.319741 4.455061
v 0.037007 0.292146 4.516076
v -0.039095 0.674297 4.591996
v 0.038497 0.319741 4.455061
v 0.066576 0.725580 4.216784
v 0.075987 0.699168 4.242214
v -0.051394 0.612054 4.665338
v 0.036510 0.571849 4.624943
v 0.054211 0.716296 4.193451
v 0.048356 0.201953 4.501126
v 0.067072 0.755561 4.241410
v 0.037581 0.617140 4.713672
v 0.037581 0.617140 4.713672
v 0.017588 0.566401 4.732549
v 0.039852 0.207497 4.463880
v 0.059958 0.230248 4.474536
v 0.048356 0.201953 4.501126
v 0.041352 0.089477 4.327182
v 0.056392 0.074836 4.303322
v 0.056139 0.106922 4.296049
v 0.049265 0.427146 4.635674
v 0.027673 0.186961 4.499634
v 0.057127 0.630454 4.624074
v 0.013529 0.198715 4.452435
v 0.013178 0.214355 4.383368
v 0.041116 0.427059 4.656765
v 0.046819 0.419666 4.603539
v -0.059280 0.592448 4.387443
v -0.058033 0.597761 4.469688
v -0.012806 0.571533 4.594873
v -0.035508 0.592102 4.602913
v -0.027851 0.585219 4.569985
v 0.021283 0.577283 4.572214
v 0.007906 0.559248 4.607867
v -0.049617 0.572466 4.487207
v -0.051100 0.589511 4.524613
v 0.007906 0.559248 4.607867
v 0.021283 0.577283 4.572214
v 0.038916 0.590742 4.577886
v -0.015360 0.557011 4.617583
v -0.001737 0.573312 4.568885
v -0.027898 0.558428 4.517512
v 0.075395 0.150338 4.249938
v 0.066581 0.095154 4.254936
v -0.035508 0.592102 4.602913
v -0.046565 0.608457 4.563741
v -0.051100 0.589511 4.524613
v 0.017298 0.109132 4.335407
v 0.018751 0.148973 4.312453
v -0.015360 0.557011 4.617583
v -0.041762 0.578740 4.640162
v -0.012806 0.571533 4.594873
v 0.017298 0.109132 4.335407
v 0.034878 0.130256 4.311013
v 0.018751 0.148973 4.312453
v -0.043095 0.619872 4.385787
v -0.063776 0.601687 4.347423
v -0.059280 0.592448 4.387443
v 0.034878 0.130256 4.311013
v 0.052121 0.153840 4.295386
v 0.018751 0.148973 4.312453
v 0.057678 0.053247 4.311975
v 0.064835 0.106794 4.220557
v 0.055287 0.028680 4.295162
v 0.066223 0.147459 4.275101
v 0.052121 0.153840 4.295386
v 0.053343 0.612509 4.605066
v 0.054539 0.608603 4.561668
v -0.070504 0.562549 4.347369
v -0.063776 0.601687 4.347423
v 0.027436 0.688533 4.581134
v 0.042607 0.678763 4.593943
v -0.055033 0.558009 4.448689
v 0.047227 0.045050 4.364009
v -0.060593 0.565439 4.396678
v 0.014619 0.525917 4.618441
v 0.027436 0.688533 4.581134
v 0.055579 0.657249 4.584972
v -0.013244 0.525151 4.621669
v -0.002094 0.452184 4.578312
v -0.028982 0.446832 4.590072
v -0.046489 0.500872 4.344726
v -0.041094 0.523872 4.392637
v -0.057598 0.543962 4.380702
v -0.037079 0.525279 4.644146
v -0.028982 0.446832 4.590072
v -0.042561 0.493635 4.636818
v -0.037079 0.525279 4.644146
v 0.052876 0.304368 4.691336
v 0.042105 0.306266 4.717309
v 0.050704 0.237709 4.697017
v -0.016005 0.215998 4.383886
v 0.054754 0.277180 4.659295
v 0.057971 0.228341 4.669488
v -0.033392 0.532328 4.447826
v -0.023906 0.508189 4.380879
v 0.014619 0.525917 4.618441
v -0.055033 0.558009 4.448689
v -0.057598 0.543962 4.380702
v -0.070140 0.522634 4.328533
v -0.041594 0.076233 4.215291
v -0.043444 0.134512 4.188864
v -0.016470 0.122188 4.175923
v -0.043444 0.134512 4.188864
v -0.041594 0.076233 4.215291
v -0.061446 0.111312 4.223346
v 0.029081 0.260153 4.724866
v -0.012570 0.066995 4.203627
v -0.002196 0.521007 4.451936
v -0.008573 0.411337 4.574980
v -0.045385 0.549898 4.692286
v -0.038587 0.552160 4.712191
v 0.021135 0.101799 4.183492
v -0.013641 0.206225 4.352351
v 0.053106 0.645480 4.668520
v 0.037558 0.216438 4.705678
v -0.025402 0.789182 4.399159
v -0.011211 0.802712 4.409934
v 0.019469 0.687327 4.627134
v -0.077225 0.644249 4.232736
v -0.086965 0.597499 4.229980
v -0.089551 0.588313 4.283792
v 0.010620 0.805764 4.410785
v -0.008608 0.838426 4.383518
v -0.011211 0.802712 4.409934
v 0.020599 0.842944 4.377684
v -0.028644 0.261584 4.160510
v -0.054764 0.271530 4.172539
v -0.037858 0.315803 4.161446
v 0.042607 0.678763 4.593943
v -0.038587 0.552160 4.712191
v -0.012575 0.542617 4.731147
v -0.000623 0.288952 4.150205
v -0.068628 0.636721 4.204778
v -0.051789 0.639947 4.183228
v -0.071517 0.592327 4.191412
v -0.008608 0.838426 4.383518
v -0.051789 0.639947 4.183228
v -0.038443 0.591380 4.163682
v 0.034309 0.669100 4.672735
v 0.034309 0.669100 4.672735
v -0.058677 0.746069 4.220847
v 0.049062 0.770673 4.212131
v 0.032843 0.017682 4.374724
v 0.035862 0.064340 4.394554
v -0.049617 0.572466 4.487207
v 0.045395 0.013414 4.328520
v 0.014254 0.054756 4.417435
v 0.061547 0.780148 4.271504
v -0.047615 0.265165 4.658132
v 0.083881 0.548018 4.195044
v 0.097702 0.537294 4.229829
v 0.032843 0.017682 4.374724
v 0.066749 0.572252 4.438557
v 0.049201 0.749530 4.306008
v 0.019629 0.758412 4.369611
v 0.017193 0.743395 4.335333
v -0.076274 0.270099 4.196957
v -0.062197 0.216089 4.194155
v -0.074121 0.209108 4.219913
v -0.044656 0.719089 4.190717
v 0.059210 0.551548 4.442974
v 0.019629 0.758412 4.369611
v 0.049201 0.749530 4.306008
v 0.052293 0.775446 4.319088
v 0.061855 0.539585 4.171839
v 0.060504 0.761926 4.288897
v -0.090168 0.277194 4.228190
v -0.070916 0.176923 4.243800
v 0.066415 0.261254 4.382685
v 0.057077 0.242175 4.377272
v -0.091684 0.268115 4.261649
v -0.062197 0.216089 4.194155
v -0.045058 0.213120 4.178305
v -0.076274 0.270099 4.196957
v 0.045783 0.826674 4.267376
v 0.058185 0.802752 4.306259
v 0.048208 0.805027 4.358174
v 0.071551 0.285056 4.369781
v -0.042475 0.508047 4.670486
v 0.076015 0.249476 4.328677
v 0.054859 0.187753 4.307213
v 0.059623 0.217815 4.324621
v 0.029582 0.203971 4.342941
v 0.053128 0.829985 4.306190
v -0.015360 0.557011 4.617583
v 0.007906 0.559248 4.607867
v 0.059623 0.217815 4.324621
v 0.054859 0.187753 4.307213
v 0.074024 0.190861 4.278412
v 0.041538 0.353112 4.690467
v -0.041762 0.578740 4.640162
v 0.034576 0.293345 4.627956
v 0.032615 0.328506 4.628230
v 0.097847 0.260795 4.264841
v 0.088408 0.247551 4.294436
v 0.050733 0.338219 4.658722
v -0.057106 0.179212 4.291250
v 0.057077 0.242175 4.377272
v 0.085368 0.211684 4.249246
v -0.004562 0.180140 4.326856
v 0.000003 0.708820 4.315238
v 0.030842 0.708839 4.310419
v 0.017193 0.743395 4.335333
v -0.012161 0.731149 4.326473
v -0.040468 0.197105 4.320508
v -0.072979 0.200991 4.266811
v -0.091548 0.315342 4.263660
v 0.068850 0.701871 4.271626
v -0.040468 0.197105 4.320508
v 0.049501 0.697166 4.297373
v 0.044955 0.535944 4.446976
v 0.025913 0.524786 4.450371
v 0.032722 0.511002 4.388042
v -0.088386 0.325320 4.229251
v 0.049201 0.749530 4.306008
v 0.054758 0.530389 4.389476
v 0.066098 0.553218 4.392760
v 0.034996 0.773462 4.383490
v 0.028696 0.794838 4.404877
v 0.029543 0.763244 4.424368
v 0.012501 0.739121 4.414392
v 0.063519 0.522278 4.356539
v 0.078068 0.552621 4.347283
v 0.049501 0.697166 4.297373
v 0.044955 0.535944 4.446976
v 0.032722 0.511002 4.388042
v -0.035631 0.275794 4.629942
v -0.024438 0.296032 4.625655
v -0.019588 0.276401 4.600847
v -0.042379 0.252286 4.613264
v -0.029081 0.267644 4.567610
v 0.004030 0.778811 4.440165
v 0.006269 0.751643 4.439313
v -0.029081 0.267644 4.567610
v 0.068718 0.584852 4.387547
v 0.028772 0.182770 4.323007
v -0.019588 0.276401 4.600847
v -0.003464 0.287574 4.602657
v 0.004441 0.278443 4.570816
v 0.048124 0.252381 4.570302
v 0.020629 0.280931 4.603446
v -0.013641 0.206225 4.352351
v -0.042379 0.252286 4.613264
v 0.022731 0.274822 4.569780
v -0.085508 0.255956 4.287960
v -0.070348 0.230402 4.306554
v -0.003464 0.287574 4.602657
v 0.020629 0.280931 4.603446
v -0.035631 0.275794 4.629942
v -0.043884 0.215742 4.335980
v -0.043884 0.215742 4.335980
v 0.049062 0.770673 4.212131
v 0.017073 0.780498 4.199327
v 0.010620 0.805764 4.410785
v -0.043884 0.215742 4.335980
v -0.011026 0.777958 4.197413
v -0.025852 0.326046 4.630142
v -0.044048 0.331887 4.662410
v 0.042243 0.824397 4.366216
v 0.035063 0.847984 4.290305
v 0.030908 0.849750 4.344106
v 0.045783 0.826674 4.267376
v 0.019274 0.831599 4.247343
v 0.014694 0.852990 4.274226
v 0.014694 0.852990 4.274226
v -0.067866 0.709432 4.246440
v 0.054934 0.614370 4.378029
v 0.074651 0.217268 4.201570
v 0.050048 0.133855 4.189737
v 0.055473 0.212982 4.179792
v -0.044656 0.719089 4.190717
v 0.050048 0.133855 4.189737
v 0.022073 0.161826 4.168077
v 0.055473 0.212982 4.179792
v 0.083404 0.214483 4.224769
v -0.072899 0.650905 4.267089
v 0.021724 0.651605 4.341035
v 0.025780 0.680622 4.317854
v -0.001594 0.676234 4.322806
v 0.050440 0.330277 4.379720
v 0.022727 0.348259 4.378691
v 0.073727 0.594328 4.345730
v 0.092800 0.255414 4.224364
v 0.064813 0.309635 4.376716
v -0.036409 0.174698 4.590256
v 0.054007 0.630514 4.342395
v 0.051983 0.654772 4.315237
v 0.071906 0.647783 4.290824
v 0.050440 0.330277 4.379720
v -0.027549 0.394448 4.164575
v 0.004524 0.457720 4.159163
v 0.001152 0.394593 4.159595
v -0.018002 0.458457 4.162424
v 0.051983 0.654772 4.315237
v 0.001440 0.005899 4.380059
v 0.016576 -0.004395 4.346792
v -0.004091 0.649500 4.346431
v -0.067309 0.629423 4.305057
v -0.033148 0.630404 4.365202
v -0.034130 0.648023 4.334311
v -0.061220 0.666988 4.288327
v -0.031592 0.665122 4.320933
v 0.024959 0.210124 4.164642
v 0.057627 0.267489 4.169630
v -0.063776 0.601687 4.347423
v -0.067309 0.629423 4.305057
v -0.061220 0.666988 4.288327
v 0.082413 0.264726 4.196671
v 0.057627 0.267489 4.169630
v -0.008677 0.322568 4.622589
v 0.011235 0.319737 4.621087
v -0.008608 0.838426 4.383518
v 0.020599 0.842944 4.377684
v -0.008557 0.077050 4.437200
v -0.017953 0.092966 4.431160
v -0.015118 0.106398 4.414805
v -0.021893 0.085727 4.380640
v -0.021893 0.085727 4.380640
v -0.008771 0.098739 4.380579
v -0.015118 0.106398 4.414805
v 0.013056 0.098362 4.375851
v 0.011235 0.319737 4.621087
v 0.020629 0.280931 4.603446
v -0.003464 0.287574 4.602657
v -0.008677 0.322568 4.622589
v -0.008557 0.077050 4.437200
v 0.011903 0.104555 4.433733
v -0.017953 0.092966 4.431160
v -0.028190 0.703225 4.307062
v 0.038916 0.590742 4.577886
v 0.036822 0.644912 4.700492
v 0.011533 0.672112 4.689888
v 0.041538 0.353112 4.690467
v 0.018798 0.360042 4.704933
v 0.042105 0.306266 4.717309
v -0.048541 0.702056 4.289472
v -0.061087 0.708861 4.269453
v -0.048541 0.702056 4.289472
v 0.073545 0.332815 4.331650
v 0.012501 0.739121 4.414392
v -0.001219 0.752785 4.373465
v -0.008980 0.474443 4.345030
v 0.005688 0.503109 4.384080
v 0.094420 0.284117 4.299744
v -0.070140 0.522634 4.328533
v 0.036822 0.644912 4.700492
v 0.011533 0.672112 4.689888
v 0.047793 0.367454 4.625905
v 0.051870 0.378042 4.652857
v 0.090407 0.324055 4.300285
v 0.053419 0.363673 4.335205
v -0.076609 0.463813 4.269385
v -0.057221 0.461197 4.304525
v -0.021963 0.456523 4.330313
v 0.033134 0.457621 4.331874
v -0.057221 0.461197 4.304525
v -0.035339 0.428071 4.318209
v -0.021963 0.456523 4.330313
v 0.033134 0.457621 4.331874
v 0.000305 0.431688 4.328988
v -0.033056 0.450148 4.668324
v -0.038857 0.753397 4.315735
v -0.093492 0.543963 4.254959
v -0.079066 0.456948 4.241128
v -0.033056 0.450148 4.668324
v 0.082635 0.388736 4.273608
v -0.057221 0.461197 4.304525
v 0.028808 0.394968 4.162522
v 0.030955 0.291434 4.154821
v -0.087590 0.538255 4.292508
v -0.038857 0.753397 4.315735
v 0.098253 0.317890 4.271154
v -0.049034 0.777126 4.309362
v 0.055795 0.325621 4.169362
v -0.075241 0.393278 4.266939
v -0.016280 0.751808 4.347410
v -0.012161 0.731149 4.326473
v -0.063906 0.401842 4.290841
v -0.063906 0.401842 4.290841
v 0.052489 0.205654 4.670495
v 0.037300 0.185718 4.674337
v 0.019559 0.173329 4.668533
v -0.060918 0.457320 4.189711
v -0.054840 0.396128 4.183580
v -0.072398 0.399389 4.209367
v -0.075041 0.449440 4.217825
v -0.035958 0.772797 4.344741
v -0.049034 0.777126 4.309362
v -0.038857 0.753397 4.315735
v 0.012750 0.530909 4.726820
v 0.027873 0.529292 4.719494
v -0.033470 0.772610 4.206142
v 0.027502 -0.002959 4.308502
v -0.002040 -0.009208 4.303874
v 0.001297 0.638214 4.378877
v -0.021523 0.633375 4.383313
v 0.001297 0.638214 4.378877
v 0.035063 0.847984 4.290305
v 0.030908 0.849750 4.344106
v -0.058677 0.746069 4.220847
v -0.045427 0.786466 4.233930
v -0.033470 0.772610 4.206142
v -0.044656 0.719089 4.190717
v -0.004091 0.649500 4.346431
v -0.054840 0.396128 4.183580
v -0.037414 0.457649 4.170203
v -0.052808 0.621065 4.472127
v -0.011026 0.777958 4.197413
v -0.004432 0.834963 4.247612
v 0.054007 0.630514 4.342395
v 0.004551 0.451898 4.687706
v 0.029081 0.260153 4.724866
v 0.037558 0.216438 4.705678
v -0.033148 0.630404 4.365202
v -0.025852 0.326046 4.630142
v -0.029135 0.406701 4.590491
v -0.025852 0.326046 4.630142
v -0.029135 0.406701 4.590491
v 0.011628 0.191028 4.702954
v -0.020998 0.376082 4.342294
v -0.041413 0.395038 4.318729
v -0.049733 0.366181 4.328559
v 0.013160 0.399605 4.579704
v 0.057077 0.242175 4.377272
v 0.036811 0.223010 4.379617
v -0.041413 0.395038 4.318729
v -0.006546 0.395552 4.333265
v -0.063906 0.401842 4.290841
v 0.029582 0.203971 4.342941
v -0.006546 0.395552 4.333265
v -0.073403 0.362288 4.297079
v -0.049733 0.366181 4.328559
v 0.037971 0.442554 4.592357
v 0.030441 0.631997 4.379045
v -0.015238 0.745595 4.415656
v -0.025100 0.767825 4.381431
v 0.023369 0.438309 4.577359
v -0.025100 0.767825 4.381431
v -0.015238 0.745595 4.415656
v -0.020380 0.770279 4.425793
v 0.015866 0.053012 4.214353
v 0.048783 0.079504 4.213590
v 0.014331 0.375411 4.347299
v 0.006269 0.751643 4.439313
v -0.020380 0.770279 4.425793
v 0.021724 0.651605 4.341035
v 0.006269 0.751643 4.439313
v 0.004030 0.778811 4.440165
v 0.054934 0.614370 4.378029
v 0.030441 0.631997 4.379045
v 0.054007 0.630514 4.342395
v -0.088703 0.305101 4.294683
v 0.023369 0.438309 4.577359
v 0.010833 0.111201 4.408981
v 0.053419 0.363673 4.335205
v -0.078954 0.399308 4.240380
v 0.011903 0.104555 4.433733
v -0.017953 0.092966 4.431160
v 0.087108 0.392303 4.236659
v 0.098787 0.302449 4.229283
v -0.073403 0.362288 4.297079
v 0.080973 0.312461 4.191078
v 0.077766 0.395349 4.203862
v 0.056727 0.398622 4.179103
v 0.086234 0.452036 4.235758
v 0.004030 0.778811 4.440165
v 0.056727 0.398622 4.179103
v 0.080973 0.312461 4.191078
v 0.082032 0.457410 4.269597
v 0.067334 0.492044 4.320742
v -0.039819 0.636820 4.464345
v -0.012570 0.066995 4.203627
v 0.012346 0.002607 4.263989
v -0.005800 0.011449 4.253636
v -0.053100 0.546143 4.169909
v -0.075488 0.539192 4.194930
v -0.071517 0.592327 4.191412
v 0.089558 0.524513 4.300804
v 0.094762 0.563074 4.298731
v 0.098054 0.532111 4.269696
v -0.088137 0.545184 4.220414
v 0.020599 0.842944 4.377684
v 0.010833 0.111201 4.408981
v 0.029939 0.092800 4.420760
v 0.026754 0.089092 4.381426
v 0.041352 0.089477 4.327182
v 0.026754 0.089092 4.381426
v 0.029939 0.092800 4.420760
v -0.075488 0.539192 4.194930
v -0.077875 0.319481 4.200095
v 0.019274 0.831599 4.247343
v 0.013164 0.307476 4.732178
v -0.062837 0.322222 4.181084
v -0.062837 0.322222 4.181084
v -0.002019 0.215130 4.161980
v 0.013160 0.399605 4.579704
v 0.031015 0.404934 4.587143
v 0.035260 0.398441 4.326803
v 0.039512 0.434119 4.320841
v 0.014826 0.070167 4.434770
v -0.060918 0.457320 4.189711
v 0.035260 0.398441 4.326803
v 0.065275 0.394491 4.299821
v 0.039512 0.434119 4.320841
v 0.035260 0.398441 4.326803
v 0.011903 0.104555 4.433733
v -0.019341 0.558697 4.153243
v 0.029081 0.260153 4.724866
v -0.001111 0.253805 4.731150
v 0.033982 0.487206 4.349757
v 0.033134 0.457621 4.331874
v 0.067451 0.456159 4.298262
v 0.033982 0.487206 4.349757
v 0.076646 0.453329 4.203573
v 0.056466 0.458910 4.177084
v 0.056466 0.458910 4.177084
v 0.027417 0.456504 4.163002
vn -0.6107 0.7567 0.2335
vn -0.2449 0.8898 0.3851
vn -0.4204 0.7700 0.4799
vn -0.9832 -0.1827 -0.0008
vn -0.9792 -0.0808 0.1860
vn -0.9048 -0.3913 0.1681
vn -0.7096 0.6094 0.3536
vn -0.7841 0.4925 0.3777
vn -0.6066 0.7493 0.2658
vn -0.3960 0.8667 0.3034
vn -0.9481 0.2732 0.1630
vn -0.9703 0.1900 0.1501
vn -0.9111 0.3776 0.1651
vn -0.9375 0.1608 0.3087
vn 0.9998 -0.0129 -0.0171
vn 0.8612 0.5040 0.0658
vn 0.8621 0.4515 -0.2300
vn -0.2082 0.8980 0.3875
vn -0.4350 0.8185 0.3752
vn -0.0114 0.9912 0.1319
vn 0.9181 -0.3962 0.0129
vn 0.9878 0.1266 0.0905
vn -0.8615 0.4583 0.2188
vn -0.4661 0.8118 0.3517
vn -0.6544 0.6826 0.3254
vn -0.3604 0.1455 -0.9214
vn -0.3841 0.2468 -0.8897
vn 0.0038 0.2487 -0.9686
vn -0.0395 0.1333 -0.9903
vn -0.7944 0.5539 0.2493
vn -0.8659 0.4335 0.2494
vn -0.9899 -0.1255 0.0664
vn -0.9236 0.1000 0.3702
vn -0.9198 -0.0846 0.3831
vn -0.3049 0.9434 -0.1306
vn 0.0944 0.9679 -0.2328
vn 0.0705 0.9597 -0.2719
vn -0.5440 0.4908 0.6806
vn -0.5026 0.7025 0.5038
vn -0.3153 0.8204 0.4770
vn -0.3231 0.2309 0.9178
vn -0.2785 -0.1459 0.9493
vn -0.3923 -0.1195 0.9120
vn -0.8885 0.4451 -0.1117
vn -0.6820 0.7303 -0.0391
vn -0.6794 0.7069 -0.1966
vn 0.3045 -0.9452 0.1176
vn 0.4483 -0.8764 -0.1759
vn 0.5544 -0.8322 -0.0061
vn 0.7364 -0.5713 0.3624
vn 0.8376 -0.5462 0.0089
vn 0.0162 -0.9959 -0.0888
vn -0.9169 0.2487 0.3123
vn -0.8102 0.2034 0.5498
vn -0.2461 0.5284 0.8125
vn -0.8087 0.4416 0.3886
vn 0.8693 0.4834 -0.1033
vn 0.7073 0.6827 -0.1834
vn 0.7049 0.6745 -0.2194
vn -0.7916 -0.1287 0.5973
vn -0.0602 0.9965 0.0575
vn -0.4606 0.4030 0.7908
vn -0.5888 0.1363 0.7967
vn -0.4102 0.1077 0.9056
vn -0.9918 0.0053 0.1280
vn -0.9572 -0.0002 -0.2895
vn -0.9982 0.0184 -0.0563
vn -0.9347 -0.0132 0.3553
vn 0.2582 0.9149 -0.3103
vn 0.3795 0.8851 -0.2692
vn -0.7588 0.2932 0.5816
vn -0.8990 0.2133 0.3824
vn -0.9219 0.1016 0.3738
vn 0.0720 0.9401 0.3332
vn 0.8206 0.5532 -0.1432
vn 0.9962 0.0869 0.0099
vn -0.9840 0.0911 0.1531
vn 0.9956 0.0809 0.0479
vn -0.1827 -0.0964 0.9784
vn 0.0533 0.3244 0.9444
vn 0.3800 0.2053 0.9019
vn -0.4849 -0.2389 0.8413
vn -0.5607 -0.0077 0.8280
vn -0.5834 0.0105 0.8121
vn -0.9596 -0.2810 0.0156
vn -0.9987 0.0003 0.0517
vn -0.9760 -0.2069 -0.0675
vn -0.9848 0.1649 0.0542
vn -0.9662 -0.2433 0.0859
vn 0.9779 -0.2069 -0.0285
vn 0.9935 0.0721 0.0883
vn 0.9936 0.0651 0.0921
vn -0.9047 0.1225 0.4080
vn -0.8881 -0.2189 -0.4042
vn -0.0086 0.4329 0.9014
vn 0.2800 0.2604 0.9240
vn -0.4146 0.4099 0.8125
vn -0.4186 0.4107 0.8100
vn -0.9765 0.2153 -0.0081
vn 0.8425 0.1778 -0.5086
vn 0.9215 0.1321 -0.3653
vn 0.7828 0.1225 -0.6101
vn -0.9769 -0.1600 0.1419
vn -0.9435 -0.1234 0.3076
vn -0.3703 0.7930 0.4838
vn -0.1817 0.9345 0.3062
vn -0.5092 0.8442 0.1672
vn -0.6261 0.7380 0.2517
vn -0.6151 -0.7784 -0.1255
vn -0.7925 -0.5867 0.1665
vn -0.8774 -0.4496 -0.1676
vn -0.4960 -0.7497 -0.4381
vn 0.9690 0.1894 -0.1587
vn 0.9936 0.1132 0.0007
vn -0.0464 0.8806 0.4715
vn 0.7536 0.1561 -0.6385
vn -0.4364 -0.3221 0.8401
vn -0.6246 -0.4825 0.6141
vn -0.3947 -0.5132 0.7621
vn -0.3990 0.8872 -0.2319
vn -0.1837 0.7014 0.6887
vn 0.9453 0.2548 0.2037
vn 0.0709 -0.4152 0.9070
vn -0.1704 -0.1744 0.9698
vn 0.9547 0.2360 0.1812
vn 0.4799 0.1419 -0.8657
vn 0.5176 0.1133 -0.8481
vn 0.3860 0.0866 -0.9184
vn 0.3013 0.1402 -0.9432
vn 0.4687 -0.6212 -0.6280
vn 0.6423 -0.6732 -0.3664
vn 0.3929 -0.8164 -0.4233
vn -0.8806 -0.3872 0.2731
vn -0.9796 -0.0587 0.1923
vn -0.9948 0.0909 -0.0453
vn -0.2823 -0.9534 -0.1062
vn -0.8895 -0.0899 0.4480
vn 0.0623 -0.5622 0.8246
vn 0.8569 0.4632 0.2264
vn 0.8238 0.1883 -0.5347
vn -0.2731 -0.7834 -0.5583
vn -0.1875 -0.9102 -0.3694
vn -0.6101 -0.6614 0.4363
vn -0.7343 -0.6308 0.2507
vn -0.3865 -0.9006 0.1990
vn 0.7592 -0.4493 -0.4710
vn -0.1892 0.7643 -0.6165
vn -0.3354 0.9071 -0.2544
vn 0.0743 0.9311 -0.3572
vn -0.1240 0.9679 0.2187
vn 0.2178 0.9757 -0.0239
vn -0.7621 -0.4922 0.4207
vn 0.4718 -0.0282 -0.8813
vn -0.5213 0.8533 0.0122
vn -0.4360 0.8455 0.3083
vn 0.9710 -0.2369 -0.0324
vn -0.0016 -0.6916 0.7222
vn -0.1680 -0.6368 0.7525
vn -0.0223 -0.6483 0.7611
vn -0.1703 -0.9349 0.3115
vn 0.0459 -0.8607 0.5071
vn -0.2097 -0.8477 0.4873
vn -0.9793 0.1728 0.1056
vn -0.8563 0.3360 0.3923
vn -0.9045 0.4176 0.0872
vn 0.3106 -0.0678 -0.9481
vn 0.0911 0.0414 -0.9950
vn -0.0620 -0.9758 0.2096
vn 0.4080 0.2523 -0.8774
vn -0.4227 -0.8602 0.2853
vn -0.4081 -0.9110 -0.0586
vn -0.3288 -0.8739 0.3581
vn -0.9659 0.2402 0.0970
vn 0.7849 -0.0874 0.6135
vn 0.9725 -0.1193 0.1998
vn 0.9858 -0.1036 0.1323
vn 0.1330 -0.3562 0.9249
vn -0.9282 0.3557 -0.1093
vn -0.9800 0.1952 -0.0392
vn -0.7692 -0.3409 0.5405
vn -0.9442 0.3179 -0.0863
vn -0.4205 -0.5921 0.6875
vn 0.3721 0.8993 0.2298
vn 0.3709 0.8483 0.3780
vn -0.6252 -0.7482 -0.2220
vn -0.5143 -0.8236 -0.2391
vn -0.4515 -0.8484 -0.2763
vn -0.9353 0.0096 0.3537
vn -0.8900 -0.4412 -0.1151
vn -0.8683 -0.4960 0.0029
vn -0.9014 0.3524 -0.2514
vn 0.0692 -0.2784 0.9580
vn 0.4563 -0.1702 0.8734
vn 0.3297 -0.4420 0.8342
vn -0.6984 0.6375 -0.3252
vn -0.5306 0.6787 -0.5079
vn -0.4592 0.4219 0.7818
vn -0.6733 0.2202 0.7058
vn -0.4416 0.2324 0.8666
vn -0.8838 -0.4558 -0.1057
vn -0.8003 -0.5780 -0.1597
vn 0.9732 0.1119 -0.2010
vn 0.9795 0.0022 -0.2012
vn 0.1377 0.1917 0.9717
vn 0.0943 0.4667 0.8794
vn -0.9284 0.2340 0.2887
vn -0.8753 0.1475 0.4605
vn -0.7927 0.3754 0.4802
vn -0.1786 -0.9535 -0.2430
vn -0.8856 0.4019 0.2325
vn 0.6704 -0.3161 0.6713
vn 0.9084 -0.0500 0.4152
vn 0.9977 0.0442 0.0520
vn 0.9131 0.1494 0.3794
vn -0.7902 -0.6081 0.0763
vn 0.5692 -0.0155 0.8220
vn 0.6622 -0.2651 0.7008
vn 0.9606 -0.1935 -0.1994
vn 0.3516 -0.4444 0.8239
vn 0.7946 0.0848 -0.6012
vn -0.5218 -0.8491 0.0823
vn 0.7443 0.6239 0.2382
vn 0.7217 0.6213 0.3051
vn -0.9140 0.3964 0.0863
vn 0.3125 0.8878 0.3377
vn 0.9017 0.2058 -0.3803
vn 0.9872 0.1591 0.0045
vn -0.9990 -0.0268 0.0360
vn 0.7825 -0.4137 -0.4653
vn 0.5874 0.2327 -0.7751
vn 0.8774 -0.4680 -0.1054
vn 0.9515 0.2551 -0.1717
vn 0.7876 0.1583 0.5955
vn 0.4097 0.3123 0.8571
vn 0.0960 -0.0105 0.9953
vn 0.6091 -0.7602 -0.2259
vn 0.7770 -0.6047 -0.1751
vn 0.6365 -0.7319 -0.2434
vn 0.8148 0.3809 0.4370
vn 0.9377 0.1587 0.3092
vn 0.8323 0.1439 0.5354
vn 0.9948 -0.0030 0.1013
vn 0.3944 -0.8764 -0.2763
vn 1.0000 0.0008 0.0017
vn 0.2069 -0.9428 -0.2612
vn 0.1416 -0.9893 0.0343
vn 0.7317 0.0829 0.6766
vn 0.9112 -0.0409 -0.4100
vn -0.9883 0.1122 0.1038
vn -0.9978 0.0158 0.0642
vn -0.3152 -0.9002 -0.3006
vn -0.7168 -0.6969 -0.0210
vn -0.6483 -0.7487 0.1384
vn 0.2586 -0.9413 0.2168
vn -0.1697 -0.8368 -0.5206
vn -0.9644 -0.2280 0.1340
vn -0.9833 -0.1387 0.1176
vn 0.6141 -0.5152 -0.5979
vn 0.6298 -0.7623 -0.1493
vn 0.7838 -0.6208 -0.0163
vn -0.1481 -0.8256 -0.5445
vn -0.0993 -0.9760 0.1937
vn -0.5310 -0.7695 0.3548
vn 0.9845 -0.1502 0.0903
vn 0.9845 -0.1755 -0.0081
vn -0.8544 -0.4754 -0.2096
vn -0.7886 -0.5807 0.2021
vn -0.7439 -0.5974 0.2996
vn 0.2388 0.8061 0.5414
vn -0.0901 0.4996 0.8615
vn -0.7221 -0.5752 -0.3842
vn -0.9380 -0.2583 -0.2312
vn -0.6824 -0.5786 -0.4467
vn 0.5550 0.3879 0.7359
vn 0.6228 0.2889 0.7271
vn 0.5374 0.4062 0.7391
vn -0.7208 0.6931 -0.0017
vn -0.7843 0.6053 0.1359
vn -0.8581 0.5100 0.0588
vn 0.4042 0.2812 0.8704
vn 0.4909 -0.1700 0.8545
vn 0.2982 -0.2275 0.9270
vn 0.9856 -0.0368 0.1652
vn 0.8950 -0.2553 -0.3659
vn 0.9133 -0.4029 -0.0589
vn 0.8937 -0.0903 0.4394
vn 0.7848 -0.0677 0.6161
vn 0.9495 -0.3102 -0.0470
vn 0.9213 -0.3640 0.1371
vn -0.9611 -0.0139 0.2760
vn -0.9447 0.2045 0.2566
vn 0.6489 0.7353 -0.1958
vn 0.7986 0.6008 -0.0368
vn -0.9827 -0.1446 0.1158
vn 0.9466 -0.1037 0.3053
vn -0.9911 -0.0802 0.1062
vn 0.5797 0.1218 -0.8057
vn 0.2765 0.9597 -0.0494
vn 0.9342 0.3567 -0.0048
vn -0.4359 0.1774 -0.8823
vn -0.1402 0.3149 -0.9387
vn -0.4879 0.2509 -0.8360
vn -0.6402 -0.5536 0.5326
vn -0.6930 -0.6738 0.2564
vn -0.8042 -0.5308 0.2674
vn -0.6882 0.0915 -0.7198
vn -0.8878 0.1015 -0.4490
vn -0.9573 0.1455 -0.2498
vn -0.9717 0.0348 -0.2337
vn 0.9701 0.1021 0.2201
vn 0.8967 0.0675 0.4374
vn 0.8701 -0.1400 0.4727
vn -0.3235 -0.9462 0.0021
vn 0.9765 0.1318 -0.1705
vn 0.9843 -0.0972 0.1475
vn -0.5649 -0.7761 0.2802
vn -0.3751 -0.8328 0.4072
vn -0.1377 0.1693 -0.9759
vn -0.7524 -0.6104 0.2475
vn -0.9535 -0.2269 0.1985
vn -0.9121 -0.2114 0.3512
vn -0.4755 -0.4078 -0.7795
vn -0.5235 -0.2233 -0.8222
vn -0.2601 -0.2959 -0.9191
vn -0.8111 -0.1918 -0.5525
vn -0.7227 -0.4675 -0.5091
vn -0.9151 -0.2322 -0.3296
vn 0.7369 -0.1163 0.6659
vn -0.1505 -0.5304 -0.8343
vn -0.1044 -0.9374 0.3323
vn -0.2551 -0.1653 -0.9527
vn -0.9693 -0.1084 0.2205
vn -0.9400 -0.0712 0.3338
vn 0.2513 -0.3959 -0.8833
vn -0.2644 -0.9196 0.2904
vn 0.8939 0.3876 0.2254
vn 0.7294 -0.3876 0.5637
vn -0.9131 0.1206 0.3895
vn -0.6997 0.4232 0.5757
vn 0.3139 0.9337 0.1722
vn -0.9732 0.1850 -0.1367
vn -0.9677 0.1487 -0.2038
vn -0.9710 0.1628 0.1749
vn -0.0896 0.6750 0.7324
vn 0.0064 0.6431 0.7658
vn -0.1222 0.6693 0.7329
vn 0.0487 0.6568 0.7525
vn -0.3462 -0.1172 -0.9308
vn -0.6127 -0.0846 -0.7858
vn -0.4377 0.0437 -0.8980
vn 0.4913 0.8627 0.1199
vn -0.6282 -0.1259 0.7678
vn -0.3164 -0.2005 0.9272
vn -0.0625 -0.0332 -0.9975
vn -0.8686 0.1776 -0.4627
vn -0.7889 0.1666 -0.5915
vn -0.8932 0.1353 -0.4288
vn -0.5744 0.5134 0.6376
vn -0.5464 0.1478 -0.8243
vn -0.4678 0.1225 -0.8753
vn 0.6996 0.6176 0.3593
vn 0.3635 0.8998 0.2414
vn -0.9492 0.2054 -0.2385
vn 0.8595 0.3327 -0.3881
vn 0.7328 -0.5488 0.4023
vn 0.9326 -0.0217 0.3602
vn -0.7730 -0.5624 0.2935
vn 0.8127 -0.5664 0.1364
vn 0.7346 -0.4552 0.5031
vn 0.9812 0.1931 0.0014
vn -0.9810 0.1214 -0.1511
vn 0.8398 -0.0207 -0.5425
vn 0.9771 -0.0594 -0.2041
vn 0.3528 -0.6251 0.6962
vn 0.9828 -0.1560 0.0993
vn 0.4594 -0.8251 0.3288
vn 0.3074 -0.9455 0.1078
vn 0.2607 -0.8786 0.4000
vn -0.8996 -0.0939 -0.4266
vn -0.8695 -0.1716 -0.4632
vn -0.9386 -0.1775 -0.2959
vn -0.5422 0.2273 -0.8089
vn 0.8553 -0.4795 0.1962
vn 0.7318 -0.6790 0.0596
vn 0.8605 -0.1942 0.4709
vn 0.9215 -0.2340 0.3098
vn 0.7329 -0.0462 -0.6788
vn 0.9575 -0.0242 0.2875
vn -0.9715 -0.0717 -0.2260
vn -0.9863 -0.1620 0.0295
vn 0.9531 -0.2938 0.0732
vn 0.8778 -0.4623 0.1256
vn -0.9914 -0.1254 0.0384
vn -0.6947 -0.1505 -0.7034
vn -0.6062 -0.1374 -0.7834
vn -0.7446 -0.0908 -0.6613
vn 0.8477 0.4657 -0.2539
vn 0.9898 0.0772 0.1199
vn 0.9617 0.0185 0.2736
vn 0.9799 0.0315 0.1970
vn -0.9926 -0.0784 0.0924
vn 0.8785 -0.3492 0.3261
vn 0.5533 -0.4271 0.7151
vn 0.5985 -0.6071 0.5227
vn 0.4071 -0.6721 0.6185
vn 0.8912 0.4535 0.0086
vn -0.5105 -0.1895 -0.8388
vn -0.3332 -0.3454 -0.8773
vn 0.7858 -0.4497 0.4245
vn 0.8008 -0.3344 0.4968
vn 0.8935 -0.2609 0.3655
vn 0.9505 0.1506 0.2719
vn -0.6981 -0.1138 -0.7068
vn 0.7560 0.2929 -0.5853
vn 0.6748 -0.1982 -0.7108
vn 0.9855 -0.1592 0.0579
vn 0.9281 -0.2631 0.2636
vn 0.9942 0.0011 -0.1071
vn -0.8128 -0.2681 0.5172
vn 0.5650 -0.7380 0.3688
vn 0.9752 -0.2189 0.0341
vn -0.1213 -0.5315 0.8383
vn -0.0487 -0.1883 0.9809
vn 0.4429 -0.1080 0.8900
vn 0.3347 -0.4212 0.8430
vn -0.2903 -0.4164 0.8616
vn -0.4313 -0.5648 0.7035
vn -0.9380 -0.2545 0.2354
vn -0.9947 0.0936 0.0432
vn 0.9138 0.1142 0.3897
vn -0.7339 -0.3944 0.5530
vn 0.7812 0.1297 0.6107
vn 0.5201 -0.7991 0.3017
vn 0.3378 -0.8855 0.3190
vn 0.2446 -0.9018 0.3564
vn -0.9746 0.0895 -0.2051
vn 0.6297 -0.2028 0.7499
vn 0.7535 -0.6002 0.2683
vn 0.9479 -0.2693 0.1702
vn 0.9124 -0.3805 0.1509
vn 0.7937 0.3154 0.5201
vn 0.8656 -0.1690 0.4714
vn 0.7567 -0.6342 0.1586
vn 0.7965 -0.4783 0.3698
vn 0.9467 -0.1198 0.2990
vn 0.5360 0.1037 0.8378
vn 0.7331 -0.6389 0.2331
vn 0.6051 -0.7139 0.3524
vn -0.7779 0.3895 -0.4931
vn -0.7002 0.3017 -0.6471
vn -0.6074 0.6317 -0.4816
vn -0.7591 0.5073 -0.4080
vn -0.4707 0.8642 0.1776
vn 0.5986 0.2874 0.7478
vn 0.6184 -0.3105 0.7220
vn -0.8450 0.5100 0.1610
vn 0.9781 0.1858 0.0943
vn 0.3469 -0.5156 0.7834
vn -0.5722 0.8185 -0.0522
vn -0.5208 0.6587 -0.5431
vn -0.5062 0.7875 -0.3515
vn 0.6065 0.6953 0.3855
vn 0.6748 0.6235 -0.3948
vn -0.2324 -0.7024 0.6728
vn -0.7206 0.6930 0.0232
vn 0.6506 0.7515 -0.1091
vn -0.9507 -0.2116 0.2267
vn -0.8538 -0.3756 0.3605
vn 0.2389 0.9543 -0.1798
vn 0.2673 0.9509 -0.1559
vn -0.9193 0.2653 -0.2907
vn -0.4474 -0.8241 0.3475
vn -0.5185 -0.6004 0.6088
vn 0.4818 0.4864 -0.7288
vn 0.2289 0.5413 -0.8091
vn 0.5327 0.5203 0.6675
vn -0.7250 -0.5877 0.3592
vn -0.1345 0.4888 -0.8620
vn -0.7065 0.0720 -0.7040
vn -0.8201 0.1241 -0.5586
vn 0.8455 0.3806 0.3745
vn 0.6726 0.7026 -0.2322
vn 0.7707 0.6015 0.2101
vn 0.5301 0.6531 -0.5408
vn 0.3797 0.6778 -0.6296
vn 0.5001 0.7171 -0.4854
vn 0.5237 0.7321 -0.4356
vn -0.9882 0.1409 0.0601
vn 0.8144 0.5609 0.1485
vn 0.8441 -0.1735 -0.5073
vn 0.8025 -0.1856 -0.5670
vn 0.7494 -0.1526 -0.6443
vn -0.8302 0.1500 -0.5369
vn 0.4921 -0.2386 -0.8372
vn 0.2387 -0.1607 -0.9577
vn 0.4632 -0.1473 -0.8739
vn 0.9538 -0.1878 -0.2347
vn -0.9512 0.2289 0.2072
vn 0.2432 0.7075 0.6636
vn 0.3279 0.3772 0.8661
vn -0.0834 0.4700 0.8787
vn 0.4966 0.7864 0.3674
vn 0.2960 0.8407 0.4535
vn 0.9154 0.2978 0.2708
vn 0.9552 -0.1604 -0.2486
vn 0.9007 0.3651 0.2353
vn -0.5979 -0.8016 -0.0055
vn 0.7636 0.5403 0.3536
vn 0.7512 0.4270 0.5033
vn 0.8506 0.3236 0.4145
vn 0.7961 0.5220 0.3062
vn -0.3737 0.0476 -0.9263
vn 0.0061 -0.0459 -0.9989
vn -0.0352 0.0425 -0.9985
vn -0.2542 -0.0448 -0.9661
vn 0.4786 0.5305 0.6997
vn 0.3804 -0.8204 0.4269
vn 0.4872 -0.8434 0.2264
vn -0.1056 0.8038 0.5855
vn -0.7265 0.4725 0.4989
vn -0.5594 0.6988 0.4458
vn -0.5190 0.6466 0.5591
vn -0.7068 0.3302 0.6256
vn -0.4706 0.4959 0.7298
vn 0.2683 -0.1204 -0.9558
vn 0.4690 -0.0845 -0.8791
vn -0.7390 0.5337 0.4111
vn -0.8988 0.3184 0.3013
vn -0.8982 0.2249 0.3776
vn 0.8363 -0.1116 -0.5368
vn 0.7267 -0.1131 -0.6776
vn -0.5016 0.2007 -0.8415
vn 0.4823 -0.0682 -0.8734
vn -0.2068 0.8780 0.4317
vn 0.0823 0.9180 0.3880
vn -0.8141 -0.3380 0.4723
vn -0.9589 -0.0249 0.2826
vn -0.9616 0.2711 0.0421
vn -0.9064 0.3957 0.1478
vn -0.6653 0.7456 -0.0366
vn -0.4043 0.9054 -0.1297
vn -0.3256 0.9361 0.1332
vn 0.3098 0.9502 -0.0330
vn -0.0282 0.0768 -0.9966
vn 0.1501 0.4390 -0.8859
vn 0.1121 0.4550 -0.8834
vn -0.2260 -0.2040 -0.9525
vn -0.0742 -0.1799 0.9809
vn 0.2791 0.1170 0.9531
vn -0.1805 0.2540 0.9502
vn -0.5110 0.0412 0.8586
vn 0.4922 -0.7946 0.3553
vn 0.7516 0.4493 0.4830
vn 0.4985 0.6754 0.5434
vn 0.5803 0.3705 0.7253
vn 0.3411 0.4149 0.8435
vn 0.4765 0.2348 0.8472
vn -0.8330 0.0762 0.5480
vn -0.9180 0.0727 0.3899
vn -0.6670 0.0906 0.7396
vn 0.8277 0.3590 0.4312
vn -0.1605 -0.9870 0.0091
vn -0.1703 -0.9851 -0.0233
vn -0.1408 -0.6599 0.7381
vn 0.0240 -0.9033 0.4284
vn 0.9683 -0.0511 0.2443
vn -0.7494 -0.4601 0.4762
vn 0.3951 0.4956 0.7735
vn 0.3600 0.6100 0.7059
vn 0.8990 -0.2047 -0.3872
vn 0.9905 0.0560 0.1255
vn 0.9341 0.1853 0.3052
vn 0.7160 0.4396 0.5422
vn -0.9510 -0.1453 0.2730
vn -0.8661 -0.2055 0.4556
vn -0.3220 -0.5473 0.7725
vn 0.0386 -0.5538 0.8318
vn -0.6168 -0.0841 0.7826
vn -0.5187 -0.0226 0.8547
vn -0.3228 -0.1513 0.9343
vn 0.1286 -0.2691 0.9545
vn -0.0396 -0.0342 0.9986
vn -0.9220 -0.1404 0.3609
vn -0.5566 -0.2927 0.7775
vn -0.9986 -0.0527 -0.0065
vn -0.9960 -0.0872 -0.0202
vn -0.5568 -0.2382 0.7957
vn 0.9373 0.1586 0.3102
vn -0.6174 -0.4713 0.6299
vn 0.3071 0.0445 -0.9506
vn 0.3024 -0.0195 -0.9530
vn -0.9613 -0.1201 0.2478
vn -0.8107 -0.1757 0.5585
vn 0.9892 0.1020 0.1054
vn -0.9514 -0.1124 0.2869
vn 0.5611 0.0643 -0.8253
vn -0.9561 0.1318 0.2619
vn -0.4721 -0.7972 0.3764
vn -0.3243 -0.7045 0.6313
vn -0.8927 0.1392 0.4286
vn -0.7033 0.0246 0.7105
vn 0.8825 -0.3986 0.2497
vn 0.4675 -0.8182 0.3348
vn 0.2864 -0.9000 0.3286
vn -0.8752 -0.0630 -0.4797
vn -0.8194 0.0542 -0.5707
vn -0.9158 0.0592 -0.3971
vn -0.9505 -0.0492 -0.3068
vn -0.3682 -0.9265 0.0777
vn -0.8958 -0.3370 0.2898
vn -0.7926 -0.4690 0.3895
vn 0.1451 -0.2969 0.9438
vn 0.4098 -0.1995 0.8901
vn -0.4394 0.3724 -0.8175
vn 0.4687 -0.8814 -0.0585
vn 0.2215 -0.9695 -0.1049
vn -0.0053 0.9975 0.0706
vn -0.4006 0.9162 0.0088
vn -0.0081 0.9440 0.3297
vn 0.3993 0.9114 -0.0994
vn 0.3216 0.9298 0.1790
vn -0.7224 0.3586 -0.5912
vn -0.6900 0.4953 -0.5278
vn -0.6145 0.4959 -0.6136
vn -0.7094 0.3281 -0.6239
vn -0.2970 0.9185 0.2612
vn -0.5832 0.0447 -0.8111
vn -0.5083 -0.0434 -0.8601
vn -0.8169 0.5603 -0.1372
vn -0.3982 0.6209 -0.6752
vn 0.0648 0.6762 -0.7339
vn 0.4263 0.6902 0.5847
vn -0.1607 -0.4508 0.8781
vn 0.3274 -0.2388 0.9142
vn 0.4223 -0.3787 0.8236
vn -0.5608 0.8184 0.1251
vn -0.8208 -0.3357 -0.4623
vn -0.8778 -0.1143 -0.4652
vn -0.4438 -0.4215 -0.7908
vn -0.5488 -0.2426 -0.8000
vn 0.5325 -0.6067 0.5903
vn -0.3173 0.6108 0.7254
vn -0.5548 0.4472 0.7016
vn -0.6337 0.4850 0.6026
vn 0.0293 -0.3262 -0.9449
vn 0.7008 -0.7131 -0.0188
vn 0.5617 -0.8250 0.0630
vn -0.5900 0.1211 0.7983
vn -0.1345 0.1155 0.9842
vn -0.6606 0.4057 0.6317
vn 0.2789 -0.9145 0.2930
vn -0.1292 0.5672 0.8134
vn -0.8888 0.2515 0.3830
vn -0.7843 0.2759 0.5556
vn 0.7698 0.1726 -0.6146
vn 0.3956 0.9179 0.0312
vn -0.4638 -0.8633 0.1991
vn -0.5984 -0.8007 -0.0289
vn 0.1132 0.1715 -0.9787
vn -0.9496 -0.2274 0.2156
vn -0.9618 -0.2480 0.1161
vn -0.8431 0.1250 0.5230
vn 0.0884 -0.6159 -0.7829
vn 0.4578 -0.4597 -0.7610
vn 0.1416 0.6739 0.7252
vn -0.4163 -0.7153 0.5613
vn -0.6227 -0.4047 0.6696
vn 0.3951 0.8502 0.3480
vn -0.4886 -0.0675 0.8699
vn -0.5459 0.1854 0.8171
vn 0.5704 0.8026 -0.1745
vn 0.5605 0.7597 0.3296
vn 0.5134 0.8050 0.2975
vn -0.9676 0.0715 0.2420
vn 0.6451 0.0949 -0.7582
vn -0.0543 0.9949 -0.0845
vn 0.4071 0.6147 0.6755
vn -0.9966 0.0765 -0.0308
vn -0.2165 0.8924 0.3960
vn -0.3412 0.7546 0.5606
vn 0.9927 0.0913 -0.0782
vn 0.9772 0.0202 -0.2112
vn -0.7421 0.4427 0.5033
vn 0.8735 0.0358 -0.4854
vn 0.8835 0.0684 -0.4635
vn 0.7641 0.0417 -0.6438
vn 0.9936 -0.0724 -0.0866
vn -0.1297 0.7450 0.6544
vn 0.5276 0.0411 -0.8485
vn 0.6662 0.0462 -0.7444
vn 0.9491 -0.1274 0.2881
vn 0.7404 -0.4057 0.5360
vn -0.7127 0.6763 -0.1860
vn -0.4393 -0.6125 -0.6572
vn 0.0622 -0.7025 -0.7090
vn 0.0398 -0.6972 -0.7157
vn -0.5979 -0.0245 -0.8012
vn -0.7385 -0.0434 -0.6728
vn -0.6632 0.0941 -0.7425
vn 0.9316 -0.2008 0.3029
vn 0.9691 0.0290 0.2449
vn 0.9887 -0.1089 0.1033
vn -0.9547 -0.0269 -0.2965
vn 0.6809 0.5304 0.5050
vn 0.6909 0.7229 0.0087
vn 0.9119 0.3741 0.1691
vn 0.8876 0.4561 0.0640
vn 0.6251 0.7467 0.2271
vn 0.5688 0.8219 -0.0310
vn 0.6143 0.0759 0.7854
vn -0.8963 -0.0491 -0.4407
vn -0.8688 0.0598 -0.4915
vn 0.1047 0.7868 -0.6082
vn -0.0317 -0.0107 0.9994
vn -0.7873 0.0704 -0.6126
vn -0.6329 0.0559 -0.7722
vn -0.0546 -0.1301 -0.9900
vn 0.4426 -0.3191 -0.8380
vn 0.6168 -0.2303 -0.7527
vn 0.1713 0.1158 0.9784
vn 0.2088 -0.1125 0.9715
vn 0.7941 -0.3841 0.4710
vn -0.6494 -0.0534 -0.7586
vn 0.2581 0.5008 0.8262
vn 0.7723 0.2120 0.5988
vn 0.6654 -0.0481 0.7450
vn 0.6651 0.2515 0.7031
vn 0.6237 0.7612 0.1774
vn -0.2435 0.0096 -0.9698
vn 0.2972 -0.0474 0.9536
vn 0.2186 -0.0768 0.9728
vn 0.6238 -0.5523 0.5531
vn 0.6566 -0.3218 0.6822
vn 0.7997 -0.1828 0.5719
vn 0.1337 -0.7193 0.6817
vn 0.8851 -0.0548 -0.4621
vn 0.7783 -0.0612 -0.6249
vn 0.4546 -0.0504 -0.8893
vn 0.3015 -0.0397 -0.9526
vt 0.669190 0.911662
vt 0.693806 0.942009
vt 0.712757 0.934442
vt 0.532577 0.653804
vt 0.507822 0.744462
vt 0.529610 0.743018
vt 0.706004 0.909518
vt 0.708603 0.886081
vt 0.635564 0.915262
vt 0.641387 0.937049
vt 0.505247 0.668584
vt 0.496361 0.728357
vt 0.474790 0.708233
vt 0.479422 0.756181
vt 0.282142 0.069569
vt 0.295774 0.116463
vt 0.309334 0.087368
vt 0.600917 0.950179
vt 0.573438 0.936064
vt 0.538118 0.958458
vt 0.252418 0.091131
vt 0.277404 0.120981
vt 0.480831 0.675195
vt 0.600364 0.926032
vt 0.568145 0.913947
vt 0.871136 0.716445
vt 0.871278 0.780789
vt 0.848936 0.778173
vt 0.849334 0.715225
vt 0.484162 0.639140
vt 0.506990 0.614528
vt 0.657004 0.833361
vt 0.654084 0.811324
vt 0.610369 0.825768
vt 0.736865 0.093719
vt 0.745958 0.077046
vt 0.834595 0.077432
vt 0.017173 0.177364
vt 0.043722 0.177713
vt 0.048725 0.159731
vt 0.419075 0.725908
vt 0.396652 0.709360
vt 0.419075 0.695038
vt 0.735685 0.138127
vt 0.726908 0.120085
vt 0.780976 0.113410
vt 0.168969 0.929525
vt 0.198103 0.923577
vt 0.182834 0.908616
vt 0.258062 0.031743
vt 0.238411 0.089827
vt 0.187524 0.942883
vt 0.674925 0.791417
vt 0.639273 0.791679
vt 0.008671 0.150803
vt 0.659977 0.775423
vt 0.583377 0.206251
vt 0.604910 0.211224
vt 0.614532 0.183580
vt 0.610094 0.797408
vt 0.715473 0.086055
vt 0.189927 0.640787
vt 0.194015 0.686302
vt 0.167691 0.682105
vt 0.387854 0.519580
vt 0.385345 0.538856
vt 0.460522 0.502272
vt 0.695445 0.737200
vt 0.801992 0.056350
vt 0.832711 0.051845
vt 0.440981 0.466887
vt 0.448575 0.484472
vt 0.484780 0.463365
vt 0.642450 0.961482
vt 0.600009 0.161097
vt 0.580304 0.150923
vt 0.484149 0.485817
vt 0.562754 0.200988
vt 0.985549 0.159971
vt 0.972688 0.190662
vt 0.954229 0.180886
vt 0.621996 0.500807
vt 0.609355 0.473706
vt 0.636168 0.468517
vt 0.565262 0.559186
vt 0.224056 0.586469
vt 0.236136 0.537951
vt 0.207423 0.558520
vt 0.241431 0.577967
vt 0.264855 0.185495
vt 0.295086 0.222430
vt 0.288146 0.184481
vt 0.396704 0.492731
vt 0.435633 0.528392
vt 0.978091 0.273001
vt 0.958522 0.274033
vt 0.210157 0.591135
vt 0.184155 0.599319
vt 0.228191 0.650412
vt 0.591575 0.431153
vt 0.554928 0.416828
vt 0.555630 0.453612
vt 0.694962 0.803764
vt 0.703926 0.772857
vt 0.642616 0.120829
vt 0.669984 0.096529
vt 0.693532 0.107348
vt 0.662895 0.131417
vt 0.721348 0.823513
vt 0.720018 0.796599
vt 0.702730 0.826118
vt 0.718038 0.843363
vt 0.598506 0.404285
vt 0.547789 0.379883
vt 0.644960 0.087258
vt 0.596890 0.455844
vt 0.188789 0.742331
vt 0.210157 0.770970
vt 0.181370 0.778980
vt 0.839788 0.098953
vt 0.616433 0.100438
vt 0.567786 0.360365
vt 0.158367 0.756694
vt 0.160995 0.726568
vt 0.601642 0.375476
vt 0.802462 0.719494
vt 0.792579 0.681031
vt 0.817262 0.670220
vt 0.826492 0.715427
vt 0.070978 0.425537
vt 0.047624 0.365581
vt 0.025341 0.379237
vt 0.558343 0.491261
vt 0.536048 0.495458
vt 0.542838 0.534248
vt 0.746174 0.821234
vt 0.539231 0.461619
vt 0.159030 0.781690
vt 0.312875 0.198725
vt 0.661917 0.443576
vt 0.725781 0.858549
vt 0.744014 0.854761
vt 0.581624 0.473389
vt 0.584038 0.502932
vt 0.737718 0.794209
vt 0.107694 0.414791
vt 0.163647 0.179643
vt 0.180714 0.210274
vt 0.155173 0.208931
vt 0.186517 0.253053
vt 0.166861 0.237930
vt 0.723810 0.763804
vt 0.795703 0.637383
vt 0.205244 0.225157
vt 0.217589 0.260834
vt 0.266480 0.158213
vt 0.720804 0.222419
vt 0.713560 0.201845
vt 0.671759 0.212146
vt 0.124157 0.946227
vt 0.088770 0.931329
vt 0.090658 0.954527
vt 0.058609 0.787136
vt 0.029015 0.740122
vt 0.023161 0.781370
vt 0.822258 0.624757
vt 0.839079 0.657595
vt 0.761767 0.789061
vt 0.825493 0.780653
vt 0.120433 0.966046
vt 0.185727 0.959920
vt 0.748803 0.763295
vt 0.536647 0.582523
vt 0.523044 0.030501
vt 0.487001 0.052162
vt 0.516650 0.051213
vt 0.739287 0.223169
vt 0.042243 0.813766
vt 0.085197 0.820210
vt 0.714175 0.730481
vt 0.521887 0.544724
vt 0.680127 0.186827
vt 0.537785 0.973496
vt 0.582727 0.985829
vt 0.285051 0.989644
vt 0.288821 0.970933
vt 0.251819 0.976867
vt 0.060452 0.730503
vt 0.557880 0.626313
vt 0.586163 0.562019
vt 0.078702 0.852153
vt 0.972283 0.149804
vt 0.953650 0.152054
vt 0.972355 0.081699
vt 0.204641 0.190491
vt 0.184333 0.183236
vt 0.603496 0.680346
vt 0.600743 0.642734
vt 0.618839 0.641444
vt 0.557020 0.661034
vt 0.576606 0.630268
vt 0.470227 0.077112
vt 0.496467 0.067611
vt 0.644671 0.636302
vt 0.634912 0.670880
vt 0.225632 0.488214
vt 0.238482 0.463720
vt 0.202831 0.469720
vt 0.299667 0.955953
vt 0.205894 0.492116
vt 0.443565 0.039939
vt 0.431026 0.058727
vt 0.565474 0.066969
vt 0.564510 0.048163
vt 0.551842 0.733530
vt 0.530563 0.007725
vt 0.504278 0.019048
vt 0.546726 0.079295
vt 0.985549 0.081607
vt 0.498679 0.085766
vt 0.356849 0.989554
vt 0.338126 0.207536
vt 0.323006 0.159427
vt 0.188788 0.553593
vt 0.636411 0.986475
vt 0.668915 0.420751
vt 0.646839 0.397128
vt 0.240456 0.498258
vt 0.529464 0.097470
vt 0.804174 0.782507
vt 0.245485 0.160935
vt 0.694999 0.401303
vt 0.565106 0.028162
vt 0.665153 0.654622
vt 0.654103 0.608675
vt 0.289535 0.914986
vt 0.286962 0.889395
vt 0.260052 0.905912
vt 0.113468 0.303355
vt 0.102983 0.330300
vt 0.132863 0.333522
vt 0.429914 0.074144
vt 0.257116 0.926050
vt 0.575199 0.093409
vt 0.295596 0.938866
vt 0.354600 0.942348
vt 0.930223 0.161923
vt 0.423607 0.094997
vt 0.249775 0.719502
vt 0.247154 0.653022
vt 0.947379 0.962662
vt 0.925012 0.971015
vt 0.930018 0.944164
vt 0.971876 0.944454
vt 0.963831 0.974649
vt 0.268283 0.638991
vt 0.255063 0.609396
vt 0.514499 0.116496
vt 0.534306 0.135181
vt 0.547079 0.127738
vt 0.946915 0.983016
vt 0.953495 0.941161
vt 0.935247 0.897055
vt 0.175311 0.377310
vt 0.124355 0.373976
vt 0.257487 0.547959
vt 0.905840 0.943947
vt 0.907130 0.910101
vt 0.046051 0.137249
vt 0.011766 0.126159
vt 0.289853 0.540152
vt 0.266819 0.518320
vt 0.279623 0.558481
vt 0.133721 0.281742
vt 0.153869 0.308990
vt 0.173228 0.296965
vt 0.899092 0.120562
vt 0.933526 0.136700
vt 0.902293 0.146230
vt 0.373143 0.735294
vt 0.347441 0.731334
vt 0.372761 0.715883
vt 0.082648 0.325758
vt 0.135124 0.404696
vt 0.063367 0.342647
vt 0.171656 0.352773
vt 0.176019 0.329743
vt 0.563287 0.107768
vt 0.563586 0.138969
vt 0.274069 0.754209
vt 0.241197 0.752586
vt 0.627447 0.119874
vt 0.613980 0.110972
vt 0.278719 0.670379
vt 0.065682 0.281331
vt 0.272037 0.712527
vt 0.495726 0.105178
vt 0.730329 0.062580
vt 0.596836 0.119266
vt 0.759849 0.668172
vt 0.748684 0.600686
vt 0.772042 0.599400
vt 0.925885 0.748663
vt 0.926761 0.793172
vt 0.904099 0.789562
vt 0.785714 0.674463
vt 0.368968 0.557611
vt 0.333442 0.519104
vt 0.308446 0.514597
vt 0.345245 0.033307
vt 0.348635 0.013565
vt 0.298985 0.024110
vt 0.352397 0.967083
vt 0.324130 0.054875
vt 0.290256 0.043180
vt 0.934207 0.837899
vt 0.944420 0.780269
vt 0.737199 0.666517
vt 0.908643 0.844497
vt 0.289989 0.725087
vt 0.307422 0.769293
vt 0.886663 0.258891
vt 0.886170 0.310977
vt 0.861614 0.304101
vt 0.620185 0.894916
vt 0.665103 0.875660
vt 0.636418 0.864432
vt 0.316658 0.000414
vt 0.860276 0.255261
vt 0.960251 0.839317
vt 0.754726 0.570065
vt 0.288434 0.476671
vt 0.286746 0.460232
vt 0.833094 0.286711
vt 0.378165 0.965705
vt 0.583652 0.061809
vt 0.283956 0.012836
vt 0.067993 0.704234
vt 0.052740 0.691809
vt 0.694737 0.073744
vt 0.205253 0.850020
vt 0.245112 0.852180
vt 0.253246 0.808540
vt 0.662579 0.037836
vt 0.693241 0.016156
vt 0.658081 0.020438
vt 0.703138 0.038525
vt 0.869985 0.413874
vt 0.892728 0.421237
vt 0.877698 0.456512
vt 0.717174 0.049551
vt 0.605584 0.592792
vt 0.631555 0.588717
vt 0.847275 0.435655
vt 0.210491 0.875471
vt 0.205573 0.898509
vt 0.248081 0.886845
vt 0.021057 0.714176
vt 0.895636 0.716916
vt 0.879504 0.677033
vt 0.603770 0.055221
vt 0.654793 0.065993
vt 0.116163 0.861228
vt 0.709106 0.429486
vt 0.036819 0.275002
vt 0.076037 0.248395
vt 0.910414 0.877663
vt 0.044659 0.316818
vt 0.057626 0.223924
vt 0.718461 0.378138
vt 0.512690 0.508835
vt 0.518309 0.432210
vt 0.510571 0.401398
vt 0.676297 0.239022
vt 0.543540 0.231127
vt 0.488439 0.245650
vt 0.441413 0.215787
vt 0.470355 0.215829
vt 0.512460 0.882444
vt 0.556138 0.886617
vt 0.560616 0.864154
vt 0.890555 0.781814
vt 0.527631 0.227478
vt 0.710113 0.289828
vt 0.696935 0.343490
vt 0.719642 0.337648
vt 0.510305 0.458575
vt 0.705015 0.361782
vt 0.506515 0.855838
vt 0.586325 0.845839
vt 0.279045 0.263000
vt 0.260871 0.264560
vt 0.513894 0.830243
vt 0.905721 0.375194
vt 0.886748 0.374267
vt 0.918662 0.418629
vt 0.758572 0.385623
vt 0.739586 0.351813
vt 0.747819 0.312292
vt 0.298449 0.275923
vt 0.321443 0.493150
vt 0.265994 0.309158
vt 0.331627 0.708123
vt 0.315537 0.686062
vt 0.342257 0.673381
vt 0.760985 0.353836
vt 0.755344 0.693814
vt 0.736123 0.693500
vt 0.235072 0.307178
vt 0.206985 0.320122
vt 0.212213 0.350992
vt 0.380392 0.034611
vt 0.778525 0.715410
vt 0.335327 0.082511
vt 0.360908 0.083326
vt 0.275493 0.366694
vt 0.264247 0.340417
vt 0.368625 0.057786
vt 0.588101 0.806121
vt 0.310074 0.640845
vt 0.231542 0.378721
vt 0.377831 0.682368
vt 0.077385 0.063745
vt 0.074114 0.038185
vt 0.044842 0.055361
vt 0.058128 0.073971
vt 0.402669 0.660892
vt 0.568048 0.826743
vt 0.477684 0.828044
vt 0.651700 0.371305
vt 0.579185 0.777483
vt 0.651875 0.343279
vt 0.999587 0.842118
vt 0.982210 0.840554
vt 0.991253 0.790963
vt 0.469286 0.854702
vt 0.043779 0.023423
vt 0.507677 0.266040
vt 0.527990 0.266042
vt 0.728841 0.286482
vt 0.748028 0.274273
vt 0.730076 0.258355
vt 0.710502 0.254609
vt 0.500400 0.293047
vt 0.526515 0.304158
vt 0.080373 0.020328
vt 0.512994 0.222806
vt 0.486087 0.261156
vt 0.744080 0.484115
vt 0.729059 0.471920
vt 0.720070 0.496362
vt 0.746903 0.507497
vt 0.536658 0.929629
vt 0.744397 0.242189
vt 0.724828 0.240041
vt 0.505858 0.580657
vt 0.553486 0.270771
vt 0.352404 0.694496
vt 0.510771 0.943097
vt 0.708524 0.488284
vt 0.690751 0.508285
vt 0.529922 0.999586
vt 0.327002 0.101775
vt 0.370064 0.652692
vt 0.497523 0.917105
vt 0.317780 0.122703
vt 0.524137 0.809877
vt 0.546294 0.793915
vt 0.512569 0.948799
vt 0.510699 0.968853
vt 0.502283 0.532165
vt 0.389348 0.989644
vt 0.396361 0.642667
vt 0.809968 0.829649
vt 0.838796 0.831798
vt 0.761247 0.265426
vt 0.564048 0.765872
vt 0.861561 0.829889
vt 0.722213 0.448641
vt 0.746903 0.430406
vt 0.763198 0.308063
vt 0.780112 0.367818
vt 0.784158 0.324849
vt 0.805357 0.894074
vt 0.832389 0.888180
vt 0.830788 0.916736
vt 0.793972 0.385806
vt 0.148394 0.838172
vt 0.579889 0.276541
vt 0.234542 0.423170
vt 0.156766 0.437591
vt 0.228179 0.448694
vt 0.137500 0.891280
vt 0.806166 0.308425
vt 0.830914 0.334643
vt 0.799326 0.372896
vt 0.233377 0.400786
vt 0.199274 0.820387
vt 0.127098 0.039851
vt 0.098507 0.039446
vt 0.106192 0.061646
vt 0.695564 0.999351
vt 0.702418 0.973697
vt 0.561032 0.305541
vt 0.269608 0.400932
vt 0.319905 0.270870
vt 0.181094 0.977439
vt 0.595089 0.304673
vt 0.616411 0.326309
vt 0.605905 0.351673
vt 0.339718 0.267094
vt 0.870335 0.519596
vt 0.843979 0.571522
vt 0.846523 0.519788
vt 0.862647 0.571967
vt 0.112276 0.015237
vt 0.006000 0.268387
vt 0.013488 0.302952
vt 0.134494 0.057511
vt 0.145516 0.122204
vt 0.163046 0.069293
vt 0.137511 0.083344
vt 0.111839 0.122204
vt 0.118665 0.086256
vt 0.827034 0.372789
vt 0.798618 0.417986
vt 0.181255 0.101506
vt 0.216839 0.787338
vt 0.184219 0.800564
vt 0.276381 0.426529
vt 0.276255 0.458575
vt 0.710097 0.454913
vt 0.353820 0.097765
vt 0.205433 0.282669
vt 0.181851 0.287075
vt 0.699585 0.704861
vt 0.685281 0.707438
vt 0.671327 0.715210
vt 0.677199 0.745040
vt 0.079139 0.177592
vt 0.081097 0.163093
vt 0.108756 0.170651
vt 0.079172 0.144307
vt 0.754280 0.486988
vt 0.750413 0.450290
vt 0.770305 0.457463
vt 0.770381 0.491588
vt 0.744750 0.204290
vt 0.766722 0.220891
vt 0.758218 0.196562
vt 0.083661 0.088852
vt 0.987282 0.953870
vt 0.584966 0.037009
vt 0.612311 0.036734
vt 0.931812 0.226896
vt 0.953895 0.226751
vt 0.932993 0.269742
vt 0.152668 0.796159
vt 0.147991 0.817115
vt 0.084232 0.110845
vt 0.337481 0.309812
vt 0.403931 0.208566
vt 0.439610 0.197744
vt 0.963590 0.741433
vt 0.969570 0.783186
vt 0.295640 0.338023
vt 0.897192 0.744527
vt 0.661874 0.679599
vt 0.639481 0.702154
vt 0.389545 0.080355
vt 0.396706 0.062043
vt 0.329062 0.337865
vt 0.366364 0.302416
vt 0.355756 0.819318
vt 0.359928 0.786172
vt 0.957966 0.720830
vt 0.999587 0.729238
vt 0.664327 0.313849
vt 0.637579 0.292252
vt 0.662090 0.279790
vt 0.664327 0.234483
vt 0.641785 0.261098
vt 0.367446 0.493040
vt 0.041701 0.096543
vt 0.288767 0.832037
vt 0.361029 0.843383
vt 0.603095 0.503726
vt 0.384239 0.360466
vt 0.928793 0.702154
vt 0.823774 0.520215
vt 0.822456 0.437515
vt 0.293538 0.801437
vt 0.107083 0.773788
vt 0.322969 0.362653
vt 0.086249 0.783900
vt 0.800361 0.464879
vt 0.414573 0.822716
vt 0.463295 0.186802
vt 0.485341 0.195791
vt 0.407676 0.801017
vt 0.614069 0.320215
vt 0.274453 0.039478
vt 0.113977 0.909872
vt 0.120887 0.926886
vt 0.361126 0.889509
vt 0.410416 0.896832
vt 0.408677 0.871273
vt 0.367136 0.863367
vt 0.462380 0.163159
vt 0.487453 0.148716
vt 0.488439 0.168563
vt 0.651297 0.578735
vt 0.665153 0.576834
vt 0.881828 0.827873
vt 0.026392 0.336404
vt 0.000413 0.345675
vt 0.899370 0.080223
vt 0.898029 0.099356
vt 0.158244 0.049298
vt 0.143270 0.226920
vt 0.162895 0.265556
vt 0.217589 0.104734
vt 0.200984 0.139229
vt 0.185463 0.115488
vt 0.204325 0.070008
vt 0.926351 0.078534
vt 0.897308 0.521245
vt 0.879773 0.571141
vt 0.830624 0.137906
vt 0.164775 0.115349
vt 0.851858 0.891749
vt 0.138499 0.014499
vt 0.637846 0.508454
vt 0.135555 0.727383
vt 0.134187 0.765965
vt 0.913726 0.106678
vt 0.465574 0.531342
vt 0.400465 0.557920
vt 0.785714 0.494379
vt 0.774986 0.566579
vt 0.259137 0.003338
vt 0.740391 0.937389
vt 0.765162 0.924114
vt 0.744989 0.911847
vt 0.738730 0.558495
vt 0.363154 0.899687
vt 0.359143 0.921425
vt 0.609827 0.296111
vt 0.611544 0.264755
vt 0.784889 0.904903
vt 0.389009 0.933873
vt 0.755434 0.950056
vt 0.440239 0.798782
vt 0.434602 0.767806
vt 0.437442 0.105217
vt 0.899856 0.056066
vt 0.404681 0.185894
vt 0.435018 0.174349
vt 0.728737 0.589821
vt 0.088676 0.717361
vt 0.105268 0.684699
vt 0.082340 0.678871
vt 0.836630 0.240875
vt 0.807694 0.259935
vt 0.736474 0.966167
vt 0.382742 0.199746
vt 0.388021 0.172003
vt 0.933526 0.067130
vt 0.088146 0.648809
vt 0.066598 0.658565
vt 0.903129 0.031897
vt 0.603625 0.270062
vt 0.929066 0.036018
vt 0.486183 0.804235
vt 0.433795 0.118537
vt 0.107330 0.149481
vt 0.738064 0.999586
vt 0.409403 0.844905
vt 0.127581 0.152350
vt 0.124153 0.177713
vt 0.386361 0.393115
vt 0.309288 0.397156
vt 0.763863 0.888496
vt 0.317295 0.433030
vt 0.388707 0.422961
vt 0.391906 0.450789
vt 0.438740 0.395050
vt 0.630471 0.038525
vt 0.797468 0.523698
vt 0.773328 0.454988
vt 0.443907 0.365249
vt 0.474044 0.320944
vt 0.833257 0.120330
vt 0.681315 0.893854
vt 0.839231 0.181856
vt 0.854463 0.193158
vt 0.892044 0.641569
vt 0.918662 0.635694
vt 0.913901 0.678810
vt 0.501866 0.342643
vt 0.533207 0.346388
vt 0.507440 0.368942
vt 0.287757 0.860275
vt 0.783206 0.296989
vt 0.121148 0.222675
vt 0.095137 0.217538
vt 0.102800 0.253059
vt 0.046474 0.112262
vt 0.084787 0.131621
vt 0.757932 0.239022
vt 0.292888 0.883587
vt 0.473232 0.879255
vt 0.144466 0.182797
vt 0.147715 0.683782
vt 0.470227 0.898509
vt 0.903102 0.461609
vt 0.848739 0.377304
vt 0.407615 0.120256
vt 0.413196 0.108688
vt 0.614706 0.231951
vt 0.644447 0.230737
vt 0.069425 0.206370
vt 0.904489 0.570356
vt 0.761532 0.980700
vt 0.390922 0.333704
vt 0.424598 0.308644
vt 0.397644 0.301252
vt 0.111411 0.201283
vt 0.862882 0.651543
vt 0.937211 0.308324
vt 0.960194 0.318558
vt 0.464726 0.286972
vt 0.441482 0.298709
vt 0.443034 0.337440
vt 0.996841 0.756233
vt 0.438881 0.424365
vt 0.442400 0.452943
vt 0.798723 0.572229
vt 0.824941 0.570479
s 1
usemtl Material.014
f 1/1/1 2/2/2 3/3/3
f 4/4/4 5/5/5 6/6/6
f 1/1/1 7/7/7 8/8/8
f 9/9/9 10/10/10 1/1/1
f 3/3/3 7/7/7 1/1/1
f 11/11/11 12/12/12 5/5/5
f 12/12/12 13/13/13 14/14/14
f 15/15/15 16/16/16 17/17/17
f 13/13/13 12/12/12 11/11/11
f 18/18/18 19/19/19 20/20/20
f 21/21/21 22/22/22 15/15/15
f 1/1/1 10/10/10 2/2/2
f 11/11/11 23/23/23 13/13/13
f 16/16/16 15/15/15 22/22/22
f 18/18/18 24/24/24 19/19/19
f 25/25/25 19/19/19 24/24/24
f 26/26/26 27/27/27 28/28/28
f 26/26/26 28/28/28 29/29/29
f 30/30/30 11/11/11 31/31/31
f 32/32/32 33/33/33 34/34/34
f 35/35/35 36/36/36 37/37/37
f 38/38/38 39/39/39 40/40/40
f 41/41/41 42/42/42 43/43/43
f 44/44/44 45/45/45 46/46/46
f 47/47/47 48/48/48 49/49/49
f 50/50/50 51/51/51 21/21/21
f 48/48/48 47/47/47 52/52/52
f 45/45/45 35/35/35 46/46/46
f 53/53/53 54/54/54 33/33/33
f 40/40/40 55/55/55 38/38/38
f 53/53/53 56/56/56 54/54/54
f 57/57/57 58/58/58 59/59/59
f 34/34/34 54/54/54 60/60/60
f 61/61/61 36/36/36 35/35/35
f 62/62/62 63/63/63 64/64/64
f 65/65/65 66/66/66 67/67/67
f 30/30/30 23/23/23 11/11/11
f 56/56/56 53/53/53 68/68/68
f 69/69/69 70/70/70 37/37/37
f 34/34/34 33/33/33 54/54/54
f 71/71/71 72/72/72 73/73/73
f 10/10/10 18/18/18 74/74/74
f 57/57/57 75/75/75 76/76/76
f 57/57/57 59/59/59 75/75/75
f 10/10/10 9/9/9 24/24/24
f 77/77/77 72/72/72 67/67/67
f 76/76/76 78/78/78 57/57/57
f 79/79/79 80/80/80 81/81/81
f 82/82/82 83/83/83 84/84/84
f 85/85/85 11/11/11 4/4/4
f 86/86/86 87/87/87 88/88/88
f 86/86/86 89/89/89 87/87/87
f 90/90/90 91/91/91 92/92/92
f 93/93/93 65/65/65 72/72/72
f 72/72/72 71/71/71 93/93/93
f 5/5/5 4/4/4 11/11/11
f 65/65/65 67/67/67 72/72/72
f 66/66/66 94/94/94 67/67/67
f 80/80/80 95/95/95 96/96/96
f 97/97/97 62/62/62 98/98/98
f 99/99/99 86/86/86 88/88/88
f 100/100/100 101/101/101 102/102/102
f 53/53/53 32/32/32 103/103/103
f 53/53/53 103/103/103 104/104/104
f 105/105/105 106/106/106 107/107/107
f 98/98/98 62/62/62 64/64/64
f 107/107/107 108/108/108 105/105/105
f 24/24/24 18/18/18 10/10/10
f 35/35/35 45/45/45 107/107/107
f 109/109/109 110/110/110 111/111/111
f 107/107/107 61/61/61 35/35/35
f 112/112/112 109/109/109 111/111/111
f 100/100/100 113/113/113 101/101/101
f 114/114/114 101/101/101 113/113/113
f 110/110/110 104/104/104 103/103/103
f 110/110/110 103/103/103 111/111/111
f 115/115/115 106/106/106 105/105/105
f 107/107/107 106/106/106 61/61/61
f 100/100/100 102/102/102 116/116/116
f 117/117/117 118/118/118 119/119/119
f 35/35/35 37/37/37 120/120/120
f 32/32/32 111/111/111 103/103/103
f 105/105/105 121/121/121 115/115/115
f 108/108/108 107/107/107 45/45/45
f 113/113/113 122/122/122 114/114/114
f 123/123/123 124/124/124 117/117/117
f 113/113/113 125/125/125 122/122/122
f 53/53/53 33/33/33 32/32/32
f 126/126/126 127/127/127 128/128/128
f 126/126/126 128/128/128 129/129/129
f 119/119/119 123/123/123 117/117/117
f 130/130/130 131/131/131 132/132/132
f 85/85/85 133/133/133 134/134/134
f 134/134/134 135/135/135 85/85/85
f 136/136/136 109/109/109 112/112/112
f 137/137/137 134/134/134 133/133/133
f 119/119/119 138/138/138 123/123/123
f 22/22/22 92/92/92 139/139/139
f 100/100/100 116/116/116 140/140/140
f 112/112/112 141/141/141 142/142/142
f 143/143/143 133/133/133 144/144/144
f 109/109/109 136/136/136 145/145/145
f 109/109/109 145/145/145 110/110/110
f 131/131/131 130/130/130 146/146/146
f 147/147/147 148/148/148 149/149/149
f 148/148/148 150/150/150 151/151/151
f 112/112/112 142/142/142 136/136/136
f 152/152/152 110/110/110 145/145/145
f 128/128/128 127/127/127 153/153/153
f 104/104/104 110/110/110 152/152/152
f 150/150/150 154/154/154 155/155/155
f 92/92/92 156/156/156 90/90/90
f 157/157/157 158/158/158 159/159/159
f 22/22/22 156/156/156 92/92/92
f 160/160/160 161/161/161 162/162/162
f 163/163/163 164/164/164 165/165/165
f 92/92/92 91/91/91 139/139/139
f 128/128/128 153/153/153 166/166/166
f 151/151/151 149/149/149 148/148/148
f 150/150/150 148/148/148 154/154/154
f 128/128/128 166/166/166 167/167/167
f 168/168/168 145/145/145 136/136/136
f 126/126/126 129/129/129 169/169/169
f 160/160/160 170/170/170 171/171/171
f 145/145/145 168/168/168 172/172/172
f 173/173/173 11/11/11 85/85/85
f 104/104/104 152/152/152 68/68/68
f 174/174/174 175/175/175 176/176/176
f 158/158/158 157/157/157 177/177/177
f 163/163/163 178/178/178 179/179/179
f 135/135/135 173/173/173 85/85/85
f 163/163/163 165/165/165 178/178/178
f 74/74/74 18/18/18 20/20/20
f 180/180/180 68/68/68 152/152/152
f 135/135/135 181/181/181 173/173/173
f 158/158/158 182/182/182 159/159/159
f 74/74/74 20/20/20 183/183/183
f 74/74/74 183/183/183 184/184/184
f 185/185/185 186/186/186 187/187/187
f 163/163/163 188/188/188 164/164/164
f 85/85/85 189/189/189 190/190/190
f 162/162/162 170/170/170 160/160/160
f 179/179/179 178/178/178 191/191/191
f 192/192/192 193/193/193 194/194/194
f 195/195/195 148/148/148 196/196/196
f 197/197/197 198/198/198 199/199/199
f 148/148/148 195/195/195 154/154/154
f 200/200/200 201/201/201 189/189/189
f 201/201/201 190/190/190 189/189/189
f 175/175/175 202/202/202 203/203/203
f 204/204/204 205/205/205 199/199/199
f 206/206/206 207/207/207 208/208/208
f 187/187/187 186/186/186 209/209/209
f 208/208/208 210/210/210 206/206/206
f 174/174/174 211/211/211 212/212/212
f 176/176/176 213/213/213 214/214/214
f 200/200/200 6/6/6 215/215/215
f 200/200/200 4/4/4 6/6/6
f 197/197/197 199/199/199 205/205/205
f 216/216/216 217/217/217 174/174/174
f 176/176/176 218/218/218 213/213/213
f 4/4/4 189/189/189 85/85/85
f 192/192/192 194/194/194 219/219/219
f 212/212/212 175/175/175 174/174/174
f 211/211/211 174/174/174 217/217/217
f 4/4/4 200/200/200 189/189/189
f 202/202/202 220/220/220 203/203/203
f 186/186/186 185/185/185 221/221/221
f 222/222/222 223/223/223 139/139/139
f 176/176/176 214/214/214 174/174/174
f 210/210/210 224/224/224 88/88/88
f 218/218/218 176/176/176 203/203/203
f 74/74/74 184/184/184 225/225/225
f 226/226/226 227/227/227 113/113/113
f 228/228/228 206/206/206 88/88/88
f 203/203/203 220/220/220 229/229/229
f 226/226/226 100/100/100 140/140/140
f 169/169/169 230/230/230 126/126/126
f 88/88/88 206/206/206 210/210/210
f 228/228/228 88/88/88 87/87/87
f 231/231/231 156/156/156 21/21/21
f 203/203/203 229/229/229 218/218/218
f 226/226/226 232/232/232 227/227/227
f 226/226/226 113/113/113 100/100/100
f 21/21/21 51/51/51 231/231/231
f 216/216/216 174/174/174 233/233/233
f 234/234/234 204/204/204 235/235/235
f 236/236/236 237/237/237 238/238/238
f 239/239/239 240/240/240 241/241/241
f 174/174/174 214/214/214 233/233/233
f 175/175/175 203/203/203 176/176/176
f 242/242/242 202/202/202 175/175/175
f 242/242/242 175/175/175 212/212/212
f 243/243/243 236/236/236 238/238/238
f 244/244/244 213/213/213 218/218/218
f 236/236/236 243/243/243 245/245/245
f 81/81/81 193/193/193 192/192/192
f 246/246/246 245/245/245 209/209/209
f 247/247/247 193/193/193 81/81/81
f 242/242/242 248/248/248 202/202/202
f 125/125/125 113/113/113 227/227/227
f 249/249/249 250/250/250 99/99/99
f 251/251/251 252/252/252 253/253/253
f 251/251/251 254/254/254 255/255/255
f 250/250/250 256/256/256 257/257/257
f 258/258/258 259/259/259 260/260/260
f 156/156/156 231/231/231 90/90/90
f 260/260/260 218/218/218 229/229/229
f 251/251/251 255/255/255 261/261/261
f 262/262/262 253/253/253 263/263/263
f 251/251/251 262/262/262 254/254/254
f 264/264/264 240/240/240 265/265/265
f 266/266/266 87/87/87 89/89/89
f 253/253/253 267/267/267 268/268/268
f 268/268/268 263/263/263 253/253/253
f 260/260/260 229/229/229 258/258/258
f 269/269/269 270/270/270 55/55/55
f 250/250/250 257/257/257 86/86/86
f 266/266/266 271/271/271 272/272/272
f 266/266/266 273/273/273 271/271/271
f 274/274/274 275/275/275 276/276/276
f 253/253/253 262/262/262 251/251/251
f 257/257/257 89/89/89 86/86/86
f 55/55/55 40/40/40 269/269/269
f 277/277/277 278/278/278 279/279/279
f 280/280/280 281/281/281 282/282/282
f 275/275/275 239/239/239 241/241/241
f 265/265/265 240/240/240 283/283/283
f 275/275/275 274/274/274 239/239/239
f 267/267/267 253/253/253 252/252/252
f 284/284/284 265/265/265 285/285/285
f 286/286/286 287/287/287 241/241/241
f 218/218/218 260/260/260 288/288/288
f 289/289/289 288/288/288 260/260/260
f 290/290/290 249/249/249 291/291/291
f 75/75/75 292/292/292 293/293/293
f 250/250/250 294/294/294 256/256/256
f 295/295/295 283/283/283 240/240/240
f 87/87/87 266/266/266 272/272/272
f 296/296/296 294/294/294 250/250/250
f 250/250/250 249/249/249 296/296/296
f 264/264/264 241/241/241 240/240/240
f 264/264/264 286/286/286 241/241/241
f 290/290/290 296/296/296 249/249/249
f 229/229/229 220/220/220 297/297/297
f 275/275/275 241/241/241 287/287/287
f 152/152/152 145/145/145 172/172/172
f 61/61/61 298/298/298 36/36/36
f 297/297/297 258/258/258 229/229/229
f 75/75/75 293/293/293 299/299/299
f 300/300/300 301/301/301 302/302/302
f 303/303/303 304/304/304 305/305/305
f 306/306/306 300/300/300 302/302/302
f 21/21/21 156/156/156 22/22/22
f 307/307/307 308/308/308 309/309/309
f 310/310/310 311/311/311 312/312/312
f 209/209/209 186/186/186 313/313/313
f 314/314/314 310/310/310 315/315/315
f 316/316/316 304/304/304 317/317/317
f 300/300/300 318/318/318 301/301/301
f 310/310/310 312/312/312 315/315/315
f 319/319/319 304/304/304 316/316/316
f 320/320/320 290/290/290 321/321/321
f 221/221/221 313/313/313 186/186/186
f 296/296/296 320/320/320 294/294/294
f 320/320/320 296/296/296 290/290/290
f 322/322/322 323/323/323 324/324/324
f 325/325/325 326/326/326 327/327/327
f 308/308/308 66/66/66 65/65/65
f 328/328/328 312/312/312 311/311/311
f 327/327/327 111/111/111 32/32/32
f 329/329/329 322/322/322 324/324/324
f 330/330/330 316/316/316 317/317/317
f 302/302/302 301/301/301 331/331/331
f 209/209/209 313/313/313 246/246/246
f 206/206/206 332/332/332 333/333/333
f 334/334/334 329/329/329 324/324/324
f 335/335/335 246/246/246 313/313/313
f 336/336/336 299/299/299 293/293/293
f 319/319/319 305/305/305 304/304/304
f 307/307/307 66/66/66 308/308/308
f 328/328/328 337/337/337 312/312/312
f 15/15/15 17/17/17 314/314/314
f 338/338/338 339/339/339 164/164/164
f 330/330/330 263/263/263 316/316/316
f 340/340/340 298/298/298 61/61/61
f 164/164/164 188/188/188 338/338/338
f 341/341/341 342/342/342 343/343/343
f 344/344/344 345/345/345 346/346/346
f 345/345/345 344/344/344 347/347/347
f 348/348/348 349/349/349 350/350/350
f 228/228/228 87/87/87 272/272/272
f 314/314/314 315/315/315 15/15/15
f 340/340/340 351/351/351 298/298/298
f 228/228/228 332/332/332 206/206/206
f 199/199/199 352/352/352 353/353/353
f 199/199/199 198/198/198 352/352/352
f 348/348/348 350/350/350 354/354/354
f 355/355/355 356/356/356 357/357/357
f 339/339/339 358/358/358 164/164/164
f 335/335/335 313/313/313 221/221/221
f 359/359/359 26/26/26 360/360/360
f 355/355/355 342/342/342 341/341/341
f 293/293/293 361/361/361 336/336/336
f 340/340/340 362/362/362 351/351/351
f 36/36/36 298/298/298 69/69/69
f 36/36/36 69/69/69 37/37/37
f 206/206/206 333/333/333 207/207/207
f 355/355/355 341/341/341 363/363/363
f 232/232/232 226/226/226 364/364/364
f 327/327/327 326/326/326 111/111/111
f 365/365/365 295/295/295 366/366/366
f 263/263/263 268/268/268 367/367/367
f 295/295/295 365/365/365 368/368/368
f 73/73/73 77/77/77 134/134/134
f 78/78/78 76/76/76 289/289/289
f 366/366/366 369/369/369 365/365/365
f 227/227/227 232/232/232 370/370/370
f 77/77/77 371/371/371 134/134/134
f 64/64/64 63/63/63 117/117/117
f 117/117/117 124/124/124 64/64/64
f 372/372/372 101/101/101 373/373/373
f 134/134/134 137/137/137 73/73/73
f 135/135/135 134/134/134 371/371/371
f 374/374/374 157/157/157 159/159/159
f 181/181/181 135/135/135 371/371/371
f 375/375/375 78/78/78 289/289/289
f 376/376/376 377/377/377 378/378/378
f 379/379/379 380/380/380 381/381/381
f 359/359/359 382/382/382 27/27/27
f 27/27/27 26/26/26 359/359/359
f 375/375/375 289/289/289 383/383/383
f 384/384/384 385/385/385 386/386/386
f 372/372/372 387/387/387 102/102/102
f 388/388/388 386/386/386 385/385/385
f 370/370/370 388/388/388 227/227/227
f 389/389/389 381/381/381 390/390/390
f 319/319/319 316/316/316 263/263/263
f 330/330/330 262/262/262 263/263/263
f 391/391/391 90/90/90 392/392/392
f 263/263/263 367/367/367 319/319/319
f 390/390/390 393/393/393 389/389/389
f 394/394/394 395/395/395 323/323/323
f 389/389/389 379/379/379 381/381/381
f 349/349/349 394/394/394 396/396/396
f 309/309/309 228/228/228 272/272/272
f 232/232/232 364/364/364 397/397/397
f 397/397/397 370/370/370 232/232/232
f 349/349/349 395/395/395 394/394/394
f 386/386/386 398/398/398 399/399/399
f 398/398/398 386/386/386 388/388/388
f 395/395/395 349/349/349 348/348/348
f 391/391/391 91/91/91 90/90/90
f 91/91/91 391/391/391 400/400/400
f 401/401/401 332/332/332 228/228/228
f 402/402/402 391/391/391 392/392/392
f 403/403/403 404/404/404 405/405/405
f 388/388/388 370/370/370 398/398/398
f 406/406/406 398/398/398 370/370/370
f 407/407/407 408/408/408 318/318/318
f 318/318/318 300/300/300 407/407/407
f 409/409/409 410/410/410 411/411/411
f 401/401/401 228/228/228 309/309/309
f 348/348/348 323/323/323 395/395/395
f 310/310/310 412/412/412 311/311/311
f 407/407/407 300/300/300 306/306/306
f 407/407/407 306/306/306 413/413/413
f 411/411/411 402/402/402 409/409/409
f 323/323/323 348/348/348 324/324/324
f 314/314/314 414/414/414 415/415/415
f 416/416/416 417/417/417 411/411/411
f 415/415/415 418/418/418 314/314/314
f 34/34/34 60/60/60 419/419/419
f 420/420/420 405/405/405 404/404/404
f 310/310/310 314/314/314 418/418/418
f 411/411/411 421/421/421 416/416/416
f 43/43/43 42/42/42 422/422/422
f 423/423/423 424/424/424 425/425/425
f 425/425/425 426/426/426 423/423/423
f 427/427/427 43/43/43 422/422/422
f 428/428/428 34/34/34 419/419/419
f 429/429/429 389/389/389 393/393/393
f 430/430/430 388/388/388 385/385/385
f 431/431/431 419/419/419 60/60/60
f 385/385/385 432/432/432 430/430/430
f 388/388/388 430/430/430 227/227/227
f 433/433/433 434/434/434 435/435/435
f 429/429/429 436/436/436 389/389/389
f 424/424/424 437/437/437 425/425/425
f 438/438/438 439/439/439 383/383/383
f 440/440/440 441/441/441 442/442/442
f 443/443/443 384/384/384 440/440/440
f 444/444/444 445/445/445 439/439/439
f 384/384/384 386/386/386 440/440/440
f 446/446/446 437/437/437 424/424/424
f 75/75/75 59/59/59 292/292/292
f 443/443/443 440/440/440 442/442/442
f 447/447/447 448/448/448 438/438/438
f 449/449/449 450/450/450 451/451/451
f 375/375/375 383/383/383 439/439/439
f 451/451/451 452/452/452 449/449/449
f 422/422/422 42/42/42 282/282/282
f 438/438/438 383/383/383 447/447/447
f 20/20/20 19/19/19 453/453/453
f 454/454/454 455/455/455 442/442/442
f 439/439/439 438/438/438 444/444/444
f 181/181/181 456/456/456 173/173/173
f 457/457/457 439/439/439 445/445/445
f 458/458/458 282/282/282 281/281/281
f 453/453/453 459/459/459 20/20/20
f 460/460/460 461/461/461 451/451/451
f 414/414/414 314/314/314 17/17/17
f 282/282/282 458/458/458 422/422/422
f 19/19/19 25/25/25 453/453/453
f 281/281/281 403/403/403 458/458/458
f 31/31/31 173/173/173 456/456/456
f 183/183/183 462/462/462 184/184/184
f 403/403/403 405/405/405 458/458/458
f 414/414/414 17/17/17 463/463/463
f 411/411/411 410/410/410 287/287/287
f 411/411/411 264/264/264 421/421/421
f 286/286/286 264/264/264 411/411/411
f 173/173/173 31/31/31 11/11/11
f 16/16/16 139/139/139 223/223/223
f 458/458/458 464/464/464 422/422/422
f 464/464/464 458/458/458 405/405/405
f 286/286/286 411/411/411 287/287/287
f 139/139/139 16/16/16 22/22/22
f 465/465/465 459/459/459 453/453/453
f 17/17/17 16/16/16 466/466/466
f 466/466/466 463/463/463 17/17/17
f 467/467/467 428/428/428 468/468/468
f 183/183/183 469/469/469 470/470/470
f 469/469/469 183/183/183 20/20/20
f 371/371/371 471/471/471 181/181/181
f 221/221/221 472/472/472 335/335/335
f 226/226/226 140/140/140 364/364/364
f 441/441/441 440/440/440 399/399/399
f 427/427/427 422/422/422 464/464/464
f 427/427/427 464/464/464 473/473/473
f 474/474/474 230/230/230 169/169/169
f 399/399/399 440/440/440 386/386/386
f 454/454/454 442/442/442 441/441/441
f 169/169/169 475/475/475 474/474/474
f 441/441/441 476/476/476 454/454/454
f 431/431/431 468/468/468 419/419/419
f 431/431/431 477/477/477 468/468/468
f 28/28/28 478/478/478 475/475/475
f 468/468/468 215/215/215 6/6/6
f 475/475/475 169/169/169 28/28/28
f 479/479/479 450/450/450 480/480/480
f 468/468/468 477/477/477 215/215/215
f 393/393/393 390/390/390 428/428/428
f 481/481/481 399/399/399 406/406/406
f 397/397/397 482/482/482 406/406/406
f 483/483/483 481/481/481 406/406/406
f 428/428/428 419/419/419 468/468/468
f 471/471/471 371/371/371 67/67/67
f 428/428/428 467/467/467 393/393/393
f 484/484/484 485/485/485 486/486/486
f 487/487/487 482/482/482 397/397/397
f 370/370/370 397/397/397 406/406/406
f 399/399/399 398/398/398 406/406/406
f 371/371/371 77/77/77 67/67/67
f 488/488/488 363/363/363 341/341/341
f 244/244/244 76/76/76 299/299/299
f 288/288/288 244/244/244 218/218/218
f 72/72/72 77/77/77 73/73/73
f 288/288/288 289/289/289 76/76/76
f 57/57/57 457/457/457 489/489/489
f 457/457/457 57/57/57 78/78/78
f 490/490/490 491/491/491 492/492/492
f 355/355/355 363/363/363 493/493/493
f 288/288/288 76/76/76 244/244/244
f 494/494/494 495/495/495 496/496/496
f 497/497/497 421/421/421 264/264/264
f 264/264/264 284/284/284 497/497/497
f 264/264/264 265/265/265 284/284/284
f 355/355/355 493/493/493 356/356/356
f 498/498/498 488/488/488 341/341/341
f 375/375/375 439/439/439 457/457/457
f 490/490/490 284/284/284 491/491/491
f 499/499/499 500/500/500 501/501/501
f 502/502/502 503/503/503 225/225/225
f 457/457/457 78/78/78 375/375/375
f 445/445/445 504/504/504 457/457/457
f 421/421/421 497/497/497 505/505/505
f 501/501/501 500/500/500 424/424/424
f 501/501/501 424/424/424 423/423/423
f 187/187/187 209/209/209 171/171/171
f 91/91/91 400/400/400 506/506/506
f 187/187/187 171/171/171 507/507/507
f 299/299/299 76/76/76 75/75/75
f 139/139/139 91/91/91 506/506/506
f 508/508/508 489/489/489 504/504/504
f 500/500/500 446/446/446 424/424/424
f 509/509/509 430/430/430 432/432/432
f 430/430/430 509/509/509 510/510/510
f 125/125/125 430/430/430 510/510/510
f 139/139/139 506/506/506 511/511/511
f 490/490/490 505/505/505 497/497/497
f 421/421/421 505/505/505 416/416/416
f 512/512/512 513/513/513 514/514/514
f 512/512/512 515/515/515 513/513/513
f 489/489/489 457/457/457 504/504/504
f 512/512/512 514/514/514 354/354/354
f 238/238/238 49/49/49 48/48/48
f 500/500/500 499/499/499 516/516/516
f 209/209/209 245/245/245 52/52/52
f 365/365/365 517/517/517 518/518/518
f 48/48/48 243/243/243 238/238/238
f 490/490/490 497/497/497 284/284/284
f 500/500/500 516/516/516 446/446/446
f 354/354/354 350/350/350 512/512/512
f 501/501/501 519/519/519 499/499/499
f 125/125/125 227/227/227 430/430/430
f 52/52/52 243/243/243 48/48/48
f 520/520/520 521/521/521 522/522/522
f 243/243/243 52/52/52 245/245/245
f 523/523/523 522/522/522 524/524/524
f 523/523/523 520/520/520 522/522/522
f 525/525/525 526/526/526 496/496/496
f 520/520/520 527/527/527 521/521/521
f 511/511/511 222/222/222 139/139/139
f 343/343/343 498/498/498 341/341/341
f 519/519/519 524/524/524 522/522/522
f 528/528/528 498/498/498 343/343/343
f 498/498/498 528/528/528 529/529/529
f 492/492/492 530/530/530 490/490/490
f 530/530/530 492/492/492 531/531/531
f 496/496/496 495/495/495 525/525/525
f 450/450/450 449/449/449 480/480/480
f 450/450/450 460/460/460 451/451/451
f 532/532/532 460/460/460 450/450/450
f 368/368/368 131/131/131 285/285/285
f 285/285/285 283/283/283 295/295/295
f 295/295/295 368/368/368 285/285/285
f 450/450/450 479/479/479 532/532/532
f 463/463/463 533/533/533 414/414/414
f 265/265/265 283/283/283 285/285/285
f 160/160/160 52/52/52 47/47/47
f 150/150/150 534/534/534 535/535/535
f 536/536/536 537/537/537 68/68/68
f 415/415/415 414/414/414 533/533/533
f 68/68/68 537/537/537 538/538/538
f 538/538/538 539/539/539 68/68/68
f 285/285/285 131/131/131 146/146/146
f 540/540/540 541/541/541 40/40/40
f 542/542/542 541/541/541 540/540/540
f 56/56/56 68/68/68 539/539/539
f 150/150/150 155/155/155 534/534/534
f 190/190/190 133/133/133 85/85/85
f 543/543/543 269/269/269 40/40/40
f 40/40/40 541/541/541 543/543/543
f 160/160/160 171/171/171 52/52/52
f 170/170/170 507/507/507 171/171/171
f 190/190/190 144/144/144 133/133/133
f 544/544/544 545/545/545 546/546/546
f 546/546/546 547/547/547 544/544/544
f 540/540/540 40/40/40 39/39/39
f 254/254/254 262/262/262 330/330/330
f 548/548/548 549/549/549 550/550/550
f 390/390/390 327/327/327 32/32/32
f 32/32/32 34/34/34 390/390/390
f 501/501/501 423/423/423 551/551/551
f 433/433/433 552/552/552 254/254/254
f 254/254/254 434/434/434 433/433/433
f 383/383/383 289/289/289 260/260/260
f 330/330/330 434/434/434 254/254/254
f 447/447/447 383/383/383 260/260/260
f 418/418/418 412/412/412 310/310/310
f 553/553/553 361/361/361 554/554/554
f 340/340/340 106/106/106 115/115/115
f 555/555/555 556/556/556 557/557/557
f 529/529/529 558/558/558 559/559/559
f 209/209/209 52/52/52 171/171/171
f 340/340/340 115/115/115 362/362/362
f 501/501/501 551/551/551 524/524/524
f 340/340/340 61/61/61 106/106/106
f 443/443/443 442/442/442 455/455/455
f 556/556/556 96/96/96 557/557/557
f 560/560/560 524/524/524 551/551/551
f 553/553/553 214/214/214 336/336/336
f 417/417/417 402/402/402 411/411/411
f 102/102/102 101/101/101 372/372/372
f 336/336/336 361/361/361 553/553/553
f 561/561/561 506/506/506 400/400/400
f 234/234/234 205/205/205 204/204/204
f 402/402/402 400/400/400 391/391/391
f 377/377/377 562/562/562 563/563/563
f 417/417/417 400/400/400 402/402/402
f 214/214/214 213/213/213 336/336/336
f 564/564/564 565/565/565 317/317/317
f 498/498/498 559/559/559 488/488/488
f 498/498/498 529/529/529 559/559/559
f 417/417/417 566/566/566 400/400/400
f 305/305/305 567/567/567 303/303/303
f 568/568/568 569/569/569 205/205/205
f 555/555/555 247/247/247 81/81/81
f 205/205/205 234/234/234 568/568/568
f 415/415/415 570/570/570 418/418/418
f 570/570/570 571/571/571 418/418/418
f 68/68/68 180/180/180 536/536/536
f 81/81/81 556/556/556 555/555/555
f 158/158/158 177/177/177 548/548/548
f 81/81/81 192/192/192 79/79/79
f 566/566/566 572/572/572 400/400/400
f 336/336/336 213/213/213 244/244/244
f 244/244/244 299/299/299 336/336/336
f 519/519/519 501/501/501 524/524/524
f 80/80/80 96/96/96 556/556/556
f 506/506/506 561/561/561 573/573/573
f 560/560/560 523/523/523 524/524/524
f 412/412/412 418/418/418 571/571/571
f 80/80/80 556/556/556 81/81/81
f 566/566/566 417/417/417 416/416/416
f 378/378/378 377/377/377 563/563/563
f 214/214/214 553/553/553 233/233/233
f 574/574/574 575/575/575 321/321/321
f 564/564/564 317/317/317 303/303/303
f 303/303/303 576/576/576 564/564/564
f 53/53/53 104/104/104 68/68/68
f 577/577/577 564/564/564 576/576/576
f 578/578/578 579/579/579 580/580/580
f 581/581/581 580/580/580 582/582/582
f 93/93/93 583/583/583 65/65/65
f 584/584/584 560/560/560 426/426/426
f 426/426/426 551/551/551 423/423/423
f 582/582/582 580/580/580 579/579/579
f 585/585/585 586/586/586 574/574/574
f 83/83/83 82/82/82 587/587/587
f 400/400/400 588/588/588 561/561/561
f 303/303/303 567/567/567 589/589/589
f 590/590/590 591/591/591 354/354/354
f 400/400/400 572/572/572 588/588/588
f 574/574/574 592/592/592 585/585/585
f 593/593/593 559/559/559 558/558/558
f 594/594/594 572/572/572 566/566/566
f 559/559/559 593/593/593 595/595/595
f 596/596/596 591/591/591 590/590/590
f 576/576/576 303/303/303 589/589/589
f 321/321/321 592/592/592 574/574/574
f 590/590/590 354/354/354 514/514/514
f 575/575/575 574/574/574 597/597/597
f 378/378/378 563/563/563 598/598/598
f 560/560/560 551/551/551 426/426/426
f 598/598/598 599/599/599 378/378/378
f 575/575/575 597/597/597 600/600/600
f 601/601/601 579/579/579 578/578/578
f 21/21/21 602/602/602 50/50/50
f 47/47/47 603/603/603 604/604/604
f 47/47/47 49/49/49 603/603/603
f 47/47/47 604/604/604 160/160/160
f 161/161/161 604/604/604 603/603/603
f 160/160/160 604/604/604 161/161/161
f 605/605/605 606/606/606 607/607/607
f 605/605/605 607/607/607 608/608/608
f 609/609/609 610/610/610 611/611/611
f 235/235/235 612/612/612 613/613/613
f 609/609/609 611/611/611 598/598/598
f 614/614/614 27/27/27 382/382/382
f 595/595/595 488/488/488 559/559/559
f 595/595/595 179/179/179 488/488/488
f 518/518/518 368/368/368 365/365/365
f 611/611/611 599/599/599 598/598/598
f 28/28/28 27/27/27 478/478/478
f 615/615/615 616/616/616 132/132/132
f 147/147/147 196/196/196 148/148/148
f 617/617/617 618/618/618 120/120/120
f 519/519/519 619/619/619 499/499/499
f 620/620/620 151/151/151 621/621/621
f 131/131/131 615/615/615 132/132/132
f 518/518/518 615/615/615 368/368/368
f 151/151/151 620/620/620 149/149/149
f 368/368/368 615/615/615 131/131/131
f 616/616/616 615/615/615 518/518/518
f 622/622/622 623/623/623 624/624/624
f 179/179/179 363/363/363 488/488/488
f 624/624/624 625/625/625 622/622/622
f 626/626/626 618/618/618 617/617/617
f 627/627/627 628/628/628 512/512/512
f 277/277/277 279/279/279 629/629/629
f 630/630/630 624/624/624 196/196/196
f 27/27/27 614/614/614 478/478/478
f 195/195/195 196/196/196 623/623/623
f 631/631/631 475/475/475 478/478/478
f 390/390/390 381/381/381 327/327/327
f 196/196/196 147/147/147 630/630/630
f 327/327/327 380/380/380 325/325/325
f 483/483/483 406/406/406 482/482/482
f 508/508/508 504/504/504 510/510/510
f 333/333/333 332/332/332 401/401/401
f 632/632/632 516/516/516 499/499/499
f 333/333/333 401/401/401 583/583/583
f 633/633/633 612/612/612 353/353/353
f 634/634/634 124/124/124 123/123/123
f 123/123/123 138/138/138 635/635/635
f 621/621/621 151/151/151 150/150/150
f 626/626/626 636/636/636 618/618/618
f 122/122/122 125/125/125 510/510/510
f 510/510/510 509/509/509 508/508/508
f 380/380/380 327/327/327 381/381/381
f 602/602/602 315/315/315 312/312/312
f 122/122/122 510/510/510 504/504/504
f 595/595/595 188/188/188 163/163/163
f 34/34/34 428/428/428 390/390/390
f 634/634/634 123/123/123 635/635/635
f 150/150/150 535/535/535 621/621/621
f 15/15/15 315/315/315 602/602/602
f 15/15/15 602/602/602 21/21/21
f 595/595/595 163/163/163 179/179/179
f 278/278/278 277/277/277 636/636/636
f 353/353/353 82/82/82 633/633/633
f 401/401/401 308/308/308 65/65/65
f 401/401/401 65/65/65 583/583/583
f 401/401/401 309/309/309 308/308/308
f 637/637/637 94/94/94 638/638/638
f 639/639/639 640/640/640 331/331/331
f 353/353/353 587/587/587 82/82/82
f 587/587/587 353/353/353 352/352/352
f 50/50/50 337/337/337 641/641/641
f 337/337/337 50/50/50 602/602/602
f 519/519/519 522/522/522 521/521/521
f 602/602/602 312/312/312 337/337/337
f 618/618/618 636/636/636 277/277/277
f 94/94/94 637/637/637 67/67/67
f 571/571/571 242/242/242 212/212/212
f 179/179/179 191/191/191 363/363/363
f 571/571/571 212/212/212 412/412/412
f 571/571/571 570/570/570 248/248/248
f 331/331/331 544/544/544 547/547/547
f 642/642/642 643/643/643 644/644/644
f 331/331/331 645/645/645 544/544/544
f 331/331/331 547/547/547 639/639/639
f 646/646/646 236/236/236 647/647/647
f 236/236/236 245/245/245 647/647/647
f 623/623/623 196/196/196 624/624/624
f 579/579/579 648/648/648 649/649/649
f 245/245/245 246/246/246 647/647/647
f 644/644/644 643/643/643 650/650/650
f 335/335/335 651/651/651 246/246/246
f 643/643/643 642/642/642 652/652/652
f 649/649/649 582/582/582 579/579/579
f 236/236/236 646/646/646 237/237/237
f 647/647/647 246/246/246 651/651/651
f 653/653/653 654/654/654 600/600/600
f 202/202/202 248/248/248 655/655/655
f 655/655/655 220/220/220 202/202/202
f 601/601/601 648/648/648 579/579/579
f 37/37/37 70/70/70 656/656/656
f 646/646/646 647/647/647 651/651/651
f 563/563/563 657/657/657 658/658/658
f 659/659/659 331/331/331 301/301/301
f 392/392/392 409/409/409 402/402/402
f 656/656/656 617/617/617 37/37/37
f 660/660/660 661/661/661 662/662/662
f 660/660/660 662/662/662 338/338/338
f 642/642/642 644/644/644 7/7/7
f 329/329/329 334/334/334 663/663/663
f 663/663/663 334/334/334 664/664/664
f 598/598/598 658/658/658 609/609/609
f 642/642/642 665/665/665 652/652/652
f 58/58/58 57/57/57 489/489/489
f 285/285/285 146/146/146 284/284/284
f 665/665/665 642/642/642 3/3/3
f 7/7/7 3/3/3 642/642/642
f 66/66/66 307/307/307 638/638/638
f 334/334/334 494/494/494 664/664/664
f 7/7/7 644/644/644 8/8/8
f 657/657/657 666/666/666 667/667/667
f 668/668/668 617/617/617 656/656/656
f 669/669/669 670/670/670 662/662/662
f 66/66/66 638/638/638 94/94/94
f 70/70/70 671/671/671 656/656/656
f 302/302/302 331/331/331 640/640/640
f 563/563/563 658/658/658 598/598/598
f 659/659/659 645/645/645 331/331/331
f 494/494/494 334/334/334 495/495/495
f 672/672/672 489/489/489 508/508/508
f 673/673/673 668/668/668 656/656/656
f 146/146/146 491/491/491 284/284/284
f 334/334/334 324/324/324 495/495/495
f 674/674/674 429/429/429 393/393/393
f 665/665/665 2/2/2 503/503/503
f 659/659/659 301/301/301 318/318/318
f 220/220/220 655/655/655 675/675/675
f 353/353/353 612/612/612 235/235/235
f 220/220/220 675/675/675 297/297/297
f 676/676/676 541/541/541 542/542/542
f 353/353/353 235/235/235 204/204/204
f 677/677/677 503/503/503 502/502/502
f 678/678/678 429/429/429 674/674/674
f 597/597/597 678/678/678 674/674/674
f 74/74/74 225/225/225 503/503/503
f 353/353/353 204/204/204 199/199/199
f 541/541/541 676/676/676 543/543/543
f 542/542/542 679/679/679 676/676/676
f 542/542/542 680/680/680 679/679/679
f 596/596/596 526/526/526 591/591/591
f 681/681/681 594/594/594 682/682/682
f 644/644/644 683/683/683 8/8/8
f 674/674/674 653/653/653 597/597/597
f 653/653/653 600/600/600 597/597/597
f 682/682/682 684/684/684 685/685/685
f 685/685/685 681/681/681 682/682/682
f 167/167/167 29/29/29 129/129/129
f 129/129/129 128/128/128 167/167/167
f 530/530/530 682/682/682 505/505/505
f 686/686/686 685/685/685 684/684/684
f 681/681/681 685/685/685 687/687/687
f 660/660/660 338/338/338 188/188/188
f 344/344/344 346/346/346 688/688/688
f 610/610/610 609/609/609 658/658/658
f 662/662/662 670/670/670 339/339/339
f 339/339/339 338/338/338 662/662/662
f 129/129/129 29/29/29 28/28/28
f 28/28/28 169/169/169 129/129/129
f 590/590/590 689/689/689 596/596/596
f 690/690/690 596/596/596 689/689/689
f 681/681/681 691/691/691 588/588/588
f 660/660/660 188/188/188 595/595/595
f 692/692/692 445/445/445 444/444/444
f 681/681/681 687/687/687 691/691/691
f 44/44/44 46/46/46 629/629/629
f 693/693/693 46/46/46 120/120/120
f 505/505/505 490/490/490 530/530/530
f 120/120/120 37/37/37 617/617/617
f 5/5/5 12/12/12 14/14/14
f 629/629/629 46/46/46 693/693/693
f 99/99/99 250/250/250 86/86/86
f 120/120/120 618/618/618 277/277/277
f 111/111/111 326/326/326 112/112/112
f 694/694/694 112/112/112 326/326/326
f 663/663/663 695/695/695 696/696/696
f 693/693/693 277/277/277 629/629/629
f 663/663/663 696/696/696 329/329/329
f 694/694/694 141/141/141 112/112/112
f 467/467/467 6/6/6 5/5/5
f 684/684/684 530/530/530 531/531/531
f 467/467/467 5/5/5 674/674/674
f 467/467/467 468/468/468 6/6/6
f 697/697/697 698/698/698 699/699/699
f 700/700/700 701/701/701 445/445/445
f 702/702/702 701/701/701 700/700/700
f 277/277/277 693/693/693 120/120/120
f 674/674/674 14/14/14 653/653/653
f 357/357/357 703/703/703 342/342/342
f 5/5/5 14/14/14 674/674/674
f 504/504/504 445/445/445 701/701/701
f 504/504/504 701/701/701 122/122/122
f 342/342/342 355/355/355 357/357/357
f 360/360/360 699/699/699 359/359/359
f 481/481/481 483/483/483 704/704/704
f 393/393/393 467/467/467 674/674/674
f 705/705/705 706/706/706 707/707/707
f 708/708/708 543/543/543 709/709/709
f 441/441/441 481/481/481 704/704/704
f 177/177/177 710/710/710 549/549/549
f 549/549/549 548/548/548 177/177/177
f 441/441/441 399/399/399 481/481/481
f 701/701/701 114/114/114 122/122/122
f 631/631/631 485/485/485 475/475/475
f 357/357/357 711/711/711 703/703/703
f 682/682/682 530/530/530 684/684/684
f 269/269/269 543/543/543 708/708/708
f 596/596/596 690/690/690 526/526/526
f 707/707/707 706/706/706 366/366/366
f 699/699/699 360/360/360 697/697/697
f 712/712/712 389/389/389 436/436/436
f 147/147/147 149/149/149 713/713/713
f 124/124/124 714/714/714 64/64/64
f 485/485/485 484/484/484 474/474/474
f 46/46/46 35/35/35 120/120/120
f 608/608/608 586/586/586 585/585/585
f 585/585/585 703/703/703 608/608/608
f 485/485/485 474/474/474 475/475/475
f 379/379/379 712/712/712 715/715/715
f 712/712/712 379/379/379 389/389/389
f 303/303/303 317/317/317 304/304/304
f 704/704/704 476/476/476 441/441/441
f 657/657/657 562/562/562 666/666/666
f 563/563/563 562/562/562 657/657/657
f 416/416/416 505/505/505 682/682/682
f 349/349/349 396/396/396 716/716/716
f 366/366/366 240/240/240 239/239/239
f 525/525/525 354/354/354 591/591/591
f 608/608/608 703/703/703 711/711/711
f 240/240/240 366/366/366 295/295/295
f 525/525/525 717/717/717 354/354/354
f 718/718/718 415/415/415 533/533/533
f 415/415/415 718/718/718 719/719/719
f 608/608/608 711/711/711 605/605/605
f 720/720/720 582/582/582 649/649/649
f 582/582/582 720/720/720 721/721/721
f 239/239/239 707/707/707 366/366/366
f 366/366/366 706/706/706 722/722/722
f 719/719/719 570/570/570 415/415/415
f 330/330/330 317/317/317 565/565/565
f 366/366/366 722/722/722 369/369/369
f 719/719/719 248/248/248 570/570/570
f 525/525/525 591/591/591 526/526/526
f 628/628/628 723/723/723 697/697/697
f 716/716/716 350/350/350 349/349/349
f 677/677/677 665/665/665 503/503/503
f 723/723/723 698/698/698 697/697/697
f 724/724/724 652/652/652 665/665/665
f 665/665/665 677/677/677 724/724/724
f 573/573/573 511/511/511 506/506/506
f 719/719/719 718/718/718 675/675/675
f 725/725/725 726/726/726 727/727/727
f 348/348/348 354/354/354 717/717/717
f 676/676/676 709/709/709 543/543/543
f 717/717/717 525/525/525 495/495/495
f 705/705/705 728/728/728 706/706/706
f 678/678/678 586/586/586 608/608/608
f 606/606/606 712/712/712 607/607/607
f 678/678/678 608/608/608 607/607/607
f 607/607/607 712/712/712 436/436/436
f 712/712/712 606/606/606 715/715/715
f 342/342/342 585/585/585 343/343/343
f 702/702/702 114/114/114 701/701/701
f 702/702/702 373/373/373 114/114/114
f 571/571/571 248/248/248 242/242/242
f 678/678/678 607/607/607 436/436/436
f 719/719/719 655/655/655 248/248/248
f 342/342/342 703/703/703 585/585/585
f 436/436/436 429/429/429 678/678/678
f 719/719/719 675/675/675 655/655/655
f 691/691/691 725/725/725 588/588/588
f 561/561/561 588/588/588 725/725/725
f 561/561/561 725/725/725 573/573/573
f 594/594/594 681/681/681 588/588/588
f 588/588/588 572/572/572 594/594/594
f 513/513/513 515/515/515 729/729/729
f 513/513/513 729/729/729 167/167/167
f 725/725/725 727/727/727 573/573/573
f 717/717/717 495/495/495 324/324/324
f 324/324/324 348/348/348 717/717/717
f 730/730/730 96/96/96 731/731/731
f 586/586/586 678/678/678 597/597/597
f 586/586/586 597/597/597 574/574/574
f 627/627/627 512/512/512 350/350/350
f 96/96/96 730/730/730 557/557/557
f 350/350/350 716/716/716 627/627/627
f 729/729/729 628/628/628 697/697/697
f 628/628/628 627/627/627 723/723/723
f 628/628/628 729/729/729 515/515/515
f 290/290/290 291/291/291 343/343/343
f 665/665/665 3/3/3 2/2/2
f 528/528/528 343/343/343 291/291/291
f 438/438/438 448/448/448 732/732/732
f 438/438/438 732/732/732 444/444/444
f 582/582/582 721/721/721 581/581/581
f 732/732/732 692/692/692 444/444/444
f 692/692/692 733/733/733 734/734/734
f 565/565/565 735/735/735 435/435/435
f 725/725/725 734/734/734 726/726/726
f 734/734/734 733/733/733 726/726/726
f 691/691/691 700/700/700 445/445/445
f 691/691/691 445/445/445 692/692/692
f 564/564/564 735/735/735 565/565/565
f 74/74/74 503/503/503 2/2/2
f 564/564/564 577/577/577 735/735/735
f 687/687/687 736/736/736 373/373/373
f 687/687/687 685/685/685 736/736/736
f 434/434/434 330/330/330 565/565/565
f 565/565/565 435/435/435 434/434/434
f 101/101/101 114/114/114 373/373/373
f 737/737/737 736/736/736 685/685/685
f 736/736/736 372/372/372 373/373/373
f 2/2/2 10/10/10 74/74/74
f 692/692/692 732/732/732 733/733/733
f 592/592/592 343/343/343 585/585/585
f 702/702/702 687/687/687 373/373/373
f 29/29/29 167/167/167 729/729/729
f 729/729/729 360/360/360 26/26/26
f 26/26/26 29/29/29 729/729/729
f 594/594/594 566/566/566 416/416/416
f 416/416/416 682/682/682 594/594/594
f 321/321/321 290/290/290 592/592/592
f 692/692/692 734/734/734 691/691/691
f 702/702/702 700/700/700 691/691/691
f 691/691/691 687/687/687 702/702/702
f 691/691/691 734/734/734 725/725/725
f 343/343/343 592/592/592 290/290/290
f 685/685/685 686/686/686 737/737/737
f 372/372/372 737/737/737 387/387/387
f 628/628/628 515/515/515 512/512/512
f 590/590/590 738/738/738 689/689/689
f 697/697/697 360/360/360 729/729/729
f 513/513/513 166/166/166 739/739/739
f 166/166/166 513/513/513 167/167/167
f 738/738/738 739/739/739 166/166/166
f 166/166/166 153/153/153 738/738/738
f 737/737/737 372/372/372 736/736/736
f 739/739/739 738/738/738 590/590/590
f 513/513/513 739/739/739 590/590/590
f 590/590/590 514/514/514 513/513/513
o hat_star
v -0.065588 0.434142 4.484633
v -0.070099 0.417378 4.488420
v -0.061272 0.413289 4.501950
v -0.052794 0.441335 4.492223
v -0.064453 0.404599 4.484014
v -0.071170 0.399079 4.463996
v -0.051683 0.399122 4.489300
v -0.052769 0.390822 4.468769
v -0.061272 0.413289 4.501950
v -0.070099 0.417378 4.488420
v -0.053463 0.416703 4.516725
v -0.048327 0.429519 4.506971
v -0.052794 0.441335 4.492223
v -0.053463 0.416703 4.516725
v -0.017545 0.414601 4.470245
v -0.026970 0.442449 4.468767
v -0.021201 0.415595 4.493972
v -0.026970 0.442449 4.468767
v -0.032251 0.435705 4.489438
v -0.021201 0.415595 4.493972
v -0.033405 0.403355 4.489264
v -0.031876 0.398072 4.466576
v -0.021201 0.415595 4.493972
v -0.031876 0.398072 4.466576
v -0.053463 0.416703 4.516725
v -0.026204 0.416328 4.517630
v -0.034865 0.426546 4.508880
v -0.026204 0.416328 4.517630
v 0.039538 0.444700 4.469765
v 0.029112 0.413508 4.470925
v 0.032634 0.414353 4.495184
v 0.043973 0.438283 4.490635
v 0.032634 0.414353 4.495184
v 0.029112 0.413508 4.470925
v 0.044354 0.396314 4.466984
v 0.045529 0.401655 4.489705
v 0.038612 0.415511 4.520769
v 0.045854 0.429122 4.510468
v 0.043973 0.438283 4.490635
v 0.038612 0.415511 4.520769
v 0.066847 0.391684 4.468470
v 0.064864 0.400215 4.488506
v 0.074260 0.414759 4.499695
v 0.080849 0.408748 4.480992
v 0.038612 0.415511 4.520769
v 0.064146 0.417188 4.513045
v 0.064146 0.417188 4.513045
v 0.059622 0.428498 4.505497
v 0.074260 0.414759 4.499695
v 0.066302 0.439755 4.491014
v 0.064146 0.417188 4.513045
v 0.066302 0.439755 4.491014
v -0.091940 0.512062 4.259395
v -0.091158 0.495816 4.266391
v -0.101193 0.488206 4.276454
v -0.100349 0.512295 4.276996
v -0.077554 0.492166 4.260900
v -0.075523 0.512257 4.251074
v -0.091940 0.512062 4.259395
v -0.100349 0.512295 4.276996
v -0.072707 0.521775 4.276374
v -0.075523 0.512257 4.251074
v -0.074319 0.483745 4.265549
v -0.075523 0.512257 4.251074
v -0.072707 0.521775 4.276374
v -0.074319 0.483745 4.265549
v -0.094968 0.469703 4.284431
v -0.076543 0.465872 4.278932
v 0.074546 0.508927 4.278457
v 0.088644 0.524529 4.277332
v 0.068940 0.488522 4.278857
v 0.090374 0.482554 4.264552
v 0.108207 0.366222 4.281830
v 0.112925 0.345325 4.277273
v 0.085215 0.342570 4.258337
v 0.089130 0.511974 4.248115
v 0.089130 0.511974 4.248115
v 0.102509 0.495858 4.266208
v 0.090374 0.482554 4.264552
v 0.103290 0.512197 4.258785
v 0.103290 0.512197 4.258785
v 0.089130 0.511974 4.248115
v 0.088644 0.524529 4.277332
v 0.109291 0.510450 4.277015
v 0.090668 0.372644 4.271853
v 0.111509 0.488989 4.278515
v 0.109291 0.510450 4.277015
v -0.073686 0.487891 4.432628
v -0.081531 0.488027 4.429136
v -0.080173 0.465322 4.426505
v -0.072968 0.458086 4.438856
v -0.091975 0.445752 4.419436
v -0.093196 0.439674 4.420185
v -0.090631 0.437627 4.441188
v -0.083409 0.446205 4.447443
v -0.072968 0.458086 4.438856
v -0.080173 0.465322 4.426505
v -0.083409 0.446205 4.447443
v -0.068013 0.450213 4.460084
v -0.074290 0.439310 4.466280
v -0.068013 0.450213 4.460084
v 0.059892 0.461786 4.293365
v 0.070318 0.467356 4.284437
v 0.094142 0.454574 4.286716
v 0.090445 0.465954 4.278949
v 0.067303 0.441645 4.302155
v 0.090975 0.438877 4.298848
v 0.090445 0.465954 4.278949
v 0.106855 0.470210 4.285317
v 0.094142 0.454574 4.286716
v 0.115919 0.464065 4.300033
v 0.119553 0.489383 4.300186
v 0.090975 0.438877 4.298848
v 0.107807 0.445400 4.306651
v 0.125623 0.464173 4.323691
v 0.119553 0.489383 4.300186
v 0.117710 0.490240 4.325370
v 0.125623 0.464173 4.323691
v 0.116378 0.439925 4.324134
v -0.072518 0.511277 4.431173
v -0.081181 0.513727 4.426288
v 0.074546 0.508927 4.278457
v 0.070507 0.507172 4.300849
v 0.090641 0.517669 4.302801
v 0.069223 0.505157 4.323838
v 0.090327 0.509136 4.323695
v 0.108346 0.506634 4.299419
v 0.119553 0.489383 4.300186
v 0.107269 0.502149 4.321676
v 0.095061 0.505603 4.331565
v 0.117710 0.490240 4.325370
v 0.032626 0.393501 4.373126
v 0.036713 0.367047 4.370265
v 0.030484 0.368813 4.398098
v 0.033656 0.394731 4.397257
v 0.046050 0.347287 4.374778
v 0.036231 0.343025 4.396076
v 0.038315 0.390095 4.421092
v 0.043552 0.369260 4.419528
v 0.038315 0.390095 4.421092
v 0.030484 0.368813 4.398098
v 0.036231 0.343025 4.396076
v 0.045225 0.345565 4.418627
v 0.064144 0.345231 4.434141
v 0.064262 0.367944 4.433725
v 0.053475 0.440219 4.373696
v 0.038366 0.418762 4.372738
v 0.036749 0.418287 4.393389
v 0.041850 0.440553 4.395569
v 0.024998 0.417517 4.420899
v 0.028052 0.437415 4.421251
v 0.027282 0.414289 4.414602
v 0.032531 0.446614 4.417527
v 0.032316 0.399852 4.419406
v -0.080569 0.317250 4.394485
v -0.073480 0.327579 4.378866
v -0.048283 0.311683 4.388581
v -0.053361 0.324866 4.377040
v -0.069947 0.305960 4.401148
v -0.052931 0.299141 4.397830
v -0.081263 0.344071 4.426450
v -0.079386 0.320193 4.422095
v -0.047852 0.320137 4.431300
v -0.048433 0.345164 4.432368
v -0.071492 0.299872 4.419170
v -0.047307 0.290282 4.425815
v -0.071492 0.299872 4.419170
v -0.047307 0.290282 4.425815
v -0.039974 0.329855 4.382509
v -0.039974 0.329855 4.382509
v -0.034699 0.323895 4.397368
v -0.048283 0.311683 4.388581
v -0.034118 0.348171 4.375650
v -0.026563 0.344568 4.396281
v -0.052931 0.299141 4.397830
v -0.043118 0.305894 4.403109
v -0.033896 0.345776 4.417390
v -0.048433 0.345164 4.432368
v -0.047852 0.320137 4.431300
v -0.036741 0.322387 4.417811
v -0.047307 0.290282 4.425815
v -0.040130 0.299849 4.418786
v 0.089695 0.393879 4.443555
v 0.067351 0.382230 4.448126
v 0.067182 0.373454 4.437033
v 0.085938 0.373005 4.431905
v 0.094810 0.368807 4.426700
v 0.097654 0.390877 4.425128
v 0.085938 0.373005 4.431905
v 0.089695 0.393879 4.443555
v 0.067273 0.345140 4.435044
v 0.064144 0.345231 4.434141
v 0.084825 0.346232 4.429981
v 0.094128 0.344290 4.424027
v 0.085938 0.373005 4.431905
v 0.067182 0.373454 4.437033
v 0.067273 0.345140 4.435044
v 0.085938 0.373005 4.431905
v 0.094128 0.344290 4.424027
v 0.084825 0.346232 4.429981
v 0.051999 0.329408 4.382047
v 0.046282 0.323137 4.397009
v 0.048520 0.322264 4.418266
v 0.048520 0.322264 4.418266
v 0.055217 0.305556 4.402758
v 0.051982 0.299467 4.418980
v 0.064282 0.310198 4.387003
v 0.051999 0.329408 4.382047
v 0.067005 0.324530 4.376606
v 0.064282 0.310198 4.387003
v 0.066734 0.298509 4.397252
v 0.064163 0.320163 4.433709
v 0.066734 0.298509 4.397252
v 0.065101 0.287399 4.429467
v 0.051982 0.299467 4.418980
v 0.051982 0.299467 4.418980
v 0.065101 0.287399 4.429467
v -0.109249 0.490500 4.299627
v -0.096467 0.507715 4.299513
v -0.109249 0.490500 4.299627
v -0.106343 0.492293 4.326209
v -0.095156 0.503218 4.322064
v -0.076213 0.517459 4.302515
v -0.076473 0.509345 4.323808
v 0.107515 0.415541 4.418690
v 0.102452 0.414706 4.448120
v 0.095919 0.444321 4.446546
v 0.090442 0.416859 4.467863
v 0.086154 0.438386 4.465028
v 0.083430 0.399856 4.463247
v 0.080849 0.408748 4.480992
v 0.083430 0.399856 4.463247
v 0.105302 0.417634 4.441664
v 0.107911 0.417146 4.419905
v 0.101825 0.436729 4.440247
v 0.104255 0.439261 4.420178
v 0.031350 0.401830 4.442214
v 0.038315 0.390095 4.421092
v 0.041486 0.390958 4.444451
v 0.031350 0.401830 4.442214
v 0.026102 0.413299 4.444606
v 0.024997 0.417412 4.443578
v 0.026102 0.413299 4.444606
v 0.027273 0.417615 4.466839
v 0.031649 0.434518 4.464989
v -0.102327 0.344059 4.301311
v -0.103547 0.345069 4.276154
v -0.092264 0.331527 4.275260
v -0.092501 0.334784 4.296708
v -0.077035 0.324321 4.276461
v -0.076949 0.328713 4.299037
v -0.074982 0.330412 4.304353
v -0.068076 0.341807 4.264785
v -0.074982 0.330412 4.304353
v -0.077035 0.324321 4.276461
v 0.068466 0.504380 4.354418
v 0.088799 0.501547 4.350174
v 0.094315 0.499848 4.350473
v 0.065285 0.517475 4.364804
v 0.092018 0.513981 4.370600
v 0.067010 0.533122 4.376860
v 0.085762 0.529136 4.380369
v 0.104810 0.494707 4.367387
v 0.111287 0.486053 4.347486
v 0.108067 0.487146 4.372834
v 0.111287 0.486053 4.347486
v 0.104810 0.494707 4.367387
v 0.101852 0.505853 4.376814
v 0.101852 0.505853 4.376814
v -0.015622 0.414713 4.415994
v -0.013671 0.417888 4.421345
v -0.014361 0.414054 4.444664
v -0.013407 0.417716 4.443305
v -0.016865 0.435848 4.442387
v -0.022166 0.445721 4.445170
v -0.016825 0.436142 4.421675
v 0.028257 0.437107 4.442867
v -0.079541 0.340229 4.368580
v -0.092310 0.337384 4.395197
v -0.079541 0.340229 4.368580
v -0.080569 0.317250 4.394485
v -0.092310 0.337384 4.395197
v -0.080569 0.317250 4.394485
v -0.079386 0.320193 4.422095
v -0.081263 0.344071 4.426450
v -0.071492 0.299872 4.419170
v 0.081922 0.417532 4.487500
v 0.077612 0.433495 4.483812
v -0.076780 0.338027 4.327724
v -0.054031 0.347561 4.324426
v -0.076335 0.348107 4.348485
v -0.054247 0.350391 4.350260
v -0.039672 0.361062 4.322208
v -0.043433 0.356942 4.346859
v -0.076335 0.348107 4.348485
v -0.054247 0.350391 4.350260
v -0.050077 0.339139 4.365401
v -0.032244 0.371079 4.349422
v -0.039672 0.361062 4.322208
v -0.034556 0.370888 4.325740
v -0.032244 0.371079 4.349422
v -0.030729 0.393043 4.325519
v -0.022044 0.391841 4.347512
v -0.040299 0.357052 4.353850
v -0.025962 0.368289 4.371505
v -0.022592 0.393196 4.372776
v -0.050077 0.339139 4.365401
v -0.034118 0.348171 4.375650
v 0.065215 0.344085 4.300698
v 0.070711 0.345892 4.278468
v 0.078955 0.331866 4.277736
v 0.075305 0.335529 4.299153
v 0.065215 0.344085 4.300698
v 0.078955 0.331866 4.277736
v 0.112844 0.416449 4.325678
v 0.122936 0.419342 4.347504
v 0.116378 0.439925 4.324134
v 0.115837 0.440795 4.348948
v 0.122936 0.419342 4.347504
v 0.112844 0.416449 4.325678
v 0.122936 0.419342 4.347504
v 0.122425 0.394541 4.321714
v 0.127603 0.391881 4.349236
v 0.122425 0.394541 4.321714
v 0.118206 0.418252 4.374073
v 0.107153 0.437898 4.368795
v 0.120852 0.391809 4.375057
v 0.067747 0.349735 4.349821
v 0.066881 0.345679 4.324646
v 0.090169 0.348554 4.348318
v 0.091380 0.338728 4.327601
v 0.064815 0.338158 4.364441
v 0.092925 0.342021 4.370127
v 0.121708 0.366736 4.324842
v 0.117329 0.367317 4.349409
v 0.107163 0.355534 4.346486
v 0.109499 0.350037 4.323067
v 0.109499 0.350037 4.323067
v 0.107163 0.355534 4.346486
v 0.111253 0.370564 4.371973
v 0.102940 0.351834 4.374527
v 0.117329 0.367317 4.349409
v 0.102940 0.351834 4.374527
v 0.091763 0.330428 4.305199
v 0.104150 0.383696 4.288897
v 0.111111 0.391225 4.303410
v 0.118572 0.369435 4.299534
v 0.118572 0.369435 4.299534
v 0.112751 0.346047 4.300617
v 0.112925 0.345325 4.277273
v 0.091763 0.330428 4.305199
v 0.092695 0.537940 4.395684
v 0.103989 0.518734 4.395378
v 0.064373 0.537811 4.432810
v 0.064173 0.512942 4.433980
v 0.094031 0.513406 4.423877
v 0.089885 0.535916 4.419827
v 0.092695 0.537940 4.395684
v 0.089885 0.535916 4.419827
v 0.103989 0.518734 4.395378
v 0.094031 0.513406 4.423877
v 0.107187 0.510159 4.396306
v 0.112201 0.488181 4.396144
v 0.101471 0.509301 4.414248
v 0.095267 0.488299 4.427089
v 0.105327 0.487731 4.415019
v 0.034827 0.447924 4.445494
v 0.045363 0.463387 4.418437
v 0.046572 0.456611 4.441613
v 0.045363 0.463387 4.418437
v 0.034827 0.447924 4.445494
v 0.039538 0.444700 4.469765
v 0.047711 0.450924 4.464014
v 0.063840 0.469372 4.433985
v 0.066624 0.461221 4.442308
v 0.067359 0.487849 4.435131
v 0.064160 0.487241 4.434322
v 0.063840 0.469372 4.433985
v 0.066624 0.461221 4.442308
v 0.065751 0.454729 4.464673
v 0.069493 0.449766 4.473445
v 0.068753 0.458850 4.449085
v 0.112412 0.369349 4.396080
v 0.111494 0.392642 4.395064
v 0.104366 0.338671 4.395700
v 0.107454 0.347326 4.396210
v 0.104366 0.338671 4.395700
v 0.105217 0.369825 4.414690
v 0.103055 0.394335 4.415413
v 0.101603 0.348040 4.414208
v -0.020814 0.444954 4.418236
v -0.073322 0.530186 4.379493
v -0.080711 0.540262 4.394525
v -0.047878 0.545854 4.388450
v -0.053386 0.532788 4.377328
v -0.069801 0.551960 4.400835
v -0.052797 0.559254 4.397030
v -0.070540 0.557264 4.418647
v -0.048490 0.565439 4.426223
v -0.048490 0.565439 4.426223
v -0.070540 0.557264 4.418647
v -0.078835 0.537203 4.421843
v -0.048391 0.537764 4.430570
v -0.040173 0.527944 4.382877
v -0.034822 0.533713 4.397336
v -0.040173 0.527944 4.382877
v -0.047878 0.545854 4.388450
v -0.052797 0.559254 4.397030
v -0.043380 0.551987 4.402554
v -0.048490 0.565439 4.426223
v -0.041290 0.557409 4.418194
v -0.048490 0.565439 4.426223
v -0.048391 0.537764 4.430570
v -0.037335 0.534943 4.417424
v -0.041290 0.557409 4.418194
v -0.037335 0.534943 4.417424
v 0.120763 0.465302 4.351213
v 0.109203 0.464769 4.370860
v -0.077399 0.391863 4.444673
v -0.073209 0.372960 4.433191
v -0.053649 0.373935 4.436847
v -0.052125 0.382001 4.447812
v -0.072514 0.345909 4.431254
v -0.048433 0.345164 4.432368
v -0.053867 0.345138 4.434386
v -0.072514 0.345909 4.431254
v -0.048928 0.367960 4.432290
v -0.039438 0.380786 4.433640
v -0.032028 0.369694 4.417727
v -0.029136 0.393435 4.443969
v -0.032028 0.369694 4.417727
v -0.027740 0.392307 4.420351
v -0.039438 0.380786 4.433640
v -0.029136 0.393435 4.443969
v -0.057779 0.467560 4.285661
v -0.077659 0.454174 4.285392
v -0.046861 0.462792 4.295362
v -0.057779 0.467560 4.285661
v -0.057217 0.488502 4.280243
v -0.046861 0.462792 4.295362
v -0.046421 0.490769 4.298328
v -0.076833 0.438366 4.298218
v -0.054337 0.442569 4.303655
v -0.038987 0.465036 4.306036
v -0.042209 0.484829 4.305042
v -0.054337 0.442569 4.303655
v -0.043133 0.445438 4.312101
v -0.031932 0.464374 4.325243
v -0.037468 0.484641 4.325407
v -0.041743 0.437233 4.317641
v -0.036731 0.441538 4.326743
v 0.051288 0.379916 4.433843
v 0.051288 0.379916 4.433843
v -0.078835 0.537203 4.421843
v -0.070540 0.557264 4.418647
v -0.080711 0.540262 4.394525
v -0.116684 0.393497 4.348694
v -0.114144 0.392197 4.326766
v -0.112878 0.371222 4.324907
v -0.111435 0.373905 4.346969
v -0.113538 0.415408 4.349710
v -0.107858 0.414466 4.332167
v -0.110805 0.413796 4.368998
v -0.112910 0.394514 4.369657
v -0.026803 0.488886 4.371471
v -0.019636 0.489052 4.397341
v -0.027914 0.464320 4.372228
v -0.023165 0.463174 4.397086
v -0.042143 0.440161 4.374173
v -0.030492 0.440908 4.397509
v -0.031518 0.488376 4.418121
v -0.048715 0.487387 4.432849
v -0.048266 0.469027 4.432090
v -0.033423 0.462525 4.417527
v -0.023165 0.463174 4.397086
v -0.019636 0.489052 4.397341
v -0.020814 0.444954 4.418236
v 0.068405 0.415068 4.307698
v 0.089745 0.415025 4.306067
v 0.090025 0.388257 4.283572
v 0.071768 0.387225 4.288713
v 0.064307 0.395117 4.296564
v 0.092395 0.399540 4.292574
v 0.068405 0.415068 4.307698
v 0.089745 0.415025 4.306067
v 0.089745 0.415025 4.306067
v 0.104793 0.413163 4.312749
v 0.104793 0.413163 4.312749
v 0.032361 0.391259 4.347009
v 0.041400 0.392935 4.324098
v 0.046462 0.370342 4.325427
v 0.043862 0.369770 4.348879
v 0.054740 0.354807 4.324944
v 0.052320 0.356392 4.353252
v 0.054740 0.354807 4.324944
v 0.052320 0.356392 4.353252
v 0.064815 0.338158 4.364441
v 0.067284 0.512154 4.434901
v -0.086042 0.389664 4.427004
v -0.081107 0.368744 4.428748
v -0.073209 0.372960 4.433191
v -0.086042 0.389664 4.427004
v -0.072514 0.345909 4.431254
v -0.056336 0.503931 4.323854
v -0.075401 0.502579 4.350828
v -0.055167 0.504101 4.355187
v -0.044625 0.495814 4.325113
v -0.048671 0.493778 4.346994
v -0.055167 0.504101 4.355187
v -0.075401 0.502579 4.350828
v -0.078711 0.515376 4.368871
v -0.050673 0.516864 4.365743
v -0.048671 0.493778 4.346994
v -0.041451 0.495657 4.357028
v -0.044625 0.495814 4.325113
v -0.048671 0.493778 4.346994
v -0.038152 0.483775 4.352467
v -0.034480 0.509232 4.376183
v -0.050673 0.516864 4.365743
v -0.041451 0.495657 4.357028
v -0.096496 0.366716 4.280839
v -0.092211 0.384236 4.288535
v -0.076171 0.372264 4.271956
v -0.076447 0.388529 4.283430
v -0.103547 0.345069 4.276154
v -0.068076 0.341807 4.264785
v 0.085993 0.328713 4.379589
v 0.092659 0.319569 4.395661
v 0.081596 0.306430 4.401398
v 0.064144 0.345231 4.434141
v 0.064163 0.320163 4.433709
v 0.090559 0.321384 4.420197
v 0.092659 0.319569 4.395661
v 0.082994 0.300262 4.418904
v 0.065101 0.287399 4.429467
v 0.082994 0.300262 4.418904
v 0.053289 0.485795 4.303818
v 0.050643 0.465001 4.304961
v 0.043138 0.464557 4.324785
v 0.049225 0.485498 4.325176
v 0.055100 0.445090 4.310748
v 0.048054 0.441357 4.326135
v 0.057920 0.492172 4.297179
v 0.057920 0.492172 4.297179
v 0.050643 0.465001 4.304961
v 0.055100 0.445090 4.310748
v 0.054487 0.436033 4.315482
v 0.067303 0.441645 4.302155
v 0.110920 0.465347 4.395900
v 0.099604 0.444532 4.396109
v 0.093400 0.464914 4.424312
v 0.103094 0.464743 4.413033
v 0.103134 0.444447 4.419630
v 0.106883 0.414556 4.393395
v 0.107911 0.417146 4.419905
v 0.107515 0.415541 4.418690
v 0.103055 0.394335 4.415413
v -0.032765 0.464187 4.348963
v -0.035296 0.439200 4.348275
v -0.106343 0.492293 4.326209
v -0.114661 0.463786 4.323580
v -0.109615 0.465626 4.352811
v -0.099713 0.487855 4.348307
v -0.105444 0.438578 4.322862
v -0.105411 0.441040 4.350115
v -0.096817 0.487654 4.372727
v -0.097844 0.464718 4.371640
v -0.095143 0.438543 4.369541
v -0.106465 0.419483 4.375459
v -0.094912 0.415022 4.394147
v -0.088444 0.444077 4.396377
v -0.110039 0.391463 4.376562
v -0.100057 0.392932 4.396171
v -0.096551 0.417049 4.420035
v -0.091564 0.394148 4.416349
v -0.058128 0.506148 4.301001
v -0.062662 0.508380 4.278946
v -0.058128 0.506148 4.301001
v -0.034195 0.415994 4.328072
v -0.025094 0.417950 4.347939
v -0.027483 0.417326 4.372512
v -0.045571 0.368426 4.296308
v -0.058010 0.367898 4.282772
v -0.051184 0.393999 4.298578
v -0.054253 0.346339 4.301042
v -0.059156 0.346289 4.279111
v -0.059156 0.346289 4.279111
v -0.054253 0.346339 4.301042
v -0.039565 0.391260 4.308722
v -0.040664 0.370622 4.305496
v -0.051184 0.393999 4.298578
v -0.076171 0.372264 4.271956
v -0.068076 0.341807 4.264785
v 0.085215 0.342570 4.258337
v 0.085215 0.342570 4.258337
v 0.090660 0.322807 4.276624
v 0.090660 0.322807 4.276624
v 0.103816 0.331274 4.275228
v -0.050077 0.339139 4.365401
v -0.110786 0.365140 4.325045
v -0.105953 0.365179 4.350286
v -0.116349 0.391808 4.349599
v -0.105953 0.365179 4.350286
v -0.110786 0.365140 4.325045
v -0.097353 0.348822 4.323368
v -0.094956 0.354419 4.346854
v -0.099868 0.369375 4.372372
v -0.091217 0.350875 4.374259
v -0.091217 0.350875 4.374259
v -0.076780 0.338027 4.327724
v -0.076335 0.348107 4.348485
v -0.094956 0.354419 4.346854
v -0.112154 0.420551 4.347313
v -0.101858 0.417286 4.323703
v -0.107858 0.414466 4.332167
v -0.112154 0.420551 4.347313
v -0.105444 0.438578 4.322862
v -0.081181 0.513727 4.426288
v -0.048486 0.512959 4.432205
v -0.026911 0.512909 4.396276
v -0.048486 0.512959 4.432205
v -0.033986 0.511611 4.417360
v -0.026911 0.512909 4.396276
v -0.053906 0.487761 4.434551
v -0.073686 0.487891 4.432628
v -0.072968 0.458086 4.438856
v -0.052791 0.461145 4.442396
v -0.053906 0.487761 4.434551
v -0.053906 0.487761 4.434551
v -0.052791 0.461145 4.442396
v -0.052316 0.455159 4.465040
v -0.054190 0.451416 4.473622
v -0.054190 0.451416 4.473622
v -0.048266 0.469027 4.432090
v -0.034024 0.455441 4.441309
v -0.033423 0.462525 4.417527
v -0.020814 0.444954 4.418236
v -0.022166 0.445721 4.445170
v -0.035557 0.449855 4.463509
v -0.026091 0.417362 4.395026
v -0.023532 0.393829 4.396796
v -0.099224 0.392208 4.301940
v -0.108110 0.369928 4.297862
v -0.108110 0.369928 4.297862
v -0.112878 0.371222 4.324907
v -0.114144 0.392197 4.326766
v -0.110786 0.365140 4.325045
v -0.114144 0.392197 4.326766
v -0.111263 0.395431 4.320359
v -0.111263 0.395431 4.320359
v -0.095587 0.444852 4.305736
v -0.092930 0.413166 4.311755
v -0.111263 0.395431 4.320359
v -0.076077 0.415197 4.305683
v -0.077378 0.400006 4.291751
v -0.072518 0.511277 4.431173
v -0.053889 0.512128 4.434233
v -0.053889 0.512128 4.434233
v 0.090503 0.328368 4.298901
v 0.104137 0.335172 4.296353
v 0.103816 0.331274 4.275228
v 0.104137 0.335172 4.296353
v 0.103816 0.331274 4.275228
v 0.064173 0.512942 4.433980
v 0.067284 0.512154 4.434901
v 0.084829 0.510895 4.429910
v 0.084829 0.510895 4.429910
v 0.086558 0.487774 4.431436
v 0.095267 0.488299 4.427089
v -0.055158 0.414943 4.308716
v -0.055158 0.414943 4.308716
v -0.045466 0.420174 4.314871
v -0.037160 0.395865 4.313292
v 0.086154 0.438386 4.465028
v -0.093847 0.417399 4.442406
v -0.086952 0.399926 4.438764
v -0.090937 0.414028 4.448744
v -0.086952 0.399926 4.438764
v -0.090937 0.414028 4.448744
v -0.080186 0.416423 4.470106
v -0.080186 0.416423 4.470106
v -0.099713 0.487855 4.348307
v -0.090938 0.495751 4.346586
v -0.090938 0.495751 4.346586
v -0.099713 0.487855 4.348307
v -0.078931 0.501239 4.349898
v -0.090938 0.495751 4.346586
v -0.078931 0.501239 4.349898
v -0.092163 0.496770 4.365208
v -0.099713 0.487855 4.348307
v -0.092163 0.496770 4.365208
v -0.090074 0.506882 4.376223
v -0.090074 0.506882 4.376223
v 0.057920 0.492172 4.297179
v 0.057855 0.497949 4.325705
v 0.057855 0.497949 4.325705
v -0.101880 0.368918 4.396552
v -0.095513 0.346781 4.396260
v -0.093408 0.369634 4.415645
v -0.089984 0.347297 4.415390
v 0.045899 0.416216 4.326803
v 0.035827 0.419227 4.347347
v 0.046635 0.439780 4.348388
v 0.051347 0.391469 4.307516
v 0.052025 0.370135 4.304280
v 0.057370 0.368432 4.294151
v 0.064307 0.395117 4.296564
v 0.070341 0.368013 4.281682
v 0.070341 0.368013 4.281682
v 0.052030 0.359107 4.322267
v 0.052030 0.359107 4.322267
v 0.030185 0.488958 4.397714
v 0.038079 0.489640 4.369711
v 0.038859 0.463194 4.371362
v 0.033808 0.461961 4.397554
v 0.042906 0.488445 4.420104
v 0.042906 0.488445 4.420104
v 0.045363 0.463387 4.418437
v -0.019909 0.368696 4.397571
v -0.048928 0.367960 4.432290
v 0.054510 0.414401 4.315344
v 0.068405 0.415068 4.307698
v 0.059533 0.420768 4.312550
v 0.046413 0.534437 4.396988
v 0.052250 0.528444 4.382476
v 0.046545 0.509997 4.375386
v 0.036566 0.514493 4.396006
v 0.049201 0.535074 4.417867
v 0.045332 0.511885 4.418569
v 0.049201 0.535074 4.417867
v 0.045332 0.511885 4.418569
v 0.064018 0.547405 4.386652
v 0.066680 0.559966 4.396389
v 0.081453 0.551599 4.401063
v 0.065239 0.567111 4.429289
v 0.082141 0.557029 4.418382
v 0.065239 0.567111 4.429289
v 0.082141 0.557029 4.418382
v 0.065239 0.567111 4.429289
v -0.104592 0.462693 4.298104
v -0.114661 0.463786 4.323580
v -0.109249 0.490500 4.299627
v -0.101599 0.488617 4.396435
v -0.099921 0.464698 4.396260
v -0.093536 0.487922 4.415941
v -0.091456 0.464566 4.414159
v 0.043898 0.464458 4.348687
v 0.049942 0.484574 4.351791
v -0.092264 0.331527 4.275260
v -0.077035 0.324321 4.276461
v 0.085558 0.457369 4.437818
v 0.093400 0.464914 4.424312
v 0.085558 0.457369 4.437818
v 0.095919 0.444321 4.446546
v 0.093400 0.464914 4.424312
v 0.053134 0.557836 4.418414
v 0.055459 0.552384 4.402215
v 0.064018 0.547405 4.386652
v 0.052250 0.528444 4.382476
v 0.066680 0.559966 4.396389
v 0.053134 0.557836 4.418414
v 0.053134 0.557836 4.418414
v -0.095277 0.510708 4.396325
v -0.089865 0.510087 4.415411
v -0.091966 0.520009 4.394819
v -0.091966 0.520009 4.394819
v 0.054133 0.500433 4.359505
v 0.062205 0.495909 4.346893
v 0.049942 0.484574 4.351791
v 0.062205 0.495909 4.346893
v 0.054133 0.500433 4.359505
v 0.065285 0.517475 4.364804
vn -0.7060 0.4607 0.5379
vn -0.7847 0.3216 0.5299
vn -0.7885 0.3821 0.4819
vn -0.6655 0.5362 0.5192
vn -0.6335 -0.6539 0.4136
vn -0.6154 -0.6663 0.4212
vn -0.0934 -0.8184 0.5669
vn -0.0756 -0.9220 0.3796
vn -0.2349 -0.8395 0.4900
vn -0.7747 -0.4830 0.4081
vn -0.8505 0.3824 0.3612
vn -0.1353 0.7066 0.6945
vn 0.2097 0.8451 0.4917
vn -0.0789 0.6363 0.7674
vn 0.9646 -0.2009 0.1707
vn 0.9243 0.3236 0.2022
vn 0.9799 -0.1238 0.1562
vn 0.4983 0.7868 0.3641
vn 0.5528 0.7370 0.3888
vn 0.8334 0.5074 0.2191
vn 0.3615 -0.7340 0.5749
vn 0.4172 -0.8698 0.2632
vn 0.2753 -0.8833 0.3795
vn 0.7183 -0.6668 0.1984
vn -0.0212 -0.9716 0.2357
vn 0.0466 -0.9950 0.0885
vn 0.2359 0.7587 0.6072
vn 0.4357 0.7077 0.5561
vn -0.8505 0.4320 0.3001
vn -0.9457 0.1595 0.2831
vn -0.8912 0.4119 0.1903
vn -0.8461 0.4540 0.2794
vn -0.3375 -0.8731 0.3518
vn -0.7475 -0.6479 0.1465
vn -0.4852 -0.8358 0.2571
vn -0.3052 -0.7748 0.5537
vn -0.8743 0.4492 0.1839
vn -0.2044 0.7432 0.6371
vn -0.1639 0.8987 0.4068
vn -0.0398 0.6164 0.7865
vn 0.1903 -0.8942 0.4053
vn 0.2282 -0.7976 0.5584
vn 0.2148 -0.8293 0.5159
vn 0.5519 -0.7245 0.4129
vn 0.0290 -0.9960 0.0847
vn 0.1483 -0.9471 0.2847
vn 0.2931 0.5754 0.7635
vn 0.3347 0.6427 0.6892
vn 0.7897 0.2821 0.5448
vn 0.6763 0.4751 0.5629
vn 0.7598 0.4155 0.5000
vn 0.1418 0.8363 0.5297
vn -0.6121 -0.2606 -0.7466
vn -0.4516 -0.4213 -0.7865
vn -0.7571 -0.2567 -0.6007
vn -0.9171 0.0411 -0.3965
vn -0.1999 -0.4810 -0.8536
vn -0.3733 -0.3769 -0.8477
vn -0.2547 0.9351 -0.2464
vn -0.4349 0.8937 0.1101
vn -0.1545 0.9879 0.0103
vn -0.1778 0.9274 -0.3291
vn -0.2282 -0.5524 -0.8017
vn 0.9943 -0.0119 -0.1062
vn 0.8881 0.2411 -0.3913
vn 0.7904 0.0225 -0.6122
vn -0.4744 -0.5133 -0.7152
vn -0.0094 -0.5437 -0.8392
vn -0.2729 0.0562 -0.9604
vn -0.8421 0.0789 -0.5336
vn -0.6878 0.0360 -0.7250
vn -0.6870 -0.1356 -0.7138
vn 0.6708 0.3349 -0.6617
vn 0.5790 0.1009 -0.8090
vn 0.3697 0.0248 -0.9288
vn -0.9991 -0.0416 0.0013
vn 0.5511 -0.3778 -0.7440
vn 0.5988 -0.3858 -0.7019
vn 0.5366 -0.4538 -0.7115
vn 0.7102 -0.2616 -0.6536
vn 0.3980 0.8771 -0.2689
vn 0.2697 0.8863 -0.3764
vn 0.1431 0.9895 0.0189
vn 0.6209 0.7815 0.0613
vn 0.0902 0.4606 -0.8830
vn 0.8236 -0.1986 -0.5312
vn 0.9450 0.0754 -0.3183
vn -0.4887 0.0041 0.8725
vn -0.5850 -0.0195 0.8108
vn -0.8015 0.1083 0.5882
vn -0.8353 0.0931 0.5419
vn -0.8042 0.2869 0.5206
vn -0.9931 0.1050 0.0516
vn -0.8870 0.2942 0.3559
vn -0.8153 0.3876 0.4302
vn -0.3461 0.7331 0.5855
vn -0.3209 0.7236 0.6111
vn -0.4690 0.7496 0.4670
vn -0.4218 0.8207 0.3855
vn -0.7373 0.4667 0.4884
vn -0.5775 0.6286 0.5210
vn -0.6246 -0.3127 -0.7156
vn -0.4195 -0.4601 -0.7825
vn -0.2365 -0.5678 -0.7885
vn -0.2466 -0.6179 -0.7466
vn -0.3226 -0.4247 -0.8459
vn -0.1548 -0.4242 -0.8922
vn 0.4229 -0.5158 -0.7450
vn 0.5918 -0.4648 -0.6586
vn 0.5294 -0.5046 -0.6819
vn 0.7996 -0.3451 -0.4916
vn 0.9314 -0.0833 -0.3544
vn 0.5105 -0.4189 -0.7510
vn 0.6616 -0.4090 -0.6285
vn 0.8927 -0.2645 -0.3650
vn 0.9562 0.2864 0.0602
vn 0.9350 0.3215 0.1494
vn 0.9914 0.0524 0.1202
vn 0.8607 -0.2496 -0.4437
vn -0.4543 0.0985 0.8854
vn -0.7583 0.1962 0.6216
vn -0.7455 0.6614 -0.0826
vn -0.6370 0.7709 -0.0022
vn 0.0754 0.9634 0.2572
vn -0.3864 0.9116 0.1402
vn 0.1043 0.9443 0.3122
vn 0.6933 0.7053 0.1480
vn 0.8350 0.5457 0.0706
vn 0.5854 0.7488 0.3108
vn 0.4097 0.8692 0.2768
vn 0.6836 0.6844 0.2536
vn -0.9980 0.0627 -0.0010
vn -0.9101 -0.3226 -0.2601
vn -0.9966 -0.0489 -0.0665
vn -0.9992 0.0389 0.0101
vn -0.7136 -0.5088 -0.4815
vn -0.8691 -0.3910 -0.3029
vn -0.9473 -0.3137 0.0646
vn -0.7514 -0.1958 0.6301
vn -0.7974 -0.2420 0.5528
vn -0.8622 -0.1854 0.4715
vn -0.9029 -0.1966 0.3823
vn -0.7937 -0.1102 0.5982
vn -0.5101 -0.0070 0.8601
vn -0.5691 -0.1717 0.8041
vn -0.9938 0.0548 -0.0972
vn -0.9223 0.3833 0.0491
vn -0.9365 0.2153 -0.2768
vn -0.8997 -0.0062 -0.4366
vn -0.9839 -0.0780 -0.1609
vn -0.9352 0.2679 -0.2317
vn -0.9567 -0.0997 -0.2736
vn -0.9281 0.3583 -0.1011
vn -0.7727 -0.4832 -0.4116
vn -0.3521 -0.7172 -0.6014
vn -0.2482 -0.6923 -0.6776
vn -0.0599 -0.6155 -0.7858
vn 0.1265 -0.6373 -0.7601
vn -0.4758 -0.7730 -0.4196
vn -0.3277 -0.7685 -0.5496
vn -0.2156 -0.2959 0.9306
vn -0.2891 -0.2023 0.9357
vn -0.2464 -0.1420 0.9587
vn -0.1720 -0.1250 0.9771
vn -0.3979 -0.8747 -0.2767
vn -0.3029 -0.9244 -0.2318
vn -0.3520 -0.2659 0.8974
vn -0.3011 -0.2072 0.9308
vn 0.4830 -0.5441 -0.6861
vn 0.7454 -0.4458 -0.4957
vn 0.8813 -0.4079 -0.2386
vn 0.7172 -0.5210 -0.4629
vn 0.8003 -0.4152 -0.4326
vn 0.9495 -0.3112 -0.0402
vn 0.6562 -0.6351 -0.4075
vn 0.7209 -0.5709 -0.3928
vn 0.8372 -0.1008 0.5375
vn 0.7027 -0.0197 0.7112
vn 0.7636 -0.0757 0.6412
vn 0.9067 -0.1444 0.3963
vn 0.8551 -0.4904 0.1682
vn 0.8829 -0.4528 0.1243
vn 0.4268 -0.7102 0.5598
vn 0.0898 -0.8606 0.5012
vn 0.0123 -0.7175 0.6964
vn 0.2164 -0.5052 0.8354
vn 0.6265 -0.0640 0.7768
vn 0.8518 -0.2307 0.4703
vn 0.6053 -0.1373 0.7841
vn 0.7630 -0.5010 0.4085
vn 0.1122 -0.9776 0.1783
vn 0.0478 -0.9989 -0.0027
vn 0.2148 -0.6393 0.7383
vn 0.1420 -0.8540 0.5005
vn 0.2616 -0.0668 0.9629
vn -0.1513 -0.1952 0.9690
vn -0.1688 -0.0114 0.9856
vn 0.2809 -0.0804 0.9564
vn 0.6902 -0.1847 0.6997
vn 0.5091 -0.1010 0.8547
vn -0.6968 -0.4843 -0.5291
vn -0.8438 -0.4646 -0.2685
vn -0.9660 -0.2418 0.0918
vn -0.7561 -0.1142 0.6444
vn -0.6865 -0.5862 -0.4302
vn -0.8662 -0.4575 -0.2011
vn -0.6514 -0.5525 -0.5201
vn -0.4372 -0.5598 -0.7039
vn -0.0693 -0.6244 -0.7780
vn 0.2060 -0.6123 -0.7633
vn -0.6133 -0.6281 -0.4790
vn -0.6891 -0.0867 0.7195
vn 0.3192 -0.7998 -0.5084
vn -0.0190 -0.9449 -0.3268
vn -0.5013 -0.8098 -0.3047
vn -0.6652 -0.0777 0.7426
vn -0.6889 -0.0968 0.7184
vn -0.9390 -0.0901 -0.3319
vn -0.6001 0.7780 0.1860
vn -0.7967 0.5924 0.1199
vn -0.6624 0.7117 0.2338
vn -0.5021 0.8212 0.2711
vn 0.0104 0.9783 0.2068
vn -0.0565 0.9469 0.3167
vn 0.9272 -0.3284 0.1804
vn 0.8844 -0.1924 0.4253
vn 0.8641 0.3126 0.3945
vn 0.8815 -0.1051 0.4604
vn 0.8314 0.2892 0.4745
vn 0.5040 -0.7575 0.4149
vn 0.8440 -0.3708 0.3876
vn 0.7756 -0.4763 0.4143
vn 0.9575 -0.1317 0.2565
vn 0.9976 -0.0583 0.0380
vn 0.9032 0.2894 0.3169
vn 0.9909 0.1216 0.0583
vn -0.9135 -0.4064 -0.0207
vn -0.7072 -0.6965 0.1217
vn -0.6101 -0.7532 0.2459
vn -0.6688 -0.5127 0.5384
vn -0.9368 -0.3003 -0.1796
vn -0.9964 -0.0802 0.0261
vn -0.8086 -0.5581 0.1861
vn -0.9459 0.0363 0.3224
vn -0.8513 0.3540 0.3873
vn -0.7909 -0.5920 0.1550
vn -0.8679 -0.4963 0.0222
vn -0.5859 -0.8054 0.0902
vn -0.5055 -0.8067 0.3061
vn -0.3834 -0.9107 0.1537
vn -0.0724 -0.9607 0.2680
vn -0.3783 -0.8593 0.3443
vn 0.7519 -0.6565 -0.0601
vn 0.6237 -0.7801 0.0496
vn 0.8976 -0.4399 0.0300
vn -0.2246 0.8404 -0.4932
vn 0.1536 0.9766 -0.1505
vn 0.5425 0.8377 -0.0633
vn 0.0090 0.6156 -0.7880
vn 0.5155 0.6395 -0.5703
vn -0.0686 0.5882 -0.8058
vn 0.4037 0.6265 -0.6667
vn 0.7095 0.6493 -0.2740
vn 0.6226 0.7697 0.1414
vn 0.9664 0.2556 -0.0263
vn 0.8738 0.4394 0.2084
vn 0.9205 0.3907 -0.0082
vn 0.7208 0.5392 -0.4355
vn 0.8947 0.3474 -0.2809
vn 0.9567 -0.1439 -0.2528
vn 0.9803 -0.0946 -0.1732
vn 0.9504 -0.2775 0.1403
vn 0.9184 0.0324 0.3943
vn 0.8906 0.2740 0.3631
vn 0.9167 0.3551 0.1831
vn 0.9380 0.2628 -0.2258
vn -0.9351 0.3433 0.0874
vn -0.1219 -0.8085 -0.5757
vn -0.7682 -0.4830 -0.4202
vn -0.7388 -0.6231 -0.2568
vn -0.7882 -0.4446 -0.4256
vn -0.9243 -0.3621 0.1205
vn -0.8835 -0.4602 0.0869
vn -0.9281 -0.3230 0.1853
vn -0.7537 -0.1720 0.6343
vn -0.9253 -0.3708 0.0792
vn 0.8740 -0.1068 0.4741
vn 0.7172 0.4678 0.5165
vn 0.4047 -0.8438 0.3524
vn 0.5415 -0.8319 0.1217
vn 0.2504 -0.9344 0.2533
vn 0.4023 -0.9023 -0.1549
vn 0.7093 -0.7049 0.0060
vn 0.6542 -0.7504 -0.0942
vn -0.0687 -0.9251 -0.3736
vn -0.0069 -0.8704 -0.4923
vn 0.0166 -0.7272 -0.6862
vn 0.7765 -0.5961 -0.2042
vn 0.8863 -0.3883 -0.2523
vn 0.9204 -0.3276 -0.2133
vn 0.8747 -0.4408 -0.2014
vn 0.9176 0.0198 -0.3970
vn 0.9785 -0.0998 -0.1805
vn 0.6563 -0.6354 -0.4070
vn 0.9251 -0.2950 -0.2389
vn 0.9982 0.0601 0.0031
vn 0.5751 -0.6414 -0.5078
vn 0.6638 -0.6078 -0.4358
vn -0.8846 -0.3839 -0.2649
vn -0.8533 -0.2435 -0.4610
vn -0.8021 -0.4511 -0.3913
vn -0.5348 -0.7715 0.3446
vn -0.5682 -0.8112 0.1385
vn -0.6151 -0.7609 -0.2067
vn 0.8797 -0.1660 -0.4456
vn 0.9037 -0.1621 -0.3964
vn 0.9900 -0.1387 0.0265
vn 0.9711 0.0647 0.2297
vn 0.9674 0.2388 0.0842
vn 0.7647 0.4286 -0.4812
vn 0.7983 0.4261 -0.4256
vn 0.7592 0.4061 -0.5086
vn 0.9934 -0.0829 0.0789
vn 0.9859 0.0124 -0.1670
vn 0.8665 0.3215 0.3819
vn 0.9034 0.2081 0.3749
vn 0.9548 -0.1058 0.2776
vn -0.1963 -0.9593 -0.2028
vn -0.4554 -0.8786 0.1438
vn 0.1254 -0.9917 0.0290
vn 0.1285 -0.9216 0.3663
vn 0.0041 -0.7308 -0.6826
vn 0.4886 -0.7607 -0.4274
vn 0.9417 -0.3362 0.0161
vn 0.8626 -0.4500 0.2310
vn 0.5940 -0.8005 0.0795
vn 0.5573 -0.7876 0.2627
vn 0.7363 -0.6440 0.2076
vn 0.7087 -0.6679 0.2275
vn 0.9204 -0.3784 0.0980
vn 0.7353 -0.6564 -0.1687
vn 0.7536 -0.6568 0.0268
vn 0.9076 -0.4022 -0.1201
vn -0.0308 -0.9501 0.3104
vn 0.6016 0.4778 -0.6401
vn 0.6986 0.4289 -0.5726
vn 0.7792 0.3437 -0.5242
vn 0.9777 -0.1842 -0.1012
vn 0.8427 -0.5258 0.1160
vn 0.8909 -0.4537 0.0207
vn 0.6095 -0.7245 0.3219
vn 0.5780 0.6122 -0.5396
vn 0.7530 0.4753 -0.4550
vn -0.1666 0.1236 0.9782
vn -0.3158 0.0656 0.9466
vn 0.4381 0.2125 0.8734
vn 0.4564 0.1921 0.8688
vn 0.8814 0.4510 0.1404
vn 0.8960 0.3458 0.2784
vn 0.9170 0.3803 0.1204
vn 0.8483 0.2554 0.4639
vn 0.9528 0.3028 0.0220
vn 0.9912 0.0935 0.0934
vn 0.8484 0.3226 0.4197
vn 0.7667 -0.0048 0.6420
vn 0.8657 0.0216 0.5001
vn -0.8447 0.5221 0.1180
vn -0.8808 0.3033 0.3636
vn -0.4219 0.8559 0.2989
vn -0.5002 0.8237 0.2669
vn -0.5291 0.8173 0.2283
vn -0.3129 0.8798 0.3578
vn -0.3083 0.8717 0.3809
vn -0.3467 0.7803 0.5205
vn -0.0400 0.9057 0.4221
vn -0.0639 0.0688 0.9956
vn -0.4048 0.0002 0.9144
vn -0.7608 0.0502 0.6470
vn -0.0376 0.2610 0.9646
vn 0.0667 0.9195 0.3874
vn 0.2883 0.8294 0.4785
vn 0.2919 0.9047 0.3104
vn 0.9688 -0.1379 0.2060
vn 0.9057 0.1214 0.4062
vn 0.7643 -0.4998 -0.4074
vn 0.9517 -0.3018 0.0557
vn 0.9178 -0.3724 0.1376
vn 0.8693 -0.0544 0.4913
vn 0.9332 -0.0470 0.3563
vn 0.8472 -0.3137 0.4288
vn 0.9380 0.1608 -0.3070
vn -0.2945 0.6608 -0.6904
vn -0.4909 0.6436 -0.5872
vn -0.0572 0.5838 -0.8099
vn 0.1296 0.6144 -0.7783
vn -0.5105 0.7692 -0.3844
vn -0.3413 0.7618 -0.5507
vn -0.4112 0.8866 -0.2120
vn -0.2958 0.9424 -0.1560
vn -0.3218 0.2024 0.9249
vn -0.4089 0.3061 0.8597
vn -0.2981 0.2087 0.9315
vn -0.2452 0.1348 0.9601
vn 0.4850 0.5058 -0.7134
vn 0.8906 0.3968 -0.2223
vn 0.7473 0.4286 -0.5077
vn 0.7369 0.4975 -0.4577
vn 0.6927 0.6280 -0.3547
vn 0.7476 0.5683 -0.3435
vn 0.5943 0.7476 -0.2966
vn 0.6960 0.6678 -0.2640
vn 0.7836 0.1102 0.6114
vn 0.7604 0.0903 0.6431
vn 0.8141 0.1138 0.5695
vn 0.7957 0.1197 0.5938
vn 0.9684 0.2252 0.1073
vn 0.9481 0.0471 0.3146
vn 0.9585 -0.1163 0.2605
vn -0.6069 -0.6165 0.5015
vn -0.3183 -0.3673 0.8739
vn 0.1432 -0.4859 0.8622
vn 0.0562 -0.8778 0.4757
vn -0.0478 -0.9007 0.4317
vn 0.3386 -0.2455 0.9084
vn 0.0773 -0.7018 0.7082
vn -0.1698 -0.1482 0.9743
vn 0.5586 -0.2544 0.7894
vn 0.4998 -0.6358 0.5882
vn 0.5927 -0.5046 0.6277
vn 0.4642 -0.8249 0.3225
vn 0.8056 -0.1285 0.5784
vn 0.8992 -0.3813 0.2144
vn 0.8229 -0.4740 0.3134
vn 0.7787 -0.6182 0.1069
vn 0.3656 -0.5605 -0.7431
vn -0.0660 -0.5711 -0.8182
vn 0.3907 -0.5081 -0.7676
vn 0.6170 -0.2126 -0.7577
vn 0.7374 0.0378 -0.6744
vn 0.7708 -0.1617 -0.6162
vn 0.8683 0.3472 -0.3543
vn -0.0957 -0.4361 -0.8948
vn 0.3226 -0.3823 -0.8659
vn 0.8806 -0.0846 -0.4662
vn 0.9141 0.2529 -0.3169
vn 0.6471 -0.3179 -0.6930
vn 0.7447 -0.3478 -0.5696
vn 0.9873 0.0227 -0.1572
vn 0.9148 0.3966 -0.0770
vn 0.8096 -0.0909 -0.5799
vn 0.9494 -0.0574 -0.3086
vn -0.5914 -0.4168 0.6903
vn -0.4950 -0.7755 0.3920
vn -0.9213 0.3341 0.1991
vn -0.9127 0.3944 0.1068
vn -0.8838 0.4543 0.1116
vn -0.9996 -0.0092 0.0266
vn -0.9720 0.1458 -0.1842
vn -0.9679 -0.2467 0.0488
vn -0.8896 -0.3427 0.3020
vn -0.9744 0.2237 -0.0220
vn -0.9061 0.2976 -0.3007
vn -0.9258 0.2462 0.2869
vn -0.9564 -0.0990 0.2747
vn 0.8932 0.2148 -0.3949
vn 0.9649 0.0872 -0.2475
vn 0.9336 -0.2948 -0.2036
vn 0.9198 -0.2811 -0.2738
vn 0.9949 0.0449 -0.0904
vn 0.9024 -0.0364 -0.4294
vn 0.7830 0.0100 0.6220
vn 0.4879 -0.0060 0.8729
vn 0.7438 0.0664 0.6651
vn 0.8220 0.1270 0.5552
vn 0.8869 0.1104 0.4486
vn 0.8931 0.0505 0.4471
vn 0.7409 0.5474 0.3892
vn -0.1154 -0.2481 -0.9618
vn -0.0737 -0.2854 -0.9556
vn 0.0896 0.5989 -0.7958
vn -0.3812 0.4452 -0.8103
vn -0.2630 0.5145 -0.8162
vn 0.2139 0.6061 -0.7661
vn -0.1435 0.5678 -0.8106
vn 0.1559 0.6639 -0.7314
vn 0.4140 -0.2292 -0.8810
vn 0.6492 -0.1995 -0.7340
vn 0.6108 0.4973 -0.6161
vn -0.9746 -0.1156 -0.1920
vn -0.9030 0.0243 -0.4289
vn -0.9073 -0.3672 -0.2051
vn -0.8373 -0.5017 -0.2173
vn -0.8706 -0.4912 -0.0271
vn -0.7274 -0.6038 -0.3260
vn -0.5698 -0.7466 -0.3434
vn -0.4740 -0.8571 -0.2017
vn -0.5907 -0.5856 -0.5552
vn -0.0479 0.0285 0.9984
vn -0.8487 -0.1900 0.4936
vn -0.5936 -0.0728 0.8015
vn -0.4668 -0.0556 0.8826
vn -0.7607 -0.4842 0.4324
vn -0.4651 -0.0783 0.8818
vn 0.4452 0.8871 0.1217
vn -0.1731 0.9728 0.1542
vn 0.3645 0.9310 -0.0186
vn 0.5559 0.8215 0.1269
vn 0.7749 0.6317 0.0205
vn 0.2312 0.6677 -0.7076
vn -0.0492 0.8040 -0.5926
vn -0.4486 0.6500 -0.6133
vn 0.0764 0.6087 -0.7897
vn 0.5028 0.7089 -0.4946
vn 0.4699 0.6279 -0.6204
vn 0.8071 0.5877 -0.0565
vn 0.7087 0.7008 -0.0813
vn 0.8433 0.4318 -0.3200
vn 0.7477 0.4252 -0.5100
vn 0.6240 0.4727 -0.6222
vn 0.7014 0.4319 -0.5670
vn -0.5911 0.3844 -0.7091
vn -0.5332 0.5007 -0.6819
vn -0.2711 0.4006 -0.8752
vn -0.0221 0.5791 -0.8150
vn -0.4269 0.1228 -0.8959
vn -0.3134 -0.1283 -0.9409
vn 0.3690 -0.6626 -0.6517
vn 0.5656 -0.6359 -0.5250
vn 0.5674 -0.7165 -0.4059
vn 0.3191 -0.0161 0.9476
vn 0.4169 -0.0996 0.9035
vn 0.7779 -0.2944 0.5551
vn 0.8803 -0.4617 0.1095
vn 0.5120 -0.8085 -0.2900
vn 0.5171 -0.1579 0.8412
vn 0.7471 -0.3038 0.5913
vn -0.9072 0.2622 -0.3290
vn -0.9206 -0.0498 -0.3872
vn -0.9874 0.0240 -0.1562
vn -0.9040 0.4237 -0.0575
vn -0.7691 -0.3018 -0.5634
vn -0.9445 -0.0564 -0.3235
vn -0.8804 0.3839 -0.2784
vn -0.8333 0.0761 -0.5475
vn -0.7929 -0.1556 -0.5892
vn -0.6645 -0.4389 -0.6048
vn -0.7767 -0.1191 -0.6185
vn -0.6378 -0.1987 -0.7442
vn 0.9750 -0.2019 0.0934
vn 0.9915 -0.1285 -0.0222
vn 0.8248 0.1115 0.5543
vn 0.8476 0.0287 0.5299
vn 0.8311 0.2774 0.4820
vn 0.9392 0.2113 0.2708
vn -0.9787 0.1970 0.0585
vn 0.9980 -0.0106 -0.0619
vn 0.9769 0.1901 0.0979
vn -0.9358 0.3115 0.1649
vn -0.9920 0.0416 0.1195
vn -0.9432 0.0551 0.3276
vn -0.8666 0.4480 0.2198
vn -0.9919 -0.1261 0.0126
vn -0.9672 0.0669 0.2449
vn -0.9604 0.2767 -0.0326
vn -0.9571 -0.1231 0.2621
vn -0.8926 0.2015 0.4033
vn -0.8170 0.3740 0.4390
vn -0.9364 0.2195 0.2738
vn -0.9902 -0.1363 -0.0311
vn -0.9407 -0.1287 0.3139
vn -0.8938 0.1401 0.4261
vn -0.9995 -0.0219 0.0215
vn -0.9508 -0.0788 0.2996
vn 0.5392 0.8372 0.0916
vn 0.6747 0.3369 -0.6567
vn 0.7828 0.6099 -0.1237
vn 0.8597 0.1397 -0.4913
vn 0.9604 0.2503 -0.1221
vn 0.9349 0.3513 0.0500
vn 0.8510 -0.0910 -0.5173
vn 0.6555 0.2204 -0.7223
vn 0.6343 0.2753 -0.7224
vn 0.6220 -0.7824 -0.0316
vn 0.6087 -0.7819 -0.1343
vn 0.8667 -0.0618 -0.4949
vn 0.8827 -0.3998 -0.2468
vn 0.7817 0.1665 -0.6010
vn 0.8644 -0.3619 -0.3490
vn 0.3270 0.5028 -0.8002
vn 0.5403 0.3269 -0.7754
vn 0.7080 0.1948 -0.6788
vn -0.8105 -0.1972 -0.5515
vn -0.5491 -0.6441 -0.5326
vn -0.1513 -0.9878 -0.0360
vn 0.4273 -0.3991 -0.8113
vn -0.3063 0.3286 -0.8934
vn 0.6482 -0.4400 -0.6215
vn -0.9239 -0.3640 0.1182
vn -0.8754 -0.3886 0.2876
vn -0.9647 -0.2454 0.0958
vn -0.7014 -0.7034 0.1152
vn -0.9190 -0.3937 0.0218
vn -0.6034 -0.7558 0.2542
vn -0.6033 -0.7764 0.1822
vn -0.9160 -0.3894 0.0966
vn -0.7135 -0.6759 -0.1847
vn -0.9072 -0.4099 -0.0947
vn -0.4567 -0.8442 0.2805
vn -0.3243 -0.8482 0.4188
vn -0.2652 -0.8826 -0.3883
vn -0.9662 0.2576 -0.0138
vn -0.8481 0.1280 -0.5140
vn -0.7952 0.4401 -0.4170
vn -0.9167 -0.0014 -0.3995
vn -0.8449 -0.2552 -0.4701
vn -0.2133 0.3023 0.9290
vn -0.1730 0.3469 0.9218
vn 0.8963 0.3451 -0.2785
vn 0.6030 0.0415 0.7967
vn 0.8369 0.1301 0.5316
vn 0.9166 0.2366 0.3222
vn -0.0958 0.0882 0.9915
vn -0.1099 0.1192 0.9868
vn -0.0935 0.2015 0.9750
vn 0.0281 0.8080 0.5886
vn -0.2059 0.2687 0.9410
vn 0.4009 0.0224 0.9158
vn 0.8396 0.1856 0.5105
vn 0.0094 0.9371 0.3489
vn -0.5756 0.6819 0.4514
vn 0.1371 0.8983 0.4175
vn 0.4419 0.7726 0.4559
vn 0.4791 0.8270 0.2941
vn 0.6803 0.7148 0.1621
vn 0.8118 0.5835 0.0241
vn 0.6302 0.7529 0.1898
vn 0.4072 0.8422 0.3534
vn 0.9347 0.2043 -0.2907
vn 0.9989 0.0467 0.0075
vn -0.6449 0.4593 -0.6109
vn -0.7296 0.3858 -0.5646
vn -0.9833 -0.1640 -0.0794
vn 0.3633 0.1040 -0.9258
vn -0.8927 -0.0826 -0.4430
vn -0.9553 -0.0598 -0.2895
vn -0.7464 0.4007 -0.5314
vn -0.5932 -0.4290 -0.6812
vn -0.6065 0.2210 -0.7638
vn -0.9142 0.3188 -0.2502
vn -0.1100 0.2104 -0.9714
vn -0.0993 0.6047 -0.7902
vn -0.1256 0.6023 0.7883
vn -0.1216 0.7857 0.6066
vn 0.3442 0.0194 0.9387
vn 0.0079 -0.9616 0.2745
vn 0.4919 -0.8498 0.1896
vn 0.5463 -0.8251 0.1439
vn 0.6863 -0.6618 0.3015
vn 0.8126 -0.5806 0.0518
vn 0.1515 0.9435 0.2948
vn 0.3324 0.4204 0.8443
vn 0.3808 0.0604 0.9227
vn 0.4591 -0.0133 0.8883
vn 0.2397 0.1856 -0.9529
vn 0.4241 0.2412 -0.8729
vn 0.6822 0.0844 -0.7263
vn 0.8148 0.1717 -0.5537
vn 0.6460 0.5707 0.5070
vn -0.9562 -0.0588 0.2869
vn -0.8748 -0.4015 0.2711
vn -0.9174 -0.0093 0.3979
vn -0.7224 -0.5341 0.4392
vn -0.7294 -0.5276 0.4356
vn -0.8562 0.2918 0.4262
vn -0.7426 -0.5211 0.4207
vn -0.5961 0.7337 0.3260
vn -0.4998 0.8126 0.2999
vn -0.4629 0.6465 0.6064
vn 0.1972 0.1552 -0.9680
vn -0.1530 0.5374 -0.8293
vn -0.8981 0.4391 -0.0235
vn -0.5186 0.8298 -0.2061
vn -0.6338 0.6958 -0.3377
vn -0.8995 0.3487 -0.2633
vn -0.7024 0.5662 -0.4313
vn -0.7471 0.6548 -0.1141
vn -0.8200 0.5704 -0.0476
vn -0.5815 0.8078 0.0969
vn -0.9648 -0.1534 0.2138
vn -0.9466 -0.3193 0.0446
vn -0.8540 -0.0526 0.5176
vn -0.8272 -0.3516 0.4384
vn -0.8341 0.1517 -0.5304
vn -0.9530 0.2726 -0.1326
vn -0.9741 0.2028 0.0998
vn -0.7713 0.1966 -0.6053
vn -0.8203 -0.4680 -0.3287
vn -0.8390 -0.0628 -0.5405
vn -0.6311 0.3108 -0.7107
vn -0.4740 0.3708 -0.7986
vn -0.7092 0.1339 -0.6922
vn -0.9017 -0.4236 -0.0863
vn -0.6557 -0.7459 -0.1166
vn -0.9915 0.0511 0.1196
vn -0.8741 0.2334 -0.4260
vn -0.9241 -0.3128 -0.2196
vn -0.9890 -0.1480 0.0040
vn -0.8695 0.0007 0.4940
vn -0.5956 -0.0018 0.8032
vn -0.6182 -0.1123 0.7780
vn 0.9854 -0.1139 0.1267
vn 0.6517 0.0168 0.7583
vn -0.6658 0.3085 -0.6794
vn -0.5157 0.1916 -0.8351
vn -0.6206 -0.0521 -0.7824
vn -0.8547 0.4531 -0.2536
vn -0.7022 0.4634 -0.5406
vn -0.6878 0.4632 -0.5590
vn -0.9365 0.3449 -0.0629
vn -0.9547 0.2307 0.1881
vn -0.8966 0.1759 0.4065
vn -0.7077 0.1248 0.6954
vn -0.6496 0.1017 0.7534
vn 0.2070 0.5779 -0.7894
vn 0.3425 0.8066 -0.4818
vn 0.6008 0.7090 -0.3692
vn -0.0139 0.9770 -0.2128
vn 0.5109 0.8324 -0.2148
vn -0.2808 0.1229 0.9519
vn 0.7483 0.3145 0.5840
vn 0.6332 0.2816 0.7210
vn -0.7623 -0.3858 -0.5196
vn -0.9050 -0.2459 -0.3471
vn -0.9585 0.2717 0.0865
vn -0.9898 0.1056 0.0951
vn -0.9735 -0.2097 0.0915
vn -0.8464 0.0141 0.5323
vn -0.8347 0.0372 0.5495
vn -0.9969 -0.0093 -0.0777
vn -0.8259 0.4025 -0.3949
vn 0.1748 0.2092 -0.9621
vn -0.2535 -0.3373 -0.9066
vn 0.5060 0.1828 0.8429
vn 0.7833 0.0411 0.6203
vn 0.3906 0.7336 0.5561
vn 0.4826 0.7265 0.4891
vn 0.3717 0.7017 0.6078
vn -0.8749 0.4596 -0.1525
vn -0.7181 0.5732 -0.3946
vn -0.6709 0.5260 -0.5227
vn -0.4425 0.5144 -0.7346
vn -0.6486 0.6042 -0.4628
vn -0.4712 0.8574 -0.2069
vn -0.7082 0.1056 0.6981
vn -0.9484 0.3169 0.0128
vn -0.8297 0.3574 0.4289
vn -0.9249 0.3659 0.1028
vn -0.7558 0.4580 -0.4679
vn -0.6367 0.4882 -0.5970
vn -0.6547 0.7552 -0.0313
vn -0.6207 0.7580 0.2004
vn -0.6625 0.4619 -0.5897
vn -0.4077 0.6346 -0.6565
vn -0.5684 0.5035 -0.6508
vt 0.691158 0.706465
vt 0.665882 0.692057
vt 0.646284 0.711102
vt 0.692005 0.733189
vt 0.857051 0.754777
vt 0.822007 0.744449
vt 0.861511 0.777416
vt 0.825567 0.778767
vt 0.890687 0.759283
vt 0.873301 0.736784
vt 0.634769 0.736371
vt 0.530610 0.847509
vt 0.560940 0.837401
vt 0.503463 0.841246
vt 0.304134 0.368810
vt 0.259534 0.387296
vt 0.318538 0.405026
vt 0.598622 0.880984
vt 0.562452 0.872600
vt 0.541690 0.905026
vt 0.868276 0.805659
vt 0.831050 0.815448
vt 0.888714 0.826661
vt 0.336499 0.352003
vt 0.917974 0.767884
vt 0.926840 0.812104
vt 0.526903 0.869599
vt 0.506411 0.886037
vt 0.840717 0.416013
vt 0.885735 0.375974
vt 0.915430 0.410747
vt 0.874358 0.439645
vt 0.484056 0.270557
vt 0.480995 0.230072
vt 0.519506 0.224020
vt 0.512200 0.259740
vt 0.945887 0.450132
vt 0.947659 0.364976
vt 0.949156 0.330129
vt 0.962338 0.390545
vt 0.556089 0.235001
vt 0.541114 0.266366
vt 0.547480 0.298433
vt 0.571778 0.273947
vt 0.480378 0.313472
vt 0.524777 0.314736
vt 0.918349 0.384467
vt 0.924758 0.361750
vt 0.373446 0.301537
vt 0.332096 0.319254
vt 0.361057 0.277257
vt 0.911904 0.332392
vt 0.021403 0.648642
vt 0.050191 0.651792
vt 0.068611 0.634586
vt 0.033047 0.619062
vt 0.051128 0.675705
vt 0.014286 0.677883
vt 0.886320 0.911033
vt 0.864213 0.887915
vt 0.846439 0.932209
vt 0.890476 0.940801
vt 0.067061 0.680588
vt 0.004390 0.095570
vt 0.007735 0.135865
vt 0.052800 0.097085
vt 0.100798 0.643687
vt 0.103149 0.675003
vt 0.411765 0.623888
vt 0.377922 0.632494
vt 0.445478 0.632298
vt 0.436954 0.674489
vt 0.246748 0.807016
vt 0.277866 0.824782
vt 0.305487 0.776819
vt 0.382010 0.684412
vt 0.939827 0.101701
vt 0.900396 0.077778
vt 0.882488 0.101789
vt 0.930735 0.074245
vt 0.644272 0.083517
vt 0.663636 0.061306
vt 0.610751 0.055184
vt 0.614712 0.095296
vt 0.251770 0.774151
vt 0.879539 0.058943
vt 0.912137 0.049016
vt 0.816576 0.692884
vt 0.824308 0.681185
vt 0.793544 0.659730
vt 0.769822 0.672312
vt 0.776226 0.623743
vt 0.767357 0.617045
vt 0.742051 0.642183
vt 0.746160 0.662413
vt 0.654257 0.802345
vt 0.679343 0.794042
vt 0.634222 0.780664
vt 0.616566 0.808850
vt 0.717258 0.684243
vt 0.738007 0.694417
vt 0.496683 0.626285
vt 0.479548 0.643219
vt 0.496353 0.684412
vt 0.473589 0.676918
vt 0.531629 0.641645
vt 0.529625 0.681189
vt 0.845628 0.097012
vt 0.846196 0.069057
vt 0.822203 0.091939
vt 0.824275 0.047079
vt 0.861029 0.026322
vt 0.788659 0.092629
vt 0.791267 0.061175
vt 0.803596 0.010647
vt 0.355053 0.659710
vt 0.342328 0.621365
vt 0.385752 0.612695
vt 0.767888 0.036319
vt 0.850907 0.712605
vt 0.862721 0.700178
vt 0.595532 0.025229
vt 0.559352 0.033040
vt 0.569798 0.067970
vt 0.522677 0.043575
vt 0.533723 0.077432
vt 0.578300 0.100317
vt 0.578004 0.132453
vt 0.542082 0.105932
vt 0.521463 0.088949
vt 0.538368 0.130747
vt 0.782437 0.232409
vt 0.807758 0.194338
vt 0.842208 0.228411
vt 0.812186 0.261977
vt 0.835766 0.168112
vt 0.868156 0.192305
vt 0.850450 0.281503
vt 0.623448 0.923925
vt 0.655844 0.908423
vt 0.608074 0.885434
vt 0.567474 0.901441
vt 0.585782 0.936931
vt 0.597167 0.975243
vt 0.633031 0.964365
vt 0.726496 0.292405
vt 0.752476 0.263585
vt 0.778016 0.287077
vt 0.753549 0.316641
vt 0.816780 0.319462
vt 0.793520 0.343773
vt 0.812494 0.308077
vt 0.776076 0.351241
vt 0.836006 0.294427
vt 0.996696 0.594609
vt 0.977539 0.621173
vt 0.942964 0.583229
vt 0.944835 0.612981
vt 0.983571 0.570446
vt 0.954958 0.559532
vt 0.093885 0.502981
vt 0.053543 0.503834
vt 0.053319 0.557496
vt 0.094850 0.557496
vt 0.998701 0.543267
vt 0.967290 0.512351
vt 0.018791 0.514696
vt 0.003030 0.555718
vt 0.919913 0.608483
vt 0.378249 0.164108
vt 0.397424 0.185767
vt 0.413670 0.154818
vt 0.343637 0.170458
vt 0.363209 0.202126
vt 0.442670 0.156839
vt 0.431893 0.176533
vt 0.382085 0.234759
vt 0.404099 0.263345
vt 0.438788 0.236352
vt 0.417371 0.214657
vt 0.475758 0.197961
vt 0.451844 0.196893
vt 0.609957 0.216917
vt 0.569791 0.199754
vt 0.577600 0.177288
vt 0.609957 0.177379
vt 0.486928 0.395384
vt 0.451206 0.408860
vt 0.476598 0.380600
vt 0.436649 0.378142
vt 0.179678 0.549843
vt 0.184848 0.551533
vt 0.160384 0.526414
vt 0.154223 0.508944
vt 0.650316 0.999574
vt 0.643713 0.968796
vt 0.598588 0.980280
vt 0.123377 0.551533
vt 0.527731 0.388036
vt 0.520443 0.370949
vt 0.865482 0.150926
vt 0.891722 0.163265
vt 0.922548 0.181959
vt 0.549841 0.951831
vt 0.918076 0.141111
vt 0.945887 0.151316
vt 0.892551 0.122846
vt 0.444986 0.809364
vt 0.440878 0.782809
vt 0.412424 0.790722
vt 0.918474 0.116997
vt 0.557487 0.986980
vt 0.386188 0.790410
vt 0.328571 0.784259
vt 0.347948 0.813032
vt 0.515222 0.967634
vt 0.504329 0.999574
vt 0.082343 0.598197
vt 0.827507 0.876441
vt 0.836258 0.842480
vt 0.792508 0.836397
vt 0.792107 0.862742
vt 0.810096 0.908643
vt 0.776978 0.891603
vt 0.414637 0.435989
vt 0.399439 0.390858
vt 0.352772 0.402209
vt 0.386500 0.357018
vt 0.352273 0.367691
vt 0.586928 0.244374
vt 0.392421 0.328558
vt 0.416625 0.349937
vt 0.398556 0.402094
vt 0.410304 0.434764
vt 0.369115 0.411357
vt 0.373581 0.444819
vt 0.862775 0.322014
vt 0.523604 0.146082
vt 0.524510 0.185626
vt 0.499397 0.180664
vt 0.852096 0.340693
vt 0.845455 0.344710
vt 0.478355 0.185991
vt 0.874280 0.374560
vt 0.849623 0.393377
vt 0.095532 0.410511
vt 0.054240 0.408258
vt 0.053247 0.437224
vt 0.088445 0.432141
vt 0.057621 0.464651
vt 0.095207 0.458357
vt 0.105135 0.459423
vt 0.092046 0.703152
vt 0.041004 0.751285
vt 0.057112 0.706282
vt 0.471308 0.053000
vt 0.485828 0.087163
vt 0.487733 0.098695
vt 0.443667 0.052374
vt 0.444764 0.096711
vt 0.411291 0.055395
vt 0.414271 0.087090
vt 0.467448 0.126110
vt 0.501649 0.132453
vt 0.322150 0.545255
vt 0.335364 0.584604
vt 0.311725 0.557665
vt 0.446467 0.119419
vt 0.288867 0.550550
vt 0.269879 0.288552
vt 0.268349 0.298872
vt 0.288217 0.330844
vt 0.281944 0.330560
vt 0.254369 0.340558
vt 0.240064 0.352760
vt 0.240899 0.310471
vt 0.820332 0.367918
vt 0.982006 0.649153
vt 0.258967 0.426333
vt 0.211003 0.438910
vt 0.262771 0.464651
vt 0.648974 0.482099
vt 0.614218 0.462470
vt 0.594843 0.505578
vt 0.625196 0.534003
vt 0.564069 0.483370
vt 0.375927 0.324683
vt 0.350684 0.334083
vt 0.025021 0.787633
vt 0.064125 0.802946
vt 0.016017 0.822811
vt 0.044314 0.841903
vt 0.094805 0.815708
vt 0.066034 0.847385
vt 0.968992 0.682302
vt 0.933448 0.672969
vt 0.933664 0.641497
vt 0.089165 0.865213
vt 0.281302 0.103847
vt 0.269748 0.118207
vt 0.289158 0.150704
vt 0.238176 0.135068
vt 0.256088 0.167388
vt 0.064202 0.859877
vt 0.308670 0.183275
vt 0.272354 0.204645
vt 0.028000 0.862061
vt 0.046692 0.892249
vt 0.732719 0.078265
vt 0.696653 0.057716
vt 0.708429 0.030610
vt 0.591219 0.766291
vt 0.584665 0.786512
vt 0.627716 0.763242
vt 0.732325 0.053930
vt 0.717316 0.017225
vt 0.424707 0.597321
vt 0.410234 0.559284
vt 0.447184 0.552122
vt 0.135349 0.802860
vt 0.104329 0.829803
vt 0.165245 0.830920
vt 0.488615 0.537569
vt 0.497112 0.580342
vt 0.436676 0.510877
vt 0.402439 0.524282
vt 0.477213 0.497618
vt 0.502054 0.779510
vt 0.545549 0.780836
vt 0.505466 0.740452
vt 0.544629 0.739308
vt 0.470859 0.782504
vt 0.465391 0.735349
vt 0.538129 0.562600
vt 0.528459 0.524337
vt 0.508273 0.710549
vt 0.545362 0.705346
vt 0.570575 0.555239
vt 0.553792 0.520490
vt 0.514624 0.489009
vt 0.464906 0.711833
vt 0.507789 0.686968
vt 0.545011 0.474268
vt 0.583257 0.738154
vt 0.218580 0.793516
vt 0.192104 0.806115
vt 0.222362 0.830920
vt 0.546725 0.602101
vt 0.583548 0.589583
vt 0.595239 0.624857
vt 0.620493 0.568038
vt 0.386863 0.102676
vt 0.411689 0.128928
vt 0.958482 0.851374
vt 0.957192 0.891701
vt 0.905308 0.887469
vt 0.911491 0.850181
vt 0.220842 0.535796
vt 0.211108 0.494263
vt 0.258995 0.526992
vt 0.247545 0.475366
vt 0.273167 0.520691
vt 0.308106 0.509521
vt 0.262921 0.491239
vt 0.286622 0.455689
vt 0.297241 0.479395
vt 0.808767 0.386057
vt 0.755565 0.379323
vt 0.938379 0.243754
vt 0.939198 0.203152
vt 0.962338 0.253046
vt 0.954647 0.293887
vt 0.938952 0.282170
vt 0.904016 0.226070
vt 0.903502 0.245899
vt 0.950477 0.933709
vt 0.956857 0.934384
vt 0.959880 0.963574
vt 0.949184 0.979508
vt 0.908755 0.283488
vt 0.904537 0.299975
vt 0.900895 0.258015
vt 0.501518 0.451993
vt 0.464343 0.463921
vt 0.426276 0.709801
vt 0.536367 0.438746
vt 0.550985 0.434102
vt 0.491530 0.420929
vt 0.450458 0.429183
vt 0.526165 0.409454
vt 0.223816 0.310744
vt 0.391089 0.880802
vt 0.420344 0.894309
vt 0.420751 0.839218
vt 0.392360 0.847874
vt 0.441897 0.876250
vt 0.447327 0.846063
vt 0.471087 0.885313
vt 0.496537 0.853791
vt 0.345022 0.982262
vt 0.333109 0.943478
vt 0.298918 0.931410
vt 0.298702 0.983390
vt 0.391528 0.823254
vt 0.059252 0.339866
vt 0.058019 0.310085
vt 0.024294 0.326907
vt 0.000433 0.347526
vt 0.023774 0.356777
vt 0.001690 0.405026
vt 0.022285 0.388308
vt 0.068831 0.932989
vt 0.116112 0.933394
vt 0.117674 0.904517
vt 0.080341 0.913731
vt 0.064906 0.377149
vt 0.370169 0.570878
vt 0.359019 0.535390
vt 0.786163 0.735830
vt 0.752040 0.751010
vt 0.761380 0.782105
vt 0.786158 0.782717
vt 0.100000 0.518426
vt 0.715199 0.796703
vt 0.715521 0.788377
vt 0.710390 0.760063
vt 0.750201 0.791000
vt 0.766390 0.808615
vt 0.737410 0.822057
vt 0.793016 0.826661
vt 0.346831 0.256441
vt 0.312581 0.277479
vt 0.346641 0.290687
vt 0.326551 0.315233
vt 0.108569 0.706227
vt 0.125102 0.672166
vt 0.123511 0.724446
vt 0.093593 0.119761
vt 0.062637 0.129637
vt 0.109640 0.136979
vt 0.073283 0.158833
vt 0.160201 0.671767
vt 0.156744 0.710447
vt 0.115073 0.156268
vt 0.086248 0.165685
vt 0.143201 0.126034
vt 0.146686 0.147793
vt 0.129239 0.184060
vt 0.098302 0.194747
vt 0.163200 0.149703
vt 0.164351 0.168983
vt 0.650500 0.941692
vt 0.550193 0.168906
vt 0.899853 0.717062
vt 0.932035 0.736371
vt 0.932546 0.683815
vt 0.776714 0.469673
vt 0.796413 0.440355
vt 0.770385 0.417802
vt 0.751935 0.448634
vt 0.803849 0.492271
vt 0.822388 0.468866
vt 0.782762 0.514918
vt 0.757590 0.497322
vt 0.121796 0.272968
vt 0.140365 0.314269
vt 0.159216 0.256943
vt 0.179898 0.293217
vt 0.197694 0.238820
vt 0.213763 0.274177
vt 0.195631 0.890839
vt 0.201066 0.927415
vt 0.231680 0.922604
vt 0.238951 0.887303
vt 0.233263 0.850511
vt 0.189752 0.851931
vt 0.267965 0.871924
vt 0.576190 0.649408
vt 0.571075 0.684280
vt 0.221601 0.768259
vt 0.223303 0.737326
vt 0.206997 0.721891
vt 0.197724 0.768344
vt 0.168009 0.723848
vt 0.164355 0.759508
vt 0.747550 0.101789
vt 0.738928 0.079011
vt 0.155774 0.786150
vt 0.751681 0.202159
vt 0.718843 0.178811
vt 0.743368 0.148305
vt 0.776839 0.170773
vt 0.758998 0.122561
vt 0.797669 0.152219
vt 0.542879 0.804698
vt 0.498627 0.807029
vt 0.832528 0.129145
vt 0.952296 0.893339
vt 0.689131 0.577028
vt 0.656241 0.562007
vt 0.652103 0.578114
vt 0.759550 0.716631
vt 0.616788 0.548869
vt 0.758670 0.921408
vt 0.735029 0.871815
vt 0.712121 0.897203
vt 0.744944 0.940801
vt 0.714416 0.920975
vt 0.332424 0.850455
vt 0.324082 0.883132
vt 0.360727 0.890186
vt 0.359827 0.843631
vt 0.310138 0.841157
vt 0.323441 0.825642
vt 0.078250 0.199517
vt 0.086553 0.233024
vt 0.112097 0.236092
vt 0.088344 0.290272
vt 0.058448 0.270852
vt 0.094792 0.249782
vt 0.304498 0.661842
vt 0.272534 0.662214
vt 0.295257 0.697620
vt 0.264153 0.688591
vt 0.342349 0.653828
vt 0.346364 0.715586
vt 0.439383 0.750484
vt 0.408575 0.740681
vt 0.388175 0.762141
vt 0.520995 0.334311
vt 0.564430 0.330600
vt 0.567585 0.381098
vt 0.586014 0.418606
vt 0.357722 0.755228
vt 0.622078 0.329679
vt 0.603983 0.367704
vt 0.595427 0.275113
vt 0.617625 0.252261
vt 0.643378 0.271796
vt 0.620945 0.295682
vt 0.642457 0.231863
vt 0.667777 0.243341
vt 0.579654 0.275999
vt 0.454904 0.598382
vt 0.503352 0.602507
vt 0.535972 0.616628
vt 0.656023 0.223948
vt 0.626554 0.215104
vt 0.342946 0.497074
vt 0.378705 0.484910
vt 0.325063 0.444240
vt 0.333988 0.467323
vt 0.364307 0.447267
vt 0.428068 0.475255
vt 0.619480 0.130750
vt 0.617749 0.133806
vt 0.619480 0.169932
vt 0.144151 0.220051
vt 0.182774 0.200811
vt 0.931389 0.540023
vt 0.896760 0.506981
vt 0.870664 0.546667
vt 0.904949 0.566927
vt 0.861413 0.482164
vt 0.838143 0.520775
vt 0.879840 0.598143
vt 0.848430 0.575406
vt 0.814534 0.548559
vt 0.783643 0.529792
vt 0.759290 0.556954
vt 0.795544 0.588476
vt 0.746223 0.503987
vt 0.727826 0.535063
vt 0.736500 0.593604
vt 0.707862 0.566035
vt 0.793101 0.938583
vt 0.033077 0.137319
vt 0.045285 0.168591
vt 0.204469 0.152290
vt 0.218163 0.184869
vt 0.234669 0.220660
vt 0.251140 0.072900
vt 0.239274 0.046849
vt 0.212503 0.088128
vt 0.082584 0.767979
vt 0.094805 0.732376
vt 0.268110 0.027414
vt 0.286205 0.057792
vt 0.227824 0.107323
vt 0.254843 0.088855
vt 0.233967 0.724446
vt 0.216406 0.021613
vt 0.263249 0.000426
vt 0.665872 0.023424
vt 0.667100 0.770896
vt 0.632611 0.738859
vt 0.329437 0.815140
vt 0.305794 0.825921
vt 0.353326 0.136147
vt 0.761484 0.411840
vt 0.734702 0.444418
vt 0.773871 0.469154
vt 0.178531 0.380020
vt 0.136028 0.375333
vt 0.133512 0.410066
vt 0.173609 0.405499
vt 0.715862 0.477422
vt 0.219647 0.412554
vt 0.685596 0.462029
vt 0.144162 0.447357
vt 0.181070 0.437010
vt 0.998701 0.695486
vt 0.813102 0.494849
vt 0.207051 0.614948
vt 0.212166 0.599244
vt 0.208076 0.574531
vt 0.173541 0.607078
vt 0.259293 0.928876
vt 0.257589 0.983390
vt 0.098345 0.327133
vt 0.158041 0.931042
vt 0.156630 0.896682
vt 0.149874 0.862480
vt 0.212345 0.973974
vt 0.213573 0.941382
vt 0.163203 0.942000
vt 0.649781 0.835818
vt 0.694805 0.844171
vt 0.201026 0.935050
vt 0.247187 0.939097
vt 0.611322 0.836247
vt 0.725554 0.723391
vt 0.595912 0.833368
vt 0.671888 0.840469
vt 0.648940 0.868094
vt 0.690146 0.871180
vt 0.679826 0.905026
vt 0.637383 0.891487
vt 0.611048 0.864741
vt 0.249142 0.255173
vt 0.288842 0.242479
vt 0.254064 0.641005
vt 0.292397 0.630566
vt 0.090806 0.367465
vt 0.643869 0.661414
vt 0.679221 0.663969
vt 0.633333 0.663969
vt 0.140166 0.330884
vt 0.128438 0.325809
vt 0.243993 0.607572
vt 0.154325 0.634833
vt 0.211970 0.641281
vt 0.807956 0.435227
vt 0.205284 0.674605
vt 0.241576 0.681387
vt 0.252270 0.944174
vt 0.252630 0.975183
vt 0.160099 0.939097
vt 0.594328 0.739615
vt 0.595079 0.714372
vt 0.631042 0.713073
vt 0.607010 0.589601
vt 0.622078 0.620308
vt 0.114719 0.034497
vt 0.111255 0.039346
vt 0.114718 0.069421
vt 0.922412 0.893966
vt 0.917325 0.931402
vt 0.901436 0.928002
vt 0.200723 0.709824
vt 0.183227 0.110559
vt 0.185158 0.130325
vt 0.224814 0.117598
vt 0.868548 0.299398
vt 0.714659 0.623312
vt 0.691850 0.601942
vt 0.703357 0.628981
vt 0.784108 0.713086
vt 0.808757 0.698041
vt 0.684009 0.663098
vt 0.843535 0.717740
vt 0.754404 0.829216
vt 0.751737 0.848512
vt 0.342147 0.724446
vt 0.361472 0.729557
vt 0.319913 0.729557
vt 0.310269 0.906028
vt 0.321274 0.888367
vt 0.900787 0.598678
vt 0.301732 0.923765
vt 0.335286 0.919113
vt 0.904264 0.621895
vt 0.359642 0.916482
vt 0.553529 0.002129
vt 0.605104 0.312246
vt 0.513346 0.024337
vt 0.695466 0.511472
vt 0.662684 0.491903
vt 0.675986 0.539661
vt 0.644651 0.519420
vt 0.694270 0.210194
vt 0.721832 0.236225
vt 0.698042 0.265420
vt 0.694830 0.157108
vt 0.713173 0.125879
vt 0.699735 0.111137
vt 0.667300 0.146098
vt 0.257546 0.737871
vt 0.674689 0.091634
vt 0.750237 0.127000
vt 0.545979 0.813032
vt 0.702013 0.376447
vt 0.670960 0.348415
vt 0.699980 0.321463
vt 0.732681 0.348376
vt 0.726768 0.404739
vt 0.999567 0.931336
vt 0.999567 0.971883
vt 0.327324 0.222878
vt 0.371663 0.286240
vt 0.676246 0.193553
vt 0.652580 0.181714
vt 0.662154 0.198022
vt 0.649531 0.423123
vt 0.635855 0.401846
vt 0.650431 0.374778
vt 0.672961 0.400345
vt 0.669640 0.447842
vt 0.697957 0.426144
vt 0.993459 0.854988
vt 0.997536 0.893055
vt 0.382193 0.051034
vt 0.355133 0.055352
vt 0.362154 0.083951
vt 0.300000 0.075497
vt 0.333369 0.096058
vt 0.959601 0.803663
vt 0.172760 0.507361
vt 0.137229 0.487310
vt 0.120801 0.622548
vt 0.138562 0.582901
vt 0.955411 0.504498
vt 0.858031 0.630175
vt 0.826277 0.609530
vt 0.839168 0.656954
vt 0.807256 0.635825
vt 0.672052 0.297005
vt 0.650607 0.323011
vt 0.366344 0.671264
vt 0.379654 0.696162
vt 0.916560 0.982538
vt 0.893939 0.965262
vt 0.870227 0.244195
vt 0.850649 0.268299
vt 0.857168 0.218798
vt 0.643574 0.471465
vt 0.631357 0.448507
vt 0.612840 0.427606
vt 0.411814 0.028577
vt 0.609056 0.451713
vt 0.311033 0.045239
vt 0.986953 0.817926
vt 0.887490 0.651412
vt 0.868638 0.677289
vt 0.902096 0.659168
vt 0.396332 0.923765
vt 0.638424 0.347445
vt 0.482709 0.036243
vt 0.468420 0.014431
vt 0.624572 0.328312
vt 0.462769 0.030205
vt 0.616230 0.370384
s 1
usemtl Material.015
f 740/740/740 741/741/741 742/742/742
f 743/743/743 740/740/740 742/742/742
f 744/744/744 745/745/745 746/746/746
f 745/745/745 747/747/747 746/746/746
f 748/748/748 749/749/749 744/744/744
f 746/746/746 748/748/748 744/744/744
f 743/743/743 742/742/742 750/750/750
f 751/751/751 752/752/752 753/753/753
f 754/754/754 755/755/755 756/756/756
f 757/757/757 758/758/758 759/759/759
f 746/746/746 747/747/747 760/760/760
f 747/747/747 761/761/761 760/760/760
f 762/762/762 748/748/748 746/746/746
f 760/760/760 762/762/762 746/746/746
f 754/754/754 756/756/756 763/763/763
f 762/762/762 760/760/760 761/761/761
f 764/764/764 748/748/748 765/765/765
f 748/748/748 762/762/762 765/765/765
f 766/766/766 751/751/751 753/753/753
f 767/767/767 766/766/766 753/753/753
f 759/759/759 758/758/758 767/767/767
f 758/758/758 766/766/766 767/767/767
f 768/768/768 769/769/769 770/770/770
f 771/771/771 768/768/768 770/770/770
f 772/772/772 773/773/773 774/774/774
f 775/775/775 772/772/772 774/774/774
f 771/771/771 770/770/770 776/776/776
f 777/777/777 778/778/778 779/779/779
f 774/774/774 780/780/780 775/775/775
f 780/780/780 781/781/781 775/775/775
f 782/782/782 772/772/772 775/775/775
f 781/781/781 782/782/782 775/775/775
f 780/780/780 783/783/783 781/781/781
f 783/783/783 782/782/782 781/781/781
f 772/772/772 782/782/782 784/784/784
f 782/782/782 785/785/785 784/784/784
f 777/777/777 779/779/779 786/786/786
f 787/787/787 777/777/777 786/786/786
f 788/788/788 789/789/789 790/790/790
f 791/791/791 787/787/787 786/786/786
f 792/792/792 793/793/793 794/794/794
f 795/795/795 792/792/792 794/794/794
f 793/793/793 792/792/792 796/796/796
f 792/792/792 797/797/797 796/796/796
f 798/798/798 799/799/799 800/800/800
f 801/801/801 798/798/798 800/800/800
f 794/794/794 793/793/793 802/802/802
f 793/793/793 796/796/796 802/802/802
f 796/796/796 797/797/797 802/802/802
f 803/803/803 804/804/804 805/805/805
f 794/794/794 802/802/802 806/806/806
f 802/802/802 807/807/807 806/806/806
f 808/808/808 809/809/809 810/810/810
f 809/809/809 811/811/811 810/810/810
f 812/812/812 813/813/813 814/814/814
f 809/809/809 815/815/815 811/811/811
f 816/816/816 817/817/817 818/818/818
f 816/816/816 819/819/819 817/817/817
f 820/820/820 821/821/821 822/822/822
f 823/823/823 820/820/820 822/822/822
f 824/824/824 812/812/812 814/814/814
f 817/817/817 825/825/825 818/818/818
f 817/817/817 819/819/819 825/825/825
f 819/819/819 826/826/826 825/825/825
f 827/827/827 828/828/828 829/829/829
f 830/830/830 827/827/827 829/829/829
f 831/831/831 832/832/832 833/833/833
f 834/834/834 831/831/831 833/833/833
f 829/829/829 831/831/831 834/834/834
f 835/835/835 836/836/836 837/837/837
f 838/838/838 835/835/835 837/837/837
f 839/839/839 840/840/840 834/834/834
f 841/841/841 842/842/842 843/843/843
f 842/842/842 844/844/844 843/843/843
f 841/841/841 843/843/843 845/845/845
f 843/843/843 846/846/846 845/845/845
f 847/847/847 848/848/848 849/849/849
f 848/848/848 850/850/850 849/849/849
f 848/848/848 825/825/825 850/850/850
f 825/825/825 851/851/851 850/850/850
f 852/852/852 849/849/849 853/853/853
f 849/849/849 850/850/850 853/853/853
f 850/850/850 851/851/851 854/854/854
f 855/855/855 856/856/856 857/857/857
f 853/853/853 850/850/850 858/858/858
f 850/850/850 854/854/854 858/858/858
f 859/859/859 860/860/860 828/828/828
f 827/827/827 859/859/859 828/828/828
f 822/822/822 861/861/861 862/862/862
f 863/863/863 822/822/822 862/862/862
f 863/863/863 862/862/862 864/864/864
f 865/865/865 863/863/863 864/864/864
f 822/822/822 863/863/863 866/866/866
f 823/823/823 822/822/822 866/866/866
f 825/825/825 826/826/826 851/851/851
f 823/823/823 866/866/866 867/867/867
f 863/863/863 865/865/865 868/868/868
f 866/866/866 863/863/863 868/868/868
f 868/868/868 865/865/865 869/869/869
f 870/870/870 868/868/868 869/869/869
f 867/867/867 866/866/866 870/870/870
f 866/866/866 868/868/868 870/870/870
f 871/871/871 872/872/872 873/873/873
f 874/874/874 871/871/871 873/873/873
f 872/872/872 875/875/875 876/876/876
f 873/873/873 872/872/872 876/876/876
f 877/877/877 874/874/874 873/873/873
f 878/878/878 879/879/879 880/880/880
f 880/880/880 881/881/881 882/882/882
f 878/878/878 880/880/880 882/882/882
f 878/878/878 882/882/882 883/883/883
f 884/884/884 878/878/878 883/883/883
f 885/885/885 886/886/886 887/887/887
f 888/888/888 885/885/885 887/887/887
f 886/886/886 871/871/871 874/874/874
f 887/887/887 886/886/886 874/874/874
f 889/889/889 890/890/890 891/891/891
f 890/890/890 892/892/892 891/891/891
f 892/892/892 888/888/888 887/887/887
f 891/891/891 892/892/892 887/887/887
f 889/889/889 891/891/891 893/893/893
f 891/891/891 877/877/877 893/893/893
f 891/891/891 887/887/887 874/874/874
f 877/877/877 891/891/891 874/874/874
f 894/894/894 895/895/895 896/896/896
f 895/895/895 897/897/897 896/896/896
f 898/898/898 894/894/894 899/899/899
f 894/894/894 896/896/896 899/899/899
f 900/900/900 901/901/901 902/902/902
f 903/903/903 900/900/900 902/902/902
f 898/898/898 899/899/899 904/904/904
f 899/899/899 905/905/905 904/904/904
f 901/901/901 906/906/906 907/907/907
f 902/902/902 901/901/901 907/907/907
f 897/897/897 908/908/908 896/896/896
f 909/909/909 910/910/910 911/911/911
f 909/909/909 912/912/912 910/910/910
f 912/912/912 913/913/913 910/910/910
f 914/914/914 911/911/911 915/915/915
f 911/911/911 910/910/910 915/915/915
f 916/916/916 917/917/917 918/918/918
f 919/919/919 916/916/916 918/918/918
f 910/910/910 913/913/913 919/919/919
f 913/913/913 916/916/916 919/919/919
f 914/914/914 915/915/915 920/920/920
f 915/915/915 921/921/921 920/920/920
f 919/919/919 918/918/918 920/920/920
f 921/921/921 919/919/919 920/920/920
f 915/915/915 910/910/910 921/921/921
f 910/910/910 919/919/919 921/921/921
f 922/922/922 923/923/923 924/924/924
f 925/925/925 922/922/922 924/924/924
f 926/926/926 927/927/927 928/928/928
f 927/927/927 929/929/929 928/928/928
f 930/930/930 931/931/931 932/932/932
f 931/931/931 933/933/933 932/932/932
f 934/934/934 935/935/935 936/936/936
f 932/932/932 937/937/937 930/930/930
f 938/938/938 926/926/926 939/939/939
f 926/926/926 928/928/928 939/939/939
f 875/875/875 940/940/940 941/941/941
f 876/876/876 875/875/875 941/941/941
f 876/876/876 941/941/941 942/942/942
f 882/882/882 881/881/881 943/943/943
f 941/941/941 944/944/944 945/945/945
f 942/942/942 941/941/941 945/945/945
f 941/941/941 940/940/940 946/946/946
f 947/947/947 948/948/948 949/949/949
f 941/941/941 946/946/946 944/944/944
f 946/946/946 950/950/950 944/944/944
f 882/882/882 943/943/943 951/951/951
f 883/883/883 882/882/882 951/951/951
f 944/944/944 950/950/950 945/945/945
f 952/952/952 953/953/953 954/954/954
f 943/943/943 955/955/955 956/956/956
f 951/951/951 943/943/943 956/956/956
f 795/795/795 794/794/794 957/957/957
f 958/958/958 799/799/799 959/959/959
f 958/958/958 959/959/959 960/960/960
f 961/961/961 958/958/958 960/960/960
f 800/800/800 799/799/799 958/958/958
f 962/962/962 800/800/800 958/958/958
f 962/962/962 958/958/958 961/961/961
f 963/963/963 962/962/962 961/961/961
f 964/964/964 965/965/965 927/927/927
f 965/965/965 929/929/929 927/927/927
f 965/965/965 966/966/966 967/967/967
f 966/966/966 968/968/968 967/967/967
f 923/923/923 922/922/922 780/780/780
f 922/922/922 969/969/969 780/780/780
f 783/783/783 780/780/780 969/969/969
f 967/967/967 970/970/970 971/971/971
f 929/929/929 965/965/965 971/971/971
f 965/965/965 967/967/967 971/971/971
f 965/965/965 964/964/964 972/972/972
f 964/964/964 973/973/973 972/972/972
f 974/974/974 966/966/966 965/965/965
f 972/972/972 974/974/974 965/965/965
f 973/973/973 975/975/975 972/972/972
f 975/975/975 974/974/974 972/972/972
f 893/893/893 877/877/877 976/976/976
f 977/977/977 978/978/978 979/979/979
f 980/980/980 981/981/981 976/976/976
f 978/978/978 982/982/982 979/979/979
f 981/981/981 980/980/980 983/983/983
f 980/980/980 769/769/769 983/983/983
f 984/984/984 983/983/983 769/769/769
f 768/768/768 984/984/984 769/769/769
f 773/773/773 982/982/982 978/978/978
f 774/774/774 773/773/773 978/978/978
f 978/978/978 923/923/923 774/774/774
f 923/923/923 780/780/780 774/774/774
f 985/985/985 986/986/986 987/987/987
f 988/988/988 985/985/985 987/987/987
f 987/987/987 989/989/989 988/988/988
f 989/989/989 990/990/990 988/988/988
f 991/991/991 985/985/985 988/988/988
f 990/990/990 991/991/991 988/988/988
f 992/992/992 993/993/993 994/994/994
f 991/991/991 990/990/990 989/989/989
f 864/864/864 995/995/995 996/996/996
f 865/865/865 864/864/864 996/996/996
f 865/865/865 996/996/996 869/869/869
f 996/996/996 997/997/997 869/869/869
f 995/995/995 998/998/998 999/999/999
f 996/996/996 995/995/995 999/999/999
f 998/998/998 1000/1000/1000 999/999/999
f 1000/1000/1000 1001/1001/1001 999/999/999
f 996/996/996 999/999/999 997/997/997
f 999/999/999 1002/1002/1002 997/997/997
f 869/869/869 997/997/997 1003/1003/1003
f 870/870/870 869/869/869 1003/1003/1003
f 1003/1003/1003 997/997/997 1002/1002/1002
f 1004/1004/1004 1005/1005/1005 1006/1006/1006
f 999/999/999 1007/1007/1007 1002/1002/1002
f 1008/1008/1008 1004/1004/1004 1006/1006/1006
f 1009/1009/1009 1010/1010/1010 1011/1011/1011
f 1010/1010/1010 1012/1012/1012 1011/1011/1011
f 1013/1013/1013 1014/1014/1014 1011/1011/1011
f 1012/1012/1012 1013/1013/1013 1011/1011/1011
f 1010/1010/1010 1015/1015/1015 1012/1012/1012
f 1015/1015/1015 1013/1013/1013 1012/1012/1012
f 890/890/890 889/889/889 981/981/981
f 1016/1016/1016 890/890/890 981/981/981
f 981/981/981 889/889/889 893/893/893
f 976/976/976 981/981/981 893/893/893
f 1016/1016/1016 981/981/981 983/983/983
f 984/984/984 1016/1016/1016 983/983/983
f 1017/1017/1017 895/895/895 894/894/894
f 1018/1018/1018 1019/1019/1019 1020/1020/1020
f 1021/1021/1021 1022/1022/1022 1023/1023/1023
f 1024/1024/1024 1021/1021/1021 1023/1023/1023
f 894/894/894 898/898/898 904/904/904
f 1023/1023/1023 1022/1022/1022 1025/1025/1025
f 970/970/970 967/967/967 788/788/788
f 967/967/967 1026/1026/1026 788/788/788
f 1027/1027/1027 789/789/789 788/788/788
f 1026/1026/1026 1027/1027/1027 788/788/788
f 967/967/967 968/968/968 1026/1026/1026
f 968/968/968 1027/1027/1027 1026/1026/1026
f 1028/1028/1028 1029/1029/1029 1030/1030/1030
f 1029/1029/1029 1031/1031/1031 1030/1030/1030
f 1032/1032/1032 1033/1033/1033 1029/1029/1029
f 1033/1033/1033 1031/1031/1031 1029/1029/1029
f 1034/1034/1034 1035/1035/1035 1017/1017/1017
f 1035/1035/1035 1036/1036/1036 1017/1017/1017
f 1033/1033/1033 1032/1032/1032 1037/1037/1037
f 1038/1038/1038 1039/1039/1039 1040/1040/1040
f 1041/1041/1041 1042/1042/1042 1039/1039/1039
f 1042/1042/1042 1040/1040/1040 1039/1039/1039
f 1031/1031/1031 1033/1033/1033 1043/1043/1043
f 1033/1033/1033 1037/1037/1037 1043/1043/1043
f 1040/1040/1040 1042/1042/1042 1044/1044/1044
f 1042/1042/1042 1045/1045/1045 1044/1044/1044
f 1031/1031/1031 1043/1043/1043 1046/1046/1046
f 1043/1043/1043 1047/1047/1047 1046/1046/1046
f 1043/1043/1043 1037/1037/1037 1047/1047/1047
f 1040/1040/1040 1044/1044/1044 912/912/912
f 1048/1048/1048 1049/1049/1049 1050/1050/1050
f 1051/1051/1051 1052/1052/1052 1053/1053/1053
f 1054/1054/1054 858/858/858 1055/1055/1055
f 1056/1056/1056 1057/1057/1057 1058/1058/1058
f 1059/1059/1059 1060/1060/1060 1061/1061/1061
f 1058/1058/1058 1062/1062/1062 1063/1063/1063
f 1058/1058/1058 1057/1057/1057 1064/1064/1064
f 1057/1057/1057 1065/1065/1065 1064/1064/1064
f 1058/1058/1058 1064/1064/1064 1062/1062/1062
f 1064/1064/1064 1066/1066/1066 1062/1062/1062
f 1067/1067/1067 1068/1068/1068 1069/1069/1069
f 1068/1068/1068 1070/1070/1070 1069/1069/1069
f 1071/1071/1071 1067/1067/1067 1072/1072/1072
f 1067/1067/1067 1069/1069/1069 1072/1072/1072
f 1063/1063/1063 1062/1062/1062 1073/1073/1073
f 1062/1062/1062 1074/1074/1074 1073/1073/1073
f 1069/1069/1069 1070/1070/1070 1075/1075/1075
f 1070/1070/1070 1076/1076/1076 1075/1075/1075
f 1073/1073/1073 1074/1074/1074 1077/1077/1077
f 1074/1074/1074 1078/1078/1078 1077/1077/1077
f 1074/1074/1074 1062/1062/1062 1079/1079/1079
f 1062/1062/1062 1066/1066/1066 1079/1079/1079
f 1069/1069/1069 1075/1075/1075 1072/1072/1072
f 1075/1075/1075 1080/1080/1080 1072/1072/1072
f 1075/1075/1075 1081/1081/1081 1080/1080/1080
f 1074/1074/1074 1079/1079/1079 1082/1082/1082
f 1052/1052/1052 1083/1083/1083 1068/1068/1068
f 1083/1083/1083 1070/1070/1070 1068/1068/1068
f 1084/1084/1084 1085/1085/1085 812/812/812
f 1085/1085/1085 1086/1086/1086 812/812/812
f 812/812/812 1086/1086/1086 813/813/813
f 1087/1087/1087 1088/1088/1088 1089/1089/1089
f 1085/1085/1085 1061/1061/1061 1086/1086/1086
f 1063/1063/1063 1073/1073/1073 1087/1087/1087
f 1070/1070/1070 1083/1083/1083 1076/1076/1076
f 1090/1090/1090 1088/1088/1088 1077/1077/1077
f 1087/1087/1087 1073/1073/1073 1088/1088/1088
f 1073/1073/1073 1077/1077/1077 1088/1088/1088
f 1001/1001/1001 1091/1091/1091 999/999/999
f 1091/1091/1091 1092/1092/1092 999/999/999
f 1093/1093/1093 1094/1094/1094 1095/1095/1095
f 1096/1096/1096 1093/1093/1093 1095/1095/1095
f 1097/1097/1097 1098/1098/1098 1099/1099/1099
f 1098/1098/1098 1100/1100/1100 1099/1099/1099
f 1007/1007/1007 999/999/999 1092/1092/1092
f 1101/1101/1101 1008/1008/1008 1099/1099/1099
f 1008/1008/1008 1101/1101/1101 1004/1004/1004
f 1101/1101/1101 1102/1102/1102 1004/1004/1004
f 1099/1099/1099 1100/1100/1100 1103/1103/1103
f 1101/1101/1101 1099/1099/1099 1103/1103/1103
f 1100/1100/1100 1104/1104/1104 1105/1105/1105
f 1103/1103/1103 1100/1100/1100 1105/1105/1105
f 1101/1101/1101 1103/1103/1103 1102/1102/1102
f 1103/1103/1103 1105/1105/1105 1102/1102/1102
f 892/892/892 890/890/890 1016/1016/1016
f 1106/1106/1106 892/892/892 1016/1016/1016
f 1107/1107/1107 892/892/892 1106/1106/1106
f 1108/1108/1108 1109/1109/1109 1110/1110/1110
f 1106/1106/1106 1016/1016/1016 984/984/984
f 768/768/768 1106/1106/1106 984/984/984
f 1108/1108/1108 1110/1110/1110 1111/1111/1111
f 1112/1112/1112 1108/1108/1108 1111/1111/1111
f 1113/1113/1113 1109/1109/1109 1108/1108/1108
f 1114/1114/1114 1113/1113/1113 1108/1108/1108
f 1115/1115/1115 1116/1116/1116 1117/1117/1117
f 1118/1118/1118 1115/1115/1115 1117/1117/1117
f 1114/1114/1114 1108/1108/1108 1112/1112/1112
f 1119/1119/1119 1114/1114/1114 1112/1112/1112
f 1112/1112/1112 1111/1111/1111 1120/1120/1120
f 1119/1119/1119 1112/1112/1112 1120/1120/1120
f 1114/1114/1114 1119/1119/1119 1121/1121/1121
f 1119/1119/1119 1120/1120/1120 1121/1121/1121
f 1079/1079/1079 1066/1066/1066 1122/1122/1122
f 1066/1066/1066 1123/1123/1123 1122/1122/1122
f 1072/1072/1072 1080/1080/1080 1124/1124/1124
f 1082/1082/1082 1125/1125/1125 1126/1126/1126
f 1082/1082/1082 1079/1079/1079 1125/1125/1125
f 1079/1079/1079 1122/1122/1122 1125/1125/1125
f 927/927/927 926/926/926 1127/1127/1127
f 1128/1128/1128 927/927/927 1127/1127/1127
f 1122/1122/1122 1123/1123/1123 1127/1127/1127
f 1123/1123/1123 1128/1128/1128 1127/1127/1127
f 938/938/938 1126/1126/1126 1129/1129/1129
f 1126/1126/1126 1125/1125/1125 1129/1129/1129
f 1127/1127/1127 926/926/926 938/938/938
f 1129/1129/1129 1127/1127/1127 938/938/938
f 1125/1125/1125 1122/1122/1122 1129/1129/1129
f 1122/1122/1122 1127/1127/1127 1129/1129/1129
f 1130/1130/1130 1014/1014/1014 1013/1013/1013
f 1015/1015/1015 1130/1130/1130 1013/1013/1013
f 1131/1131/1131 1132/1132/1132 1133/1133/1133
f 1134/1134/1134 1131/1131/1131 1133/1133/1133
f 1135/1135/1135 1136/1136/1136 1132/1132/1132
f 1136/1136/1136 1133/1133/1133 1132/1132/1132
f 1136/1136/1136 1135/1135/1135 1137/1137/1137
f 1138/1138/1138 1136/1136/1136 1137/1137/1137
f 1139/1139/1139 1140/1140/1140 1141/1141/1141
f 1142/1142/1142 1139/1139/1139 1141/1141/1141
f 1143/1143/1143 1134/1134/1134 1133/1133/1133
f 1144/1144/1144 1145/1145/1145 1146/1146/1146
f 1147/1147/1147 1148/1148/1148 1146/1146/1146
f 1148/1148/1148 1144/1144/1144 1146/1146/1146
f 1148/1148/1148 1147/1147/1147 1149/1149/1149
f 1150/1150/1150 1148/1148/1148 1149/1149/1149
f 1151/1151/1151 1152/1152/1152 1153/1153/1153
f 1154/1154/1154 1151/1151/1151 1153/1153/1153
f 1148/1148/1148 1150/1150/1150 1144/1144/1144
f 1150/1150/1150 1155/1155/1155 1144/1144/1144
f 857/857/857 856/856/856 1156/1156/1156
f 856/856/856 1005/1005/1005 1156/1156/1156
f 1056/1056/1056 857/857/857 1057/1057/1057
f 857/857/857 1156/1156/1156 1057/1057/1057
f 1005/1005/1005 1004/1004/1004 1156/1156/1156
f 1004/1004/1004 1157/1157/1157 1156/1156/1156
f 1156/1156/1156 1157/1157/1157 1057/1057/1057
f 1157/1157/1157 1065/1065/1065 1057/1057/1057
f 1158/1158/1158 1159/1159/1159 1160/1160/1160
f 1161/1161/1161 1158/1158/1158 1160/1160/1160
f 900/900/900 903/903/903 1162/1162/1162
f 1163/1163/1163 1164/1164/1164 1165/1165/1165
f 1159/1159/1159 1165/1165/1165 1164/1164/1164
f 1160/1160/1160 1159/1159/1159 1164/1164/1164
f 1163/1163/1163 1166/1166/1166 1164/1164/1164
f 1166/1166/1166 1160/1160/1160 1164/1164/1164
f 1160/1160/1160 1166/1166/1166 1167/1167/1167
f 1166/1166/1166 1168/1168/1168 1167/1167/1167
f 1161/1161/1161 1160/1160/1160 1167/1167/1167
f 1169/1169/1169 1161/1161/1161 1167/1167/1167
f 1170/1170/1170 1171/1171/1171 1172/1172/1172
f 1171/1171/1171 1173/1173/1173 1172/1172/1172
f 807/807/807 1174/1174/1174 1175/1175/1175
f 1174/1174/1174 1176/1176/1176 1175/1175/1175
f 1177/1177/1177 1178/1178/1178 1179/1179/1179
f 1178/1178/1178 1180/1180/1180 1179/1179/1179
f 1181/1181/1181 1175/1175/1175 1182/1182/1182
f 1175/1175/1175 1176/1176/1176 1182/1182/1182
f 1179/1179/1179 1180/1180/1180 1183/1183/1183
f 1180/1180/1180 1184/1184/1184 1183/1183/1183
f 1185/1185/1185 1179/1179/1179 1186/1186/1186
f 1179/1179/1179 1183/1183/1183 1186/1186/1186
f 1183/1183/1183 1184/1184/1184 1187/1187/1187
f 1184/1184/1184 1188/1188/1188 1187/1187/1187
f 1185/1185/1185 1186/1186/1186 1189/1189/1189
f 1186/1186/1186 1190/1190/1190 1189/1189/1189
f 1186/1186/1186 1183/1183/1183 1190/1190/1190
f 1183/1183/1183 1187/1187/1187 1190/1190/1190
f 879/879/879 878/878/878 1191/1191/1191
f 978/978/978 977/977/977 1192/1192/1192
f 878/878/878 884/884/884 1191/1191/1191
f 884/884/884 935/935/935 1191/1191/1191
f 923/923/923 978/978/978 1192/1192/1192
f 924/924/924 923/923/923 1192/1192/1192
f 884/884/884 883/883/883 936/936/936
f 935/935/935 884/884/884 936/936/936
f 1137/1137/1137 1135/1135/1135 1132/1132/1132
f 1193/1193/1193 1194/1194/1194 1195/1195/1195
f 1120/1120/1120 1111/1111/1111 778/778/778
f 791/791/791 1120/1120/1120 778/778/778
f 791/791/791 778/778/778 777/777/777
f 787/787/787 791/791/791 777/777/777
f 1196/1196/1196 1197/1197/1197 1198/1198/1198
f 1199/1199/1199 1196/1196/1196 1198/1198/1198
f 1200/1200/1200 1201/1201/1201 1197/1197/1197
f 1196/1196/1196 1200/1200/1200 1197/1197/1197
f 1202/1202/1202 1200/1200/1200 1196/1196/1196
f 1203/1203/1203 1202/1202/1202 1196/1196/1196
f 1204/1204/1204 1205/1205/1205 1206/1206/1206
f 1205/1205/1205 1207/1207/1207 1206/1206/1206
f 1206/1206/1206 1207/1207/1207 1208/1208/1208
f 1207/1207/1207 1209/1209/1209 1208/1208/1208
f 1210/1210/1210 1211/1211/1211 1212/1212/1212
f 1213/1213/1213 1210/1210/1210 1212/1212/1212
f 1214/1214/1214 1215/1215/1215 1213/1213/1213
f 1215/1215/1215 1210/1210/1210 1213/1213/1213
f 1209/1209/1209 1207/1207/1207 1130/1130/1130
f 1214/1214/1214 1213/1213/1213 1216/1216/1216
f 845/845/845 846/846/846 1217/1217/1217
f 846/846/846 1218/1218/1218 1217/1217/1217
f 1219/1219/1219 1220/1220/1220 1221/1221/1221
f 1222/1222/1222 1219/1219/1219 1221/1221/1221
f 1221/1221/1221 1223/1223/1223 1222/1222/1222
f 1223/1223/1223 1224/1224/1224 1222/1222/1222
f 852/852/852 853/853/853 1225/1225/1225
f 853/853/853 1226/1226/1226 1225/1225/1225
f 1084/1084/1084 1219/1219/1219 1222/1222/1222
f 1085/1085/1085 1084/1084/1084 1222/1222/1222
f 1224/1224/1224 1227/1227/1227 1222/1222/1222
f 1227/1227/1227 1085/1085/1085 1222/1222/1222
f 1226/1226/1226 853/853/853 1054/1054/1054
f 853/853/853 858/858/858 1054/1054/1054
f 1227/1227/1227 1059/1059/1059 1085/1085/1085
f 1059/1059/1059 1061/1061/1061 1085/1085/1085
f 1228/1228/1228 1229/1229/1229 1230/1230/1230
f 1231/1231/1231 1228/1228/1228 1230/1230/1230
f 1231/1231/1231 1230/1230/1230 1232/1232/1232
f 1233/1233/1233 1231/1231/1231 1232/1232/1232
f 1228/1228/1228 1231/1231/1231 872/872/872
f 871/871/871 1228/1228/1228 872/872/872
f 1231/1231/1231 1233/1233/1233 875/875/875
f 872/872/872 1231/1231/1231 875/875/875
f 1234/1234/1234 1068/1068/1068 1235/1235/1235
f 1068/1068/1068 1067/1067/1067 1235/1235/1235
f 875/875/875 1233/1233/1233 1236/1236/1236
f 1235/1235/1235 1067/1067/1067 1071/1071/1071
f 1094/1094/1094 1116/1116/1116 1115/1115/1115
f 1237/1237/1237 1094/1094/1094 1115/1115/1115
f 1238/1238/1238 1239/1239/1239 1240/1240/1240
f 1158/1158/1158 1241/1241/1241 1159/1159/1159
f 1239/1239/1239 1024/1024/1024 1242/1242/1242
f 1240/1240/1240 1239/1239/1239 1242/1242/1242
f 1243/1243/1243 963/963/963 1244/1244/1244
f 1245/1245/1245 1243/1243/1243 1244/1244/1244
f 1246/1246/1246 1243/1243/1243 1247/1247/1247
f 1243/1243/1243 1245/1245/1245 1247/1247/1247
f 1248/1248/1248 1249/1249/1249 1250/1250/1250
f 1251/1251/1251 1248/1248/1248 1250/1250/1250
f 1131/1131/1131 1134/1134/1134 1250/1250/1250
f 1134/1134/1134 1251/1251/1251 1250/1250/1250
f 1252/1252/1252 1248/1248/1248 1253/1253/1253
f 1248/1248/1248 1251/1251/1251 1253/1253/1253
f 1254/1254/1254 1255/1255/1255 1256/1256/1256
f 1188/1188/1188 1254/1254/1254 1256/1256/1256
f 1134/1134/1134 1143/1143/1143 1251/1251/1251
f 1145/1145/1145 1257/1257/1257 1258/1258/1258
f 1256/1256/1256 1255/1255/1255 1259/1259/1259
f 1204/1204/1204 1256/1256/1256 1259/1259/1259
f 1258/1258/1258 1257/1257/1257 1259/1259/1259
f 1257/1257/1257 1204/1204/1204 1259/1259/1259
f 1260/1260/1260 1261/1261/1261 1262/1262/1262
f 1261/1261/1261 1263/1263/1263 1262/1262/1262
f 1260/1260/1260 1262/1262/1262 1264/1264/1264
f 1262/1262/1262 1265/1265/1265 1264/1264/1264
f 948/948/948 1266/1266/1266 949/949/949
f 1266/1266/1266 1267/1267/1267 949/949/949
f 1266/1266/1266 1072/1072/1072 1267/1267/1267
f 1072/1072/1072 1124/1124/1124 1267/1267/1267
f 949/949/949 1267/1267/1267 952/952/952
f 1267/1267/1267 1268/1268/1268 952/952/952
f 938/938/938 1269/1269/1269 1270/1270/1270
f 1271/1271/1271 938/938/938 1270/1270/1270
f 1272/1272/1272 1126/1126/1126 1271/1271/1271
f 1126/1126/1126 938/938/938 1271/1271/1271
f 953/953/953 952/952/952 1273/1273/1273
f 952/952/952 1268/1268/1268 1273/1273/1273
f 1271/1271/1271 1270/1270/1270 1274/1274/1274
f 1275/1275/1275 1271/1271/1271 1274/1274/1274
f 1268/1268/1268 1267/1267/1267 1273/1273/1273
f 1272/1272/1272 1271/1271/1271 1275/1275/1275
f 1276/1276/1276 1277/1277/1277 1278/1278/1278
f 1279/1279/1279 1276/1276/1276 1278/1278/1278
f 1277/1277/1277 1280/1280/1280 1281/1281/1281
f 1278/1278/1278 1277/1277/1277 1281/1281/1281
f 1276/1276/1276 1282/1282/1282 1277/1277/1277
f 1283/1283/1283 841/841/841 1284/1284/1284
f 810/810/810 842/842/842 841/841/841
f 1283/1283/1283 810/810/810 841/841/841
f 1284/1284/1284 841/841/841 1285/1285/1285
f 841/841/841 845/845/845 1285/1285/1285
f 1281/1281/1281 1280/1280/1280 1286/1286/1286
f 1280/1280/1280 1287/1287/1287 1286/1286/1286
f 1130/1130/1130 1015/1015/1015 1009/1009/1009
f 1015/1015/1015 1010/1010/1010 1009/1009/1009
f 875/875/875 1236/1236/1236 940/940/940
f 1071/1071/1071 948/948/948 947/947/947
f 1004/1004/1004 1102/1102/1102 1157/1157/1157
f 1102/1102/1102 1288/1288/1288 1157/1157/1157
f 1065/1065/1065 1157/1157/1157 1289/1289/1289
f 1157/1157/1157 1288/1288/1288 1289/1289/1289
f 1104/1104/1104 1290/1290/1290 1291/1291/1291
f 1105/1105/1105 1104/1104/1104 1291/1291/1291
f 1102/1102/1102 1105/1105/1105 1288/1288/1288
f 1105/1105/1105 1291/1291/1291 1288/1288/1288
f 1291/1291/1291 1290/1290/1290 1292/1292/1292
f 975/975/975 1291/1291/1291 1292/1292/1292
f 1289/1289/1289 1288/1288/1288 975/975/975
f 1288/1288/1288 1291/1291/1291 975/975/975
f 1064/1064/1064 1065/1065/1065 1293/1293/1293
f 1065/1065/1065 1289/1289/1289 1293/1293/1293
f 1066/1066/1066 1064/1064/1064 1123/1123/1123
f 1064/1064/1064 1293/1293/1293 1123/1123/1123
f 1293/1293/1293 1289/1289/1289 973/973/973
f 1289/1289/1289 975/975/975 973/973/973
f 964/964/964 927/927/927 1128/1128/1128
f 1294/1294/1294 1295/1295/1294 1296/1296/1294
f 1123/1123/1123 1293/1293/1293 1128/1128/1128
f 1293/1293/1293 973/973/973 1128/1128/1128
f 1187/1187/1187 1188/1188/1188 1297/1297/1295
f 1188/1188/1188 1256/1256/1256 1297/1297/1295
f 1190/1190/1190 1187/1187/1187 1298/1298/1296
f 1187/1187/1187 1297/1297/1295 1298/1298/1296
f 1256/1256/1256 1204/1204/1204 1297/1297/1295
f 1204/1204/1204 1206/1206/1206 1297/1297/1295
f 1298/1298/1296 1297/1297/1295 1208/1208/1208
f 1297/1297/1295 1206/1206/1206 1208/1208/1208
f 1299/1299/1297 1300/1300/1298 1301/1301/1299
f 1302/1302/1300 1299/1299/1297 1301/1301/1299
f 1300/1300/1298 1303/1303/1301 1304/1304/1302
f 1301/1301/1299 1300/1300/1298 1304/1304/1302
f 1305/1305/1303 1302/1302/1300 1301/1301/1299
f 1306/1306/1304 1305/1305/1303 1301/1301/1299
f 1306/1306/1304 1301/1301/1299 1304/1304/1302
f 1307/1307/1305 1306/1306/1304 1304/1304/1302
f 1307/1307/1305 1308/1308/1306 1309/1309/1307
f 1310/1310/1308 1307/1307/1305 1309/1309/1307
f 1308/1308/1306 1311/1311/1309 1312/1312/1310
f 1309/1309/1307 1308/1308/1306 1312/1312/1310
f 1310/1310/1308 1309/1309/1307 1313/1313/1311
f 832/832/832 1310/1310/1308 1313/1313/1311
f 1309/1309/1307 1312/1312/1310 1314/1314/1312
f 1313/1313/1311 1309/1309/1307 1314/1314/1312
f 745/745/745 1158/1158/1158 747/747/747
f 1158/1158/1158 1161/1161/1161 747/747/747
f 1009/1009/1009 1011/1011/1011 1171/1171/1171
f 1011/1011/1011 1173/1173/1173 1171/1171/1171
f 1011/1011/1011 1014/1014/1014 754/754/754
f 1014/1014/1014 755/755/755 754/754/754
f 747/747/747 1161/1161/1161 761/761/761
f 1161/1161/1161 1169/1169/1169 761/761/761
f 1011/1011/1011 754/754/754 1173/1173/1173
f 754/754/754 763/763/763 1173/1173/1173
f 800/800/800 962/962/962 1315/1315/1313
f 1316/1316/1314 804/804/804 1317/1317/1315
f 1178/1178/1178 1316/1316/1314 1180/1180/1180
f 1316/1316/1314 1317/1317/1315 1180/1180/1180
f 962/962/962 963/963/963 1243/1243/1243
f 1315/1315/1313 962/962/962 1243/1243/1243
f 1180/1180/1180 1317/1317/1315 1254/1254/1254
f 1315/1315/1313 1243/1243/1243 1246/1246/1246
f 1180/1180/1180 1254/1254/1254 1188/1188/1188
f 1184/1184/1184 1180/1180/1180 1188/1188/1188
f 1318/1318/1316 1190/1190/1190 1319/1319/1317
f 1190/1190/1190 1298/1298/1296 1319/1319/1317
f 1318/1318/1316 1319/1319/1317 1041/1041/1041
f 1319/1319/1317 1042/1042/1042 1041/1041/1041
f 1319/1319/1317 1298/1298/1296 1320/1320/1318
f 1298/1298/1296 1208/1208/1208 1320/1320/1318
f 1042/1042/1042 1319/1319/1317 1045/1045/1045
f 1319/1319/1317 1320/1320/1318 1045/1045/1045
f 1084/1084/1084 812/812/812 824/824/824
f 1321/1321/1319 1322/1322/1320 1323/1323/1321
f 993/993/993 992/992/992 1324/1324/1322
f 992/992/992 1325/1325/1323 1324/1324/1322
f 1322/1322/1320 1321/1321/1319 1326/1326/1324
f 1321/1321/1319 1327/1327/1325 1326/1326/1324
f 1028/1028/1028 993/993/993 1029/1029/1029
f 993/993/993 1324/1324/1322 1029/1029/1029
f 1321/1321/1319 1038/1038/1038 1327/1327/1325
f 1032/1032/1032 1029/1029/1029 1324/1324/1322
f 1323/1323/1321 1328/1328/1326 1321/1321/1319
f 1328/1328/1326 1329/1329/1327 1321/1321/1319
f 1038/1038/1038 1321/1321/1319 1039/1039/1039
f 1321/1321/1319 1329/1329/1327 1039/1039/1039
f 1328/1328/1326 1041/1041/1041 1329/1329/1327
f 1041/1041/1041 1039/1039/1039 1329/1329/1327
f 1262/1262/1262 1263/1263/1263 1330/1330/1328
f 1323/1323/1321 1322/1322/1320 1331/1331/1329
f 1331/1331/1329 1322/1322/1320 1332/1332/1330
f 1322/1322/1320 1326/1326/1324 1332/1332/1330
f 1049/1049/1049 1333/1333/1331 1050/1050/1050
f 1334/1334/1332 1335/1335/1333 1053/1053/1053
f 814/814/814 813/813/813 1336/1336/1334
f 813/813/813 1337/1337/1335 1336/1336/1334
f 1017/1017/1017 1036/1036/1036 895/895/895
f 1036/1036/1036 897/897/897 895/895/895
f 897/897/897 1036/1036/1036 908/908/908
f 1338/1338/1336 912/912/912 909/909/909
f 1198/1198/1198 1339/1339/1337 1199/1199/1199
f 1339/1339/1337 1340/1340/1338 1199/1199/1199
f 1341/1341/1339 1196/1196/1196 1199/1199/1199
f 1340/1340/1338 1341/1341/1339 1199/1199/1199
f 1342/1342/1340 1343/1343/1341 1344/1344/1342
f 1345/1345/1343 1342/1342/1340 1344/1344/1342
f 1341/1341/1339 1340/1340/1338 1346/1346/1344
f 1311/1311/1309 1341/1341/1339 1346/1346/1344
f 1342/1342/1340 1345/1345/1343 1347/1347/1345
f 1346/1346/1344 1340/1340/1338 1348/1348/1346
f 1344/1344/1342 1349/1349/1347 1345/1345/1343
f 1349/1349/1347 1350/1350/1348 1345/1345/1343
f 1347/1347/1345 1345/1345/1343 1019/1019/1019
f 1351/1351/1349 1034/1034/1034 1017/1017/1017
f 1201/1201/1201 1200/1200/1200 1352/1352/1350
f 1353/1353/1351 1354/1354/1352 1355/1355/1353
f 1356/1356/1354 1353/1353/1351 1355/1355/1353
f 1304/1304/1302 1303/1303/1301 1352/1352/1350
f 1352/1352/1350 1200/1200/1200 1202/1202/1202
f 1308/1308/1306 1352/1352/1350 1202/1202/1202
f 1304/1304/1302 1352/1352/1350 1308/1308/1306
f 1307/1307/1305 1304/1304/1302 1308/1308/1306
f 1196/1196/1196 1341/1341/1339 1203/1203/1203
f 1341/1341/1339 1311/1311/1309 1203/1203/1203
f 1202/1202/1202 1203/1203/1203 1311/1311/1309
f 1308/1308/1306 1202/1202/1202 1311/1311/1309
f 1142/1142/1142 1141/1141/1141 1357/1357/1355
f 1358/1358/1356 1142/1142/1142 1357/1357/1355
f 1145/1145/1145 1144/1144/1144 1257/1257/1257
f 1144/1144/1144 1359/1359/1357 1257/1257/1257
f 1257/1257/1257 1359/1359/1357 1204/1204/1204
f 1359/1359/1357 1205/1205/1205 1204/1204/1204
f 1152/1152/1152 1360/1360/1358 1361/1361/1359
f 1153/1153/1153 1152/1152/1152 1361/1361/1359
f 1144/1144/1144 1155/1155/1155 1359/1359/1357
f 1153/1153/1153 1361/1361/1359 1362/1362/1360
f 1360/1360/1358 1211/1211/1211 1210/1210/1210
f 1361/1361/1359 1360/1360/1358 1210/1210/1210
f 1362/1362/1360 1361/1361/1359 1215/1215/1215
f 1361/1361/1359 1210/1210/1210 1215/1215/1215
f 1363/1363/1361 1364/1364/1362 1365/1365/1363
f 1366/1366/1364 1367/1367/1365 835/835/835
f 1211/1211/1211 1368/1368/1366 1212/1212/1212
f 1368/1368/1366 1369/1369/1367 1212/1212/1212
f 835/835/835 838/838/838 1370/1370/1368
f 1366/1366/1364 835/835/835 1370/1370/1368
f 840/840/840 839/839/839 1371/1371/1369
f 1370/1370/1368 838/838/838 1372/1372/1370
f 1373/1373/1371 1366/1366/1364 1374/1374/1372
f 1375/1375/1373 1373/1373/1371 1374/1374/1372
f 1376/1376/1374 1375/1375/1373 1377/1377/1375
f 1375/1375/1373 1374/1374/1372 1377/1377/1375
f 1366/1366/1364 1370/1370/1368 1378/1378/1376
f 1374/1374/1372 1366/1366/1364 1378/1378/1376
f 1378/1378/1376 1370/1370/1368 1372/1372/1370
f 757/757/757 1378/1378/1376 1372/1372/1370
f 1377/1377/1375 1374/1374/1372 757/757/757
f 1374/1374/1372 1378/1378/1376 757/757/757
f 1320/1320/1318 1208/1208/1208 1379/1379/1377
f 1208/1208/1208 1209/1209/1209 1379/1379/1377
f 1045/1045/1045 1320/1320/1318 1380/1380/1378
f 1320/1320/1318 1379/1379/1377 1380/1380/1378
f 1379/1379/1377 1209/1209/1209 1009/1009/1009
f 1209/1209/1209 1130/1130/1130 1009/1009/1009
f 1379/1379/1377 1009/1009/1009 1380/1380/1378
f 1009/1009/1009 1171/1171/1171 1380/1380/1378
f 807/807/807 802/802/802 1174/1174/1174
f 805/805/805 1178/1178/1178 1177/1177/1177
f 810/810/810 811/811/811 842/842/842
f 811/811/811 844/844/844 842/842/842
f 847/847/847 818/818/818 848/848/848
f 818/818/818 825/825/825 848/848/848
f 1381/1381/1379 1261/1261/1261 1260/1260/1260
f 1382/1382/1380 1381/1381/1379 1260/1260/1260
f 1382/1382/1380 1260/1260/1260 1264/1264/1264
f 985/985/985 1383/1383/1381 986/986/986
f 1384/1384/1382 1385/1385/1382 1386/1386/1382
f 1387/1387/1383 1388/1388/1384 1343/1343/1341
f 1389/1389/1385 1381/1381/1379 1382/1382/1380
f 1343/1343/1341 1388/1388/1384 1383/1383/1381
f 1343/1343/1341 1383/1383/1381 985/985/985
f 1344/1344/1342 1343/1343/1341 985/985/985
f 985/985/985 991/991/991 1344/1344/1342
f 991/991/991 1349/1349/1347 1344/1344/1342
f 1390/1390/1386 1391/1391/1387 1353/1353/1351
f 1356/1356/1354 1390/1390/1386 1353/1353/1351
f 1197/1197/1197 1201/1201/1201 1392/1392/1388
f 1354/1354/1352 1353/1353/1351 1389/1389/1385
f 1353/1353/1351 1391/1391/1387 1381/1381/1379
f 1389/1389/1385 1353/1353/1351 1381/1381/1379
f 1390/1390/1386 1181/1181/1181 1391/1391/1387
f 1181/1181/1181 1393/1393/1389 1391/1391/1387
f 1261/1261/1261 1381/1381/1379 1394/1394/1390
f 1263/1263/1263 1261/1261/1261 1394/1394/1390
f 1381/1381/1379 1391/1391/1387 1394/1394/1390
f 1391/1391/1387 1393/1393/1389 1394/1394/1390
f 948/948/948 1071/1071/1071 1266/1266/1266
f 1071/1071/1071 1072/1072/1072 1266/1266/1266
f 1358/1358/1356 1357/1357/1355 1395/1395/1391
f 1396/1396/1392 1358/1358/1356 1395/1395/1391
f 1396/1396/1392 1395/1395/1391 1364/1364/1362
f 1363/1363/1361 1396/1396/1392 1364/1364/1362
f 1360/1360/1358 1397/1397/1393 1211/1211/1211
f 1397/1397/1393 1368/1368/1366 1211/1211/1211
f 1053/1053/1053 1335/1335/1333 1051/1051/1051
f 1335/1335/1333 1398/1398/1394 1051/1051/1051
f 1083/1083/1083 1052/1052/1052 1051/1051/1051
f 1398/1398/1394 1083/1083/1083 1051/1051/1051
f 1398/1398/1394 1335/1335/1333 1399/1399/1395
f 1335/1335/1333 1400/1400/1396 1399/1399/1395
f 1083/1083/1083 1398/1398/1394 1399/1399/1395
f 1088/1088/1088 1090/1090/1090 1401/1401/1397
f 1089/1089/1089 1088/1088/1088 1402/1402/1398
f 1088/1088/1088 1401/1401/1397 1402/1402/1398
f 1403/1403/1399 1404/1404/1399 1405/1405/1399
f 1095/1095/1095 1094/1094/1094 1406/1406/1400
f 1237/1237/1237 1115/1115/1115 1407/1407/1401
f 1406/1406/1400 1237/1237/1237 1407/1407/1401
f 1095/1095/1095 1406/1406/1400 1408/1408/1402
f 1406/1406/1400 1407/1407/1401 1408/1408/1402
f 1393/1393/1389 1181/1181/1181 1409/1409/1403
f 1181/1181/1181 1182/1182/1182 1409/1409/1403
f 1263/1263/1263 1394/1394/1390 1330/1330/1328
f 1219/1219/1219 1084/1084/1084 824/824/824
f 1393/1393/1389 1409/1409/1403 1394/1394/1390
f 1409/1409/1403 1330/1330/1328 1394/1394/1390
f 1410/1410/1404 1185/1185/1185 1411/1411/1405
f 1185/1185/1185 1189/1189/1189 1411/1411/1405
f 1410/1410/1404 1411/1411/1405 1323/1323/1321
f 1411/1411/1405 1412/1412/1406 1323/1323/1321
f 1411/1411/1405 1189/1189/1189 1318/1318/1316
f 1189/1189/1189 1190/1190/1190 1318/1318/1316
f 1328/1328/1326 1323/1323/1321 1412/1412/1406
f 1041/1041/1041 1328/1328/1326 1412/1412/1406
f 1411/1411/1405 1318/1318/1316 1412/1412/1406
f 1318/1318/1316 1041/1041/1041 1412/1412/1406
f 1413/1413/1407 1120/1120/1120 791/791/791
f 1027/1027/1027 968/968/968 789/789/789
f 832/832/832 1313/1313/1311 1414/1414/1408
f 833/833/833 832/832/832 1414/1414/1408
f 1414/1414/1408 1313/1313/1311 1314/1314/1312
f 1415/1415/1409 1414/1414/1408 1314/1314/1312
f 833/833/833 1414/1414/1408 1416/1416/1410
f 834/834/834 833/833/833 1416/1416/1410
f 1314/1314/1312 1238/1238/1238 1415/1415/1409
f 1241/1241/1241 1158/1158/1158 1417/1417/1411
f 1416/1416/1410 1414/1414/1408 1415/1415/1409
f 1158/1158/1158 1418/1418/1412 1417/1417/1411
f 839/839/839 834/834/834 1416/1416/1410
f 1419/1419/1413 839/839/839 1416/1416/1410
f 1418/1418/1412 1158/1158/1158 745/745/745
f 1420/1420/1414 1418/1418/1412 745/745/745
f 961/961/961 960/960/960 1421/1421/1415
f 1422/1422/1416 961/961/961 1421/1421/1415
f 963/963/963 961/961/961 1422/1422/1416
f 1244/1244/1244 963/963/963 1422/1422/1416
f 1423/1423/1417 1424/1424/1417 1425/1425/1417
f 1249/1249/1249 1426/1426/1418 1427/1427/1419
f 1302/1302/1300 1305/1305/1303 1428/1428/1420
f 1427/1427/1419 1429/1429/1421 1430/1430/1422
f 1305/1305/1303 1431/1431/1423 1428/1428/1420
f 1432/1432/1424 1250/1250/1250 1430/1430/1422
f 1250/1250/1250 1249/1249/1249 1427/1427/1419
f 1430/1430/1422 1250/1250/1250 1427/1427/1419
f 808/808/808 810/810/810 1283/1283/1283
f 862/862/862 861/861/861 1433/1433/1425
f 1282/1282/1282 1276/1276/1276 1279/1279/1279
f 1434/1434/1426 1282/1282/1282 1279/1279/1279
f 862/862/862 1433/1433/1425 1435/1435/1427
f 864/864/864 862/862/862 1435/1435/1427
f 839/839/839 740/740/740 743/743/743
f 1371/1371/1369 839/839/839 743/743/743
f 1372/1372/1370 752/752/752 758/758/758
f 757/757/757 1372/1372/1370 758/758/758
f 752/752/752 751/751/751 766/766/766
f 758/758/758 752/752/752 766/766/766
f 1311/1311/1309 1346/1346/1344 1436/1436/1428
f 1312/1312/1310 1311/1311/1309 1436/1436/1428
f 1346/1346/1344 1348/1348/1346 1437/1437/1429
f 1436/1436/1428 1346/1346/1344 1437/1437/1429
f 1312/1312/1310 1436/1436/1428 1438/1438/1430
f 1314/1314/1312 1312/1312/1310 1438/1438/1430
f 1436/1436/1428 1437/1437/1429 1439/1439/1431
f 1438/1438/1430 1436/1436/1428 1439/1439/1431
f 1437/1437/1429 1348/1348/1346 1021/1021/1021
f 1347/1347/1345 1019/1019/1019 1018/1018/1018
f 1238/1238/1238 1314/1314/1312 1438/1438/1430
f 1239/1239/1239 1238/1238/1238 1438/1438/1430
f 1437/1437/1429 1021/1021/1021 1439/1439/1431
f 1021/1021/1021 1024/1024/1024 1439/1439/1431
f 1438/1438/1430 1439/1439/1431 1024/1024/1024
f 1239/1239/1239 1438/1438/1430 1024/1024/1024
f 1281/1281/1281 1440/1440/1432 1441/1441/1433
f 1442/1442/1434 1281/1281/1281 1441/1441/1433
f 1441/1441/1433 1440/1440/1432 1229/1229/1229
f 1228/1228/1228 1441/1441/1433 1229/1229/1229
f 1442/1442/1434 1441/1441/1433 886/886/886
f 885/885/885 1442/1442/1434 886/886/886
f 1441/1441/1433 1228/1228/1228 871/871/871
f 886/886/886 1441/1441/1433 871/871/871
f 1229/1229/1229 1443/1443/1435 1444/1444/1436
f 1230/1230/1230 1229/1229/1229 1444/1444/1436
f 1444/1444/1436 1443/1443/1435 1445/1445/1437
f 1443/1443/1435 1446/1446/1438 1445/1445/1437
f 1221/1221/1221 1220/1220/1220 1447/1447/1439
f 1445/1445/1437 1446/1446/1438 1448/1448/1440
f 1445/1445/1437 1448/1448/1440 1049/1049/1049
f 1048/1048/1048 1445/1445/1437 1049/1049/1049
f 1444/1444/1436 1445/1445/1437 1230/1230/1230
f 1445/1445/1437 1449/1449/1441 1230/1230/1230
f 1230/1230/1230 1449/1449/1441 1232/1232/1232
f 1450/1450/1442 1068/1068/1068 1234/1234/1234
f 1449/1449/1441 1445/1445/1437 1048/1048/1048
f 1068/1068/1068 1450/1450/1442 1052/1052/1052
f 1451/1451/1443 1452/1452/1444 1453/1453/1445
f 1454/1454/1446 1451/1451/1443 1453/1453/1445
f 1454/1454/1446 1453/1453/1445 885/885/885
f 888/888/888 1454/1454/1446 885/885/885
f 1451/1451/1443 1454/1454/1446 1107/1107/1107
f 1455/1455/1447 1451/1451/1443 1107/1107/1107
f 1454/1454/1446 888/888/888 892/892/892
f 1107/1107/1107 1454/1454/1446 892/892/892
f 1456/1456/1448 1457/1457/1449 1117/1117/1117
f 1116/1116/1116 1456/1456/1448 1117/1117/1117
f 1044/1044/1044 1045/1045/1045 1458/1458/1450
f 1045/1045/1045 1380/1380/1378 1458/1458/1450
f 912/912/912 1044/1044/1044 913/913/913
f 1044/1044/1044 1458/1458/1450 913/913/913
f 1380/1380/1378 1171/1171/1171 1458/1458/1450
f 1171/1171/1171 1170/1170/1170 1458/1458/1450
f 1170/1170/1170 1459/1459/1451 917/917/917
f 916/916/916 1170/1170/1170 917/917/917
f 913/913/913 1458/1458/1450 916/916/916
f 1458/1458/1450 1170/1170/1170 916/916/916
f 805/805/805 804/804/804 1178/1178/1178
f 804/804/804 1316/1316/1314 1178/1178/1178
f 1440/1440/1432 1460/1460/1452 1443/1443/1435
f 1229/1229/1229 1440/1440/1432 1443/1443/1435
f 1443/1443/1435 1460/1460/1452 1446/1446/1438
f 1460/1460/1452 1461/1461/1453 1446/1446/1438
f 1460/1460/1452 1440/1440/1432 1462/1462/1454
f 1461/1461/1453 1460/1460/1452 1462/1462/1454
f 1281/1281/1281 1286/1286/1286 1440/1440/1432
f 1286/1286/1286 1462/1462/1454 1440/1440/1432
f 1287/1287/1287 1461/1461/1453 1462/1462/1454
f 1286/1286/1286 1287/1287/1287 1462/1462/1454
f 1463/1463/1455 1464/1464/1456 1465/1465/1457
f 1466/1466/1458 1463/1463/1455 1465/1465/1457
f 1466/1466/1458 1465/1465/1457 1452/1452/1444
f 1451/1451/1443 1466/1466/1458 1452/1452/1444
f 1467/1467/1459 1463/1463/1455 1466/1466/1458
f 1468/1468/1460 1467/1467/1459 1466/1466/1458
f 1468/1468/1460 1466/1466/1458 1451/1451/1443
f 1455/1455/1447 1468/1468/1460 1451/1451/1443
f 1093/1093/1093 1469/1469/1461 1470/1470/1462
f 1094/1094/1094 1093/1093/1093 1470/1470/1462
f 1094/1094/1094 1470/1470/1462 1456/1456/1448
f 1116/1116/1116 1094/1094/1094 1456/1456/1448
f 1001/1001/1001 1000/1000/1000 1471/1471/1463
f 1091/1091/1091 1001/1001/1001 1471/1471/1463
f 1471/1471/1463 1472/1472/1464 1091/1091/1091
f 1472/1472/1464 1473/1473/1465 1091/1091/1091
f 1472/1472/1464 1474/1474/1466 1475/1475/1467
f 1473/1473/1465 1472/1472/1464 1475/1475/1467
f 1476/1476/1468 1093/1093/1093 1096/1096/1096
f 1477/1477/1469 1478/1478/1470 1098/1098/1098
f 1473/1473/1465 1475/1475/1467 1091/1091/1091
f 1477/1477/1469 1098/1098/1098 1097/1097/1097
f 794/794/794 806/806/806 1479/1479/1471
f 957/957/957 794/794/794 1479/1479/1471
f 957/957/957 1479/1479/1471 1480/1480/1472
f 1299/1299/1297 1481/1481/1473 1300/1300/1298
f 1479/1479/1471 1390/1390/1386 1356/1356/1354
f 1480/1480/1472 1479/1479/1471 1356/1356/1354
f 1479/1479/1471 806/806/806 1175/1175/1175
f 806/806/806 807/807/807 1175/1175/1175
f 1479/1479/1471 1175/1175/1175 1390/1390/1386
f 1175/1175/1175 1181/1181/1181 1390/1390/1386
f 1482/1482/1474 1305/1305/1303 1306/1306/1304
f 1483/1483/1475 1482/1482/1474 1306/1306/1304
f 1306/1306/1304 1307/1307/1305 1310/1310/1308
f 1483/1483/1475 1306/1306/1304 1310/1310/1308
f 1484/1484/1476 1482/1482/1474 1483/1483/1475
f 1485/1485/1477 1484/1484/1476 1483/1483/1475
f 1483/1483/1475 1310/1310/1308 832/832/832
f 1485/1485/1477 1483/1483/1475 832/832/832
f 828/828/828 1484/1484/1476 1485/1485/1477
f 829/829/829 828/828/828 1485/1485/1477
f 1485/1485/1477 832/832/832 831/831/831
f 829/829/829 1485/1485/1477 831/831/831
f 1279/1279/1279 1278/1278/1278 1486/1486/1478
f 1487/1487/1479 1279/1279/1279 1486/1486/1478
f 1278/1278/1278 1281/1281/1281 1442/1442/1434
f 1486/1486/1478 1278/1278/1278 1442/1442/1434
f 1452/1452/1444 1487/1487/1479 1486/1486/1478
f 1453/1453/1445 1452/1452/1444 1486/1486/1478
f 1486/1486/1478 1442/1442/1434 885/885/885
f 1453/1453/1445 1486/1486/1478 885/885/885
f 839/839/839 1419/1419/1413 741/741/741
f 740/740/740 839/839/839 741/741/741
f 1420/1420/1414 745/745/745 744/744/744
f 749/749/749 1420/1420/1414 744/744/744
f 1488/1488/1480 1264/1264/1264 1489/1489/1481
f 1264/1264/1264 1265/1265/1265 1489/1489/1481
f 1115/1115/1115 1118/1118/1118 1490/1490/1482
f 1407/1407/1401 1115/1115/1115 1490/1490/1482
f 1408/1408/1402 1407/1407/1401 1491/1491/1483
f 1407/1407/1401 1490/1490/1482 1491/1491/1483
f 1492/1492/1484 1114/1114/1114 1121/1121/1121
f 1493/1493/1485 1492/1492/1484 1121/1121/1121
f 1292/1292/1292 1290/1290/1290 966/966/966
f 1494/1494/1486 1492/1492/1484 1493/1493/1485
f 1493/1493/1485 1121/1121/1121 1120/1120/1120
f 1413/1413/1407 1493/1493/1485 1120/1120/1120
f 1292/1292/1292 966/966/966 974/974/974
f 975/975/975 1292/1292/1292 974/974/974
f 1495/1495/1487 1496/1496/1488 1463/1463/1455
f 1467/1467/1459 1495/1495/1487 1463/1463/1455
f 1464/1464/1456 1463/1463/1455 1497/1497/1489
f 1000/1000/1000 1498/1498/1490 1471/1471/1463
f 1463/1463/1455 1496/1496/1488 1497/1497/1489
f 1496/1496/1488 1499/1499/1491 1497/1497/1489
f 1499/1499/1491 1496/1496/1488 1495/1495/1487
f 1474/1474/1466 1472/1472/1464 1500/1500/1492
f 1476/1476/1468 1501/1501/1493 1469/1469/1461
f 1093/1093/1093 1476/1476/1468 1469/1469/1461
f 1502/1502/1494 1431/1431/1423 1305/1305/1303
f 1482/1482/1474 1502/1502/1494 1305/1305/1303
f 1503/1503/1495 1502/1502/1494 1482/1482/1474
f 1484/1484/1476 1503/1503/1495 1482/1482/1474
f 1431/1431/1423 1502/1502/1494 1504/1504/1496
f 1250/1250/1250 1432/1432/1424 1505/1505/1497
f 1132/1132/1132 1131/1131/1131 1250/1250/1250
f 1505/1505/1497 1132/1132/1132 1250/1250/1250
f 1504/1504/1496 1502/1502/1494 1503/1503/1495
f 860/860/860 1504/1504/1496 1503/1503/1495
f 1193/1193/1193 1195/1195/1195 1504/1504/1496
f 860/860/860 1193/1193/1193 1504/1504/1496
f 860/860/860 1503/1503/1495 1484/1484/1476
f 828/828/828 860/860/860 1484/1484/1476
f 1465/1465/1457 1506/1506/1498 1487/1487/1479
f 1452/1452/1444 1465/1465/1457 1487/1487/1479
f 1434/1434/1426 1279/1279/1279 1487/1487/1479
f 1507/1507/1499 1435/1435/1427 1508/1508/1500
f 1487/1487/1479 1506/1506/1498 1509/1509/1501
f 1510/1510/1502 995/995/995 1507/1507/1499
f 864/864/864 1435/1435/1427 1507/1507/1499
f 995/995/995 864/864/864 1507/1507/1499
f 1506/1506/1498 1465/1465/1457 1511/1511/1503
f 995/995/995 1510/1510/1502 998/998/998
f 1465/1465/1457 1464/1464/1456 1511/1511/1503
f 1498/1498/1490 1000/1000/1000 998/998/998
f 1447/1447/1439 1220/1220/1220 824/824/824
f 1220/1220/1220 1219/1219/1219 824/824/824
f 1049/1049/1049 1448/1448/1440 1333/1333/1331
f 1447/1447/1439 824/824/824 814/814/814
o body
v 0.246782 -1.107693 2.800703
v 0.240918 -0.913287 2.776798
v 0.205664 -0.923094 2.862386
v 0.269122 -1.050135 2.713848
v 0.376879 -1.048838 2.708189
v 0.278487 -0.915621 2.748163
v 0.244053 -1.053864 2.739352
v 0.372436 -1.130036 2.675042
v 0.251129 -1.228897 2.822787
v 0.321748 -1.166961 2.626966
v 0.372436 -1.130036 2.675042
v 0.269122 -1.050135 2.713848
v 0.231197 -1.072000 2.683343
v 0.128834 -0.634257 3.057478
v 0.242868 -0.663103 2.962522
v 0.254663 -0.533053 3.075085
v 0.006197 -1.043254 2.808201
v 0.006003 -1.069013 2.767211
v 0.096560 -1.244101 2.750552
v -0.123156 0.403295 4.180614
v -0.011922 0.436135 4.226252
v -0.059342 0.518903 4.185785
v 0.108573 -1.253332 2.804146
v 0.096560 -1.244101 2.750552
v 0.161994 -1.311718 2.780061
v 0.005418 -0.937524 2.882077
v 0.006197 -1.043254 2.808201
v 0.085929 -1.127265 2.854526
v 0.058768 -1.256521 2.746536
v -0.019493 -1.237539 2.747664
v 0.014193 -1.391267 2.793722
v -0.209031 -0.704280 2.426532
v -0.376744 -0.385962 2.449893
v -0.289425 -0.420429 2.373111
v 0.118837 -1.305333 2.652639
v 0.124142 -1.252465 2.718943
v 0.105907 -1.284639 2.719058
v 0.005526 -1.143850 2.748966
v 0.159272 -1.131534 2.871067
v 0.208544 -1.108976 2.853643
v 0.123284 -0.894078 2.910516
v 0.155601 -1.128735 2.576757
v 0.140124 -1.190678 2.681622
v -0.221385 -0.338542 2.300130
v -0.173150 -0.584636 2.352766
v -0.046141 -0.642350 2.321048
v -0.098590 -0.650052 2.337664
v -0.137394 -0.329090 2.264298
v 0.258148 -1.227084 2.761068
v 0.070091 -0.965919 2.900809
v 0.096560 -1.244101 2.750552
v 0.161994 -1.311718 2.780061
v 0.096560 -1.244101 2.750552
v 0.124142 -1.252465 2.718943
v 0.254663 -0.533053 3.075085
v 0.242868 -0.663103 2.962522
v 0.359809 -0.561983 2.937825
v 0.144827 -1.253484 2.851967
v 0.205285 -1.257271 2.851632
v 0.208544 -1.108976 2.853643
v 0.205285 -1.257271 2.851632
v 0.140124 -1.190678 2.681622
v 0.221570 -1.267462 2.715623
v -0.137394 -0.329090 2.264298
v -0.098590 -0.650052 2.337664
v 0.108573 -1.253332 2.804146
v 0.105907 -1.284639 2.719058
v 0.211162 -1.117324 2.690906
v 0.205664 -0.923094 2.862386
v 0.227504 -1.285317 2.792682
v -0.060468 -0.208453 2.218348
v 0.151827 -0.649426 2.344517
v 0.094274 -0.913591 2.404794
v 0.076586 -0.716261 2.339308
v 0.258148 -1.227084 2.761068
v 0.244053 -1.053864 2.739352
v 0.350229 -0.421499 3.075363
v 0.152201 -1.045214 2.491782
v 0.252743 -0.870217 2.479324
v 0.212102 -0.989645 2.492358
v 0.285743 -0.817107 2.491869
v 0.181238 -0.761095 2.399305
v 0.282006 -0.672399 2.450961
v 0.231197 -1.072000 2.683343
v 0.177983 -1.096108 2.650171
v 0.231197 -1.072000 2.683343
v 0.227504 -1.285317 2.792682
v -0.340798 -1.160951 2.562664
v -0.308871 -1.156119 2.630194
v -0.395337 -1.154415 2.601693
v 0.327730 -0.784543 2.531411
v -0.285480 -0.199343 2.304349
v -0.356837 -0.164402 2.349128
v -0.188296 -0.178839 2.250270
v -0.327505 -1.118901 2.685309
v -0.395337 -1.154415 2.601693
v -0.436477 -1.073676 2.552229
v -0.358650 -1.118435 2.502305
v 0.231197 -1.072000 2.683343
v -0.291554 -1.027126 2.476235
v -0.384629 -1.022105 2.489317
v 0.245687 -0.465807 2.336454
v 0.227504 -1.285317 2.792682
v -0.409940 -0.952718 2.550713
v -0.384629 -1.022105 2.489317
v -0.436477 -1.073676 2.552229
v 0.344255 -0.658292 2.547672
v 0.306452 -0.525546 2.406407
v -0.429595 -0.981968 2.629576
v -0.188296 -0.178839 2.250270
v 0.099147 -0.282074 2.236861
v 0.022533 -0.659969 2.318562
v 0.007083 -1.111134 2.444876
v 0.100803 -1.452472 2.738832
v -0.436477 -1.073676 2.552229
v -0.437374 -1.088430 2.621391
v -0.429595 -0.981968 2.629576
v -0.437374 -1.088430 2.621391
v 0.382804 -0.483904 2.478610
v 0.057091 -0.135582 2.206841
v 0.011316 -0.324316 2.239618
v 0.221570 -1.267462 2.715623
v -0.340798 -1.160951 2.562664
v 0.275125 -0.746478 2.815591
v 0.329986 -0.701225 2.772803
v -0.391207 -1.008188 2.694826
v 0.085738 -1.453844 2.674207
v 0.055811 -1.451865 2.795576
v 0.204840 -1.082169 2.571801
v 0.283538 -1.140570 2.559227
v -0.419776 0.623723 2.857193
v -0.475774 0.511762 2.742710
v -0.496389 0.513020 2.849619
v -0.442758 0.603394 3.010846
v -0.499217 0.510501 2.973554
v 0.196662 -0.809379 2.855525
v -0.382209 0.619882 2.720351
v -0.066766 0.146343 3.812252
v -0.106037 0.204280 4.039178
v -0.155458 0.181092 3.757668
v -0.035132 0.165864 3.978453
v 0.440196 -0.503345 2.821447
v 0.372156 -0.652230 2.696082
v 0.058768 -1.256521 2.746536
v 0.033108 0.133779 3.797615
v 0.049445 0.169411 4.017351
v -0.535567 0.391554 2.752508
v -0.487080 0.401293 2.620323
v -0.510889 0.072800 3.129789
v -0.547033 0.198778 3.089504
v -0.543037 0.006184 3.021088
v -0.431343 0.511553 2.638108
v -0.487410 -0.046201 3.111671
v -0.447269 0.101864 3.258103
v -0.542576 0.415053 2.902966
v -0.338636 0.567280 2.567827
v -0.210718 0.321086 3.992975
v -0.213564 0.245440 3.758982
v -0.173200 0.262390 4.024891
v 0.303922 -0.814590 2.744657
v 0.055811 -1.451865 2.795576
v 0.085738 -1.453844 2.674207
v 0.023397 -1.503254 2.712108
v 0.043372 -1.436058 2.623568
v 0.000343 -0.836451 2.896098
v 0.100253 -0.820588 2.906669
v 0.054507 -0.774544 2.934439
v -0.038663 -1.435412 2.638940
v 0.332202 -0.792302 2.714394
v 0.353886 -0.245070 2.342768
v 0.185214 -0.294977 2.261082
v -0.562430 0.310829 2.985094
v -0.576379 0.280267 2.826686
v -0.480476 0.224160 3.243170
v 0.353579 -1.029097 2.476098
v 0.292087 -1.084312 2.494799
v 0.196662 -0.809379 2.855525
v 0.167738 -0.764185 2.905864
v 0.410470 -0.383931 3.032452
v 0.445088 -0.412822 2.946073
v -0.548261 0.292025 2.682251
v 0.075910 -1.094215 2.453121
v 0.015447 0.196400 4.093506
v 0.271015 -0.150325 2.267505
v -0.473035 0.339388 3.257897
v -0.582740 0.141381 2.933454
v -0.155458 0.181092 3.757668
v -0.106037 0.204280 4.039178
v 0.292087 -1.084312 2.494799
v 0.204840 -1.082169 2.571801
v -0.422254 -0.162347 3.140390
v 0.167738 -0.764185 2.905864
v -0.528595 0.335072 3.117006
v -0.054103 0.248571 4.148638
v -0.024662 -1.479616 2.741685
v 0.023397 -1.503254 2.712108
v 0.023397 -1.503254 2.712108
v 0.155601 -1.128735 2.576757
v 0.519675 -0.284416 2.900581
v 0.023113 -0.673534 3.038421
v 0.481768 -0.430996 2.767370
v 0.169134 -0.144710 2.228920
v -0.219793 0.451670 3.995533
v -0.222204 0.383284 4.002327
v -0.194512 0.379208 4.091926
v -0.045421 -1.423440 2.768744
v -0.062540 0.337831 4.204247
v 0.036417 0.337139 4.218761
v -0.568283 -0.035149 2.882356
v -0.132847 0.302627 4.137070
v -0.123156 0.403295 4.180614
v 0.009955 0.261775 4.176185
v -0.062540 0.337831 4.204247
v 0.556189 0.149083 3.119082
v 0.497440 0.124068 3.224410
v 0.518815 -0.054222 3.100904
v 0.152201 -1.045214 2.491782
v 0.104912 -1.202472 2.520287
v -0.062540 0.337831 4.204247
v -0.054103 0.248571 4.148638
v 0.036417 0.337139 4.218761
v 0.343966 -1.139546 2.516128
v 0.104912 -1.202472 2.520287
v 0.023839 -1.295098 2.526181
v -0.214917 -0.944316 2.834670
v -0.244218 -1.034097 2.720497
v -0.243968 -1.099421 2.785191
v 0.471123 0.594200 3.022689
v 0.487729 0.573238 2.891583
v 0.422569 0.650979 2.890254
v 0.204840 -1.082169 2.571801
v -0.372797 -1.076713 2.700534
v 0.556400 0.239638 3.127724
v 0.478526 0.273223 3.292496
v -0.200388 -1.106264 2.856968
v 0.298883 0.025945 3.395143
v 0.135836 0.054397 3.528278
v 0.226521 -0.045744 3.389477
v 0.601583 0.153658 2.965830
v 0.578764 0.019002 3.000513
v -0.395337 -1.154415 2.601693
v -0.327505 -1.118901 2.685309
v 0.457536 0.033300 3.240441
v -0.221558 -1.074244 2.676146
v 0.574089 0.344192 3.035668
v -0.244218 -1.034097 2.720497
v 0.347953 0.691806 2.772293
v 0.324549 0.732718 2.877903
v 0.514770 -0.182924 3.022093
v -0.163773 -1.115245 2.673517
v -0.210938 -1.104243 2.702631
v -0.221558 -1.074244 2.676146
v -0.148875 -1.063677 2.627174
v 0.212015 0.620686 3.591548
v 0.186930 0.605354 3.732209
v 0.230787 0.557408 3.745110
v 0.605558 0.259482 2.889226
v 0.230787 0.557408 3.745110
v 0.259935 0.489020 3.785196
v 0.273297 0.533331 3.630598
v 0.170591 0.662550 3.548521
v -0.243968 -1.099421 2.785191
v 0.212909 0.758195 2.747514
v 0.239812 0.787487 2.944705
v 0.273297 0.533331 3.630598
v 0.334740 -0.077237 3.301863
v 0.298883 0.025945 3.395143
v 0.226521 -0.045744 3.389477
v 0.130692 -0.065714 3.411266
v -0.244218 -1.034097 2.720497
v 0.354702 0.717184 3.010793
v 0.050281 -0.043850 3.448613
v 0.046231 -0.153409 3.363086
v 0.134136 0.642503 3.729977
v 0.135903 0.791347 2.769014
v 0.142180 0.818486 2.946305
v -0.014767 0.103755 3.672672
v -0.005157 0.041425 3.549259
v 0.078444 0.111111 3.670684
v 0.122579 0.613057 3.989319
v -0.248219 -0.906715 2.756238
v -0.061080 -0.169551 3.349571
v -0.048773 -0.048467 3.442010
v 0.603050 -0.030850 2.829301
v 0.250707 0.411128 4.003690
v 0.223466 0.513730 3.997637
v 0.109283 0.154771 3.807005
v 0.354515 0.142070 3.418312
v 0.294537 0.251699 3.582890
v 0.263225 0.150330 3.529596
v -0.243442 -1.227627 2.816576
v -0.144144 -1.030154 2.886567
v -0.206207 -1.237656 2.851581
v -0.161060 -1.284109 2.848763
v -0.200388 -1.106264 2.856968
v 0.104622 0.695020 3.535242
v 0.223492 0.088687 3.507896
v 0.170010 0.576264 4.005332
v -0.206207 -1.237656 2.851581
v 0.303580 0.329372 2.340762
v 0.331410 0.154313 2.301950
v 0.230790 0.202609 2.259539
v -0.249401 -1.229904 2.755529
v 0.028287 0.705500 3.549627
v 0.043108 0.672693 3.724164
v -0.144144 -1.030154 2.886567
v 0.119209 0.169360 2.221858
v 0.097533 0.311592 2.256731
v 0.431259 -0.980210 2.640845
v 0.432784 -0.968256 2.568634
v 0.357209 -0.761892 2.602179
v 0.349957 -0.768131 2.672457
v 0.223466 0.513730 3.997637
v 0.034098 0.833867 2.926305
v 0.018946 0.802129 2.769192
v -0.249401 -1.229904 2.755529
v 0.041507 0.637867 4.001428
v 0.155774 0.140063 3.656849
v 0.223492 0.088687 3.507896
v 0.214638 0.372170 2.316806
v 0.136164 0.819296 3.086989
v 0.221004 0.191243 3.661873
v 0.155774 0.140063 3.656849
v 0.552532 -0.228730 2.826269
v -0.194039 -1.256818 2.705168
v 0.306451 0.655215 2.625186
v 0.327730 -0.784543 2.531411
v -0.439447 -0.379701 2.560284
v -0.515842 -0.244446 2.670657
v -0.518970 -0.166424 2.603829
v -0.498696 -0.316100 2.772483
v -0.556144 -0.125125 2.770774
v 0.158287 0.012174 2.215110
v 0.090880 0.419388 2.304649
v 0.407296 -0.999976 2.509223
v -0.194039 -1.256818 2.705168
v -0.228900 -1.284347 2.778640
v -0.249401 -1.229904 2.755529
v 0.300121 0.430612 2.393998
v -0.228900 -1.284347 2.778640
v -0.161060 -1.284109 2.848763
v -0.081260 0.301225 2.252629
v -0.024851 0.423567 2.305457
v 0.344255 -0.658292 2.547672
v -0.150259 -1.301787 2.751975
v -0.228900 -1.284347 2.778640
v -0.194039 -1.256818 2.705168
v 0.031067 0.743862 2.630259
v -0.161060 -1.284109 2.848763
v 0.183738 0.198531 3.804359
v 0.185038 0.234928 3.983379
v 0.127301 0.201563 4.032596
v 0.127301 0.201563 4.032596
v 0.209124 0.510117 2.399875
v -0.526446 -0.212815 2.856198
v -0.556144 -0.125125 2.770774
v -0.501368 -0.066255 2.516160
v -0.464360 -0.223542 2.506772
v 0.304336 0.533734 2.478600
v 0.183738 0.198531 3.804359
v 0.432784 -0.968256 2.568634
v -0.498696 -0.316100 2.772483
v 0.368622 -0.647716 2.619588
v 0.493578 0.450183 2.627145
v 0.409353 0.440006 2.493108
v 0.389662 0.542003 2.570696
v 0.202848 0.621679 2.502426
v 0.130725 0.537058 2.394600
v -0.128938 -0.585561 3.083969
v -0.095600 -0.446437 3.189997
v -0.173290 -0.459003 3.157347
v 0.157054 0.701362 2.588550
v 0.407382 -1.000250 2.684604
v -0.554372 -0.055447 2.651242
v -0.525749 0.042907 2.549259
v -0.064521 -0.637554 3.064815
v 0.202848 0.621679 2.502426
v 0.487729 0.573238 2.891583
v 0.558435 0.443269 2.932282
v 0.536588 0.464398 2.782241
v -0.436170 0.038420 2.403783
v -0.336432 0.012977 2.313717
v -0.587265 0.095449 2.779547
v 0.576304 0.352339 2.752743
v 0.304336 0.533734 2.478600
v -0.010906 -0.442689 3.205649
v -0.428659 -0.137303 2.417316
v -0.306398 0.497891 2.468176
v -0.395545 0.438044 2.506394
v 0.443552 0.582952 2.721673
v 0.536588 0.464398 2.782241
v 0.389662 0.542003 2.570696
v 0.130725 0.537058 2.394600
v 0.033968 0.650288 2.485300
v -0.185029 0.718559 2.653773
v -0.077070 0.707169 2.580006
v -0.197764 0.630736 2.519965
v -0.044863 0.632441 3.996896
v 0.002755 0.590063 4.129320
v -0.070565 0.770535 2.700199
v -0.020185 0.515851 2.363683
v 0.033968 0.650288 2.485300
v 0.179936 0.521200 4.090878
v 0.182048 0.455930 4.143725
v -0.291972 0.668646 2.669846
v -0.343208 0.142613 2.331107
v -0.110969 0.595346 4.041749
v -0.185481 0.536503 3.996863
v -0.156356 0.494748 4.117279
v 0.179936 0.521200 4.090878
v -0.395545 0.438044 2.506394
v -0.306398 0.497891 2.468176
v -0.330825 0.325441 2.371515
v -0.040791 0.620832 2.459602
v 0.360973 0.686396 3.158282
v 0.448725 0.588164 3.139035
v 0.107861 0.567029 4.123303
v 0.471123 0.594200 3.022689
v 0.075287 0.501530 4.193217
v 0.081569 0.414280 4.215837
v 0.182048 0.455930 4.143725
v 0.107861 0.567029 4.123303
v 0.179936 0.521200 4.090878
v -0.476380 0.334515 2.542881
v -0.059342 0.518903 4.185785
v 0.399536 0.590096 3.270810
v 0.283607 0.693657 3.305570
v 0.270309 0.618773 3.471758
v 0.002755 0.590063 4.129320
v -0.180661 -0.986383 2.518249
v -0.282910 -1.114211 2.510760
v -0.237005 -0.836520 2.480776
v 0.118953 0.354694 4.193995
v -0.082729 -0.880685 2.408465
v 0.007083 -1.111134 2.444876
v -0.052544 -1.168611 2.483201
v -0.260392 -1.139452 2.583151
v 0.503422 0.502532 3.118312
v -0.331299 -0.749361 2.683504
v -0.292678 -0.795341 2.744944
v 0.306420 0.544207 3.509894
v 0.535646 0.384940 3.141042
v -0.207755 -0.929215 2.491535
v 0.099153 0.257713 4.146745
v -0.116568 -1.023299 2.490010
v 0.498769 0.369502 3.242383
v 0.099153 0.257713 4.146745
v 0.165965 0.284763 4.116475
v 0.099153 0.257713 4.146745
v -0.321874 -0.754031 2.550864
v -0.180661 -0.986383 2.518249
v 0.189493 0.763381 3.258294
v 0.118953 0.354694 4.193995
v 0.201125 0.370648 4.121109
v -0.339279 -0.748088 2.615263
v 0.536695 0.306078 2.591270
v 0.493578 0.450183 2.627145
v -0.339279 -0.748088 2.615263
v 0.456975 0.484043 3.266147
v -0.208529 -0.622627 3.008595
v -0.454568 -0.283876 3.001556
v -0.396740 -0.348481 3.040746
v -0.517855 -0.154560 2.971988
v -0.462418 -0.373298 2.869945
v -0.310464 -0.507658 3.015604
v -0.273468 -0.633812 2.926621
v 0.201125 0.370648 4.121109
v 0.228322 0.307732 4.013521
v -0.269886 -0.715506 2.813637
v -0.371094 -0.511463 2.926262
v -0.298856 -0.683141 2.505625
v -0.326993 -0.676742 2.740893
v 0.493578 0.450183 2.627145
v -0.093705 -1.299474 2.642583
v -0.132788 -1.087559 2.563276
v -0.089607 -1.208918 2.539962
v -0.110596 -1.197377 2.693624
v -0.038663 -1.435412 2.638940
v -0.282910 -1.114211 2.510760
v -0.180469 -1.051852 2.572549
v -0.132788 -1.087559 2.563276
v -0.148875 -1.063677 2.627174
v -0.329432 -0.346566 3.122811
v -0.180469 -1.051852 2.572549
v -0.254485 -0.425048 3.132410
v -0.310038 -0.607764 2.497768
v -0.180661 -0.986383 2.518249
v 0.399536 0.590096 3.270810
v -0.221558 -1.074244 2.676146
v -0.180661 -0.986383 2.518249
v 0.448725 0.588164 3.139035
v -0.052544 -1.168611 2.483201
v -0.110969 0.595346 4.041749
v -0.059342 0.518903 4.185785
v -0.374137 -0.583801 2.782221
v 0.391027 -0.014938 2.335043
v 0.276966 0.016501 2.259325
v 0.078520 0.798493 3.250742
v -0.362741 -0.597493 2.614858
v -0.347569 -0.656542 2.628877
v 0.429465 -0.184209 2.400816
v -0.347569 -0.656542 2.628877
v 0.438964 -0.513234 2.663269
v 0.460939 -0.419843 2.580825
v 0.437222 0.131930 2.386497
v 0.480570 -0.048986 2.432525
v 0.515554 0.041344 2.477702
v 0.538982 -0.094658 2.545182
v 0.488357 -0.255261 2.513719
v -0.528729 0.206837 2.580093
v -0.483444 0.165871 2.482773
v -0.569706 0.133350 2.675349
v -0.587265 0.095449 2.779547
v -0.446000 -0.447570 2.750268
v 0.460939 -0.419843 2.580825
v 0.405477 -0.345298 2.434086
v -0.569706 0.133350 2.675349
v 0.520212 -0.330648 2.712799
v -0.528729 0.206837 2.580093
v 0.059348 -0.495006 3.173576
v 0.023113 -0.673534 3.038421
v 0.059348 -0.495006 3.173576
v -0.064521 -0.637554 3.064815
v -0.010906 -0.442689 3.205649
v 0.174180 -0.444171 3.177843
v 0.573486 -0.154214 2.729941
v 0.565876 0.122964 2.574717
v 0.584022 -0.038576 2.660260
v 0.538982 -0.094658 2.545182
v 0.545832 -0.212246 2.638493
v 0.488357 -0.255261 2.513719
v 0.565876 0.122964 2.574717
v 0.603946 0.075972 2.715459
v -0.043492 0.809423 3.213677
v -0.040791 0.620832 2.459602
v -0.137700 0.545561 2.413335
v -0.044302 0.704049 3.540033
v -0.243969 0.467522 2.399011
v -0.197764 0.630736 2.519965
v -0.137700 0.545561 2.413335
v -0.170462 0.409981 2.325802
v -0.257370 -0.078881 2.268878
v -0.117172 -0.020566 2.209636
v -0.257370 -0.078881 2.268878
v -0.234789 0.066674 2.253152
v -0.137700 0.545561 2.413335
v -0.183376 0.748263 3.283228
v -0.168450 0.651702 3.555141
v -0.102552 0.684513 3.553388
v -0.114472 0.793049 3.225734
v 0.278182 0.358533 3.753554
v 0.249554 0.269949 3.760763
v -0.295830 0.644062 3.346706
v -0.225192 0.603056 3.555387
v -0.168450 0.651702 3.555141
v -0.268210 0.730131 3.205288
v 0.317200 0.345341 3.594134
v -0.263767 0.556145 3.552420
v -0.243969 0.467522 2.399011
v -0.389043 0.552842 3.301796
v -0.268210 0.730131 3.205288
v -0.234789 0.066674 2.253152
v 0.284335 0.432563 3.709568
v 0.348252 0.372414 3.521825
v -0.197764 0.630736 2.519965
v -0.291972 0.668646 2.669846
v -0.266700 0.408463 3.718063
v -0.325534 0.446961 3.513980
v -0.328813 0.359157 3.524808
v -0.295107 0.317810 3.596108
v -0.256954 0.342746 3.741895
v -0.187928 0.154650 3.628683
v -0.244021 0.278932 3.711788
v -0.234796 0.151735 3.550383
v -0.275222 0.219909 3.557481
v -0.251161 0.468324 3.757436
v -0.294034 0.494858 3.550116
v -0.297948 0.740467 3.025876
v -0.208080 0.782569 3.097655
v -0.153786 0.813856 3.013807
v 0.006197 -1.043254 2.808201
v 0.005418 -0.937524 2.882077
v -0.044048 -1.018136 2.877006
v -0.003636 0.831853 3.088759
v -0.376365 0.637472 3.185908
v -0.297948 0.740467 3.025876
v -0.371104 0.675434 3.058187
v -0.043757 -1.127594 2.822008
v 0.023656 0.023940 2.196021
v -0.064647 0.828969 2.959469
v -0.240056 -0.092338 3.334546
v -0.331909 -0.047010 3.301606
v 0.610603 0.097553 2.836374
v 0.606539 0.192326 2.756180
v 0.290937 -0.341049 3.178479
v 0.386976 -0.268703 3.142223
v -0.157329 -0.123036 3.352665
v -0.222353 0.543051 3.740063
v -0.163975 0.606136 3.745808
v -0.061080 -0.169551 3.349571
v 0.334645 0.471675 3.517911
v 0.128290 -0.192660 3.328533
v -0.163975 0.606136 3.745808
v -0.107979 0.641229 3.749828
v 0.306420 0.544207 3.509894
v 0.174180 -0.444171 3.177843
v -0.110596 -1.197377 2.693624
v -0.093705 -1.299474 2.642583
v -0.084397 -1.232072 2.703242
v 0.438273 -0.177211 3.143672
v -0.075159 -1.207930 2.748428
v 0.006003 -1.069013 2.767211
v -0.194039 -1.256818 2.705168
v -0.163773 -1.115245 2.673517
v -0.110596 -1.197377 2.693624
v 0.224262 -0.173674 3.308560
v 0.128290 -0.192660 3.328533
v -0.045780 0.663755 3.743613
v 0.005526 -1.143850 2.748966
v 0.574031 0.235359 2.646369
v -0.092663 -1.225799 2.727188
v -0.069713 -1.399859 2.685834
v 0.224262 -0.173674 3.308560
v -0.099016 -1.260800 2.806004
v -0.007070 0.154172 2.209466
v 0.224262 -0.173674 3.308560
v 0.005526 -1.143850 2.748966
v -0.092663 -1.225799 2.727188
v -0.019493 -1.237539 2.747664
v -0.362741 -0.597493 2.614858
v -0.092437 -1.225907 2.726326
v -0.084397 -1.232072 2.703242
v -0.150259 -1.301787 2.751975
v -0.150259 -1.301787 2.751975
v -0.092437 -1.225907 2.726326
v -0.092533 -1.228173 2.734323
v -0.092437 -1.225907 2.726326
v -0.161060 -1.284109 2.848763
v -0.443322 -0.435579 2.646597
v -0.044048 -1.018136 2.877006
v -0.343208 0.142613 2.331107
v -0.436170 0.038420 2.403783
v -0.404144 0.191622 2.393536
v -0.404144 0.191622 2.393536
v -0.152335 -0.848593 2.440985
v -0.207755 -0.929215 2.491535
v -0.362741 -0.597493 2.614858
v -0.443322 -0.435579 2.646597
v -0.439447 -0.379701 2.560284
v -0.237005 -0.836520 2.480776
v -0.443322 -0.435579 2.646597
v -0.330825 0.325441 2.371515
v -0.192953 -0.805434 2.839878
v -0.166396 -0.896002 2.885197
v 0.569429 -0.096998 2.936441
v -0.280082 -0.787958 2.502826
v -0.416742 0.310991 2.451284
v -0.196194 0.756259 2.754385
v -0.296490 0.710426 2.782186
v -0.476380 0.334515 2.542881
v -0.193697 -0.746359 2.874555
v -0.096681 -0.808458 2.908860
v -0.096681 -0.808458 2.908860
v -0.226457 0.775531 2.881274
v -0.349468 0.700286 2.894891
v -0.080581 -0.757213 2.942408
v -0.085004 -0.908847 2.915726
v 0.362369 0.247730 3.464480
v -0.157329 -0.123036 3.352665
v -0.166396 -0.896002 2.885197
v -0.096125 0.806047 2.820786
v -0.024662 -1.479616 2.741685
v -0.069713 -1.399859 2.685834
v -0.080581 -0.757213 2.942408
v -0.240306 0.057985 3.448690
v -0.339409 0.096306 3.386937
v -0.045421 -1.423440 2.768744
v 0.406167 -1.148054 2.571545
v 0.410822 -1.086549 2.514926
v 0.406167 -1.148054 2.571545
v 0.343966 -1.139546 2.516128
v 0.406167 -1.148054 2.571545
v 0.438560 -1.079195 2.637130
v 0.451643 -1.068992 2.573998
v 0.321748 -1.166961 2.626966
v -0.144432 0.011764 3.470422
v -0.349468 0.700286 2.894891
v 0.451643 -1.068992 2.573998
v -0.144432 0.011764 3.470422
v -0.296490 0.710426 2.782186
v -0.237484 0.217941 2.277970
v -0.119629 0.157806 2.227135
v -0.128955 0.078463 3.561995
v -0.346722 0.251076 3.462883
v -0.080581 -0.757213 2.942408
v -0.128955 0.078463 3.561995
v -0.237484 0.217941 2.277970
v -0.468506 0.434805 3.231489
v -0.170462 0.409981 2.325802
v 0.023839 -1.295098 2.526181
v 0.023397 -1.503254 2.712108
v 0.390795 0.300481 2.390929
v -0.530971 0.411288 3.042262
v 0.484567 0.216318 2.462142
v -0.469083 0.523425 3.127349
v -0.087712 0.120269 3.670607
v -0.087712 0.120269 3.670607
v 0.260936 0.761483 3.138254
v 0.536695 0.306078 2.591270
v 0.458081 0.337413 2.481266
vn 0.9592 0.0519 0.2781
vn 0.7956 -0.0769 0.6009
vn 0.9087 0.0754 0.4105
vn 0.3851 -0.5118 0.7680
vn 0.4135 -0.2173 0.8842
vn 0.4551 -0.1343 0.8802
vn 0.9181 -0.2649 0.2947
vn 0.5044 -0.6168 0.6043
vn 0.8590 -0.1873 0.4766
vn -0.3359 -0.9125 0.2334
vn -0.2239 -0.6445 0.7311
vn -0.2203 -0.6440 0.7326
vn -0.4276 -0.7268 0.5375
vn 0.2464 -0.6332 0.7337
vn 0.3906 -0.6386 0.6631
vn 0.3670 -0.5825 0.7252
vn -0.8519 -0.4568 0.2560
vn -0.7781 -0.4447 0.4437
vn -0.4257 -0.4801 0.7670
vn -0.3979 0.0774 0.9141
vn -0.1212 0.1548 0.9805
vn -0.1365 0.4291 0.8929
vn -0.7149 -0.5932 0.3702
vn -0.7277 -0.6844 0.0452
vn -0.2797 -0.8454 0.4551
vn -0.1228 -0.2214 0.9674
vn -0.7335 -0.3853 0.5600
vn -0.5130 -0.3099 0.8005
vn 0.0381 -0.0382 0.9985
vn -0.2103 0.1476 0.9664
vn -0.1058 0.1130 0.9879
vn -0.6112 -0.2624 -0.7467
vn -0.7688 -0.2951 -0.5673
vn -0.6235 -0.2799 -0.7300
vn 0.9809 -0.1905 0.0391
vn 0.8776 -0.3356 0.3423
vn 0.8353 -0.1522 0.5283
vn -0.1945 -0.1702 0.9660
vn 0.0798 -0.1299 0.9883
vn 0.3773 -0.0604 0.9241
vn 0.2185 0.0144 0.9757
vn 0.9028 -0.4036 -0.1485
vn 0.9445 -0.3137 -0.0978
vn -0.4610 -0.2353 -0.8556
vn -0.4891 -0.2874 -0.8235
vn -0.1776 -0.2522 -0.9512
vn -0.2568 -0.2598 -0.9309
vn -0.2270 -0.2194 -0.9489
vn 0.9695 -0.2443 0.0196
vn -0.1895 -0.1885 0.9636
vn 0.6508 -0.3665 0.6649
vn -0.0209 -0.8784 -0.4776
vn -0.6012 -0.7268 -0.3323
vn -0.3155 -0.6914 -0.6500
vn 0.5638 -0.5197 0.6418
vn 0.5979 -0.6114 0.5184
vn 0.7172 -0.5351 0.4464
vn -0.3440 -0.5006 0.7944
vn 0.0852 -0.5554 0.8272
vn 0.7803 0.0401 0.6241
vn 0.6351 -0.3044 0.7099
vn 0.1433 -0.2918 -0.9457
vn 0.3369 -0.5368 -0.7736
vn -0.3600 -0.2291 -0.9044
vn -0.4187 -0.2843 -0.8625
vn -0.8910 -0.4366 0.1245
vn 0.1105 -0.5937 0.7970
vn 0.6552 -0.2266 -0.7207
vn 0.5087 0.0165 0.8608
vn 0.2430 -0.8372 0.4899
vn -0.1362 -0.1575 -0.9781
vn 0.3822 -0.2669 -0.8847
vn 0.3964 -0.2912 -0.8707
vn 0.1980 -0.2658 -0.9435
vn 0.8053 -0.0336 -0.5919
vn 0.9064 -0.1771 -0.3834
vn 0.6274 -0.4731 0.6185
vn 0.5357 -0.4006 -0.7433
vn 0.3246 -0.1153 -0.9388
vn 0.0124 -0.2756 -0.9612
vn 0.5647 -0.0094 -0.8253
vn 0.5164 -0.2734 -0.8115
vn 0.7180 -0.2557 -0.6474
vn 0.8866 -0.4231 -0.1867
vn 0.6983 -0.6685 -0.2559
vn 0.5536 -0.7631 -0.3335
vn 0.8362 -0.5302 0.1401
vn 0.1559 -0.9831 -0.0964
vn 0.1959 -0.9225 0.3327
vn -0.1082 -0.9565 0.2711
vn 0.7250 0.0518 -0.6868
vn -0.5324 -0.1775 -0.8277
vn -0.6513 -0.1605 -0.7416
vn -0.4352 -0.1742 -0.8833
vn 0.1840 -0.7656 0.6165
vn -0.6620 -0.6561 -0.3623
vn -0.7321 -0.4863 -0.4770
vn -0.2742 -0.5660 -0.7775
vn 0.3531 -0.9108 0.2139
vn 0.1279 -0.1605 -0.9787
vn -0.3139 -0.1417 -0.9388
vn 0.5060 -0.2604 -0.8223
vn 0.4020 -0.8847 -0.2359
vn -0.8728 0.2993 -0.3856
vn -0.7322 0.2299 -0.6411
vn -0.9066 0.1942 -0.3747
vn 0.8367 -0.2405 -0.4921
vn 0.6653 -0.2963 -0.6853
vn -0.9513 0.2777 -0.1341
vn -0.3004 -0.1275 -0.9453
vn 0.1542 -0.1982 -0.9680
vn 0.0093 -0.2481 -0.9687
vn 0.0944 -0.3527 -0.9310
vn 0.8482 -0.4623 0.2587
vn -0.9974 0.0727 0.0026
vn -0.8815 -0.2095 0.4232
vn -0.8919 0.1358 0.4313
vn -0.8531 -0.5079 -0.1194
vn 0.7944 -0.3286 -0.5108
vn 0.0747 -0.1064 -0.9915
vn -0.0014 -0.2162 -0.9764
vn 0.8237 -0.5352 -0.1874
vn -0.2399 -0.8257 -0.5106
vn 0.6770 -0.4813 0.5568
vn 0.8310 -0.4230 0.3614
vn -0.6672 0.0238 0.7445
vn 0.8447 -0.4982 -0.1955
vn 0.6984 -0.3798 0.6067
vn -0.6419 -0.7595 -0.1053
vn -0.4687 -0.8221 -0.3232
vn -0.7524 0.6467 -0.1255
vn -0.8230 0.5099 -0.2503
vn -0.8688 0.4858 -0.0960
vn -0.8018 0.5934 0.0707
vn -0.8932 0.4455 0.0607
vn 0.5016 -0.1229 0.8563
vn -0.6731 0.6733 -0.3060
vn -0.2851 -0.9402 0.1866
vn -0.2875 -0.9045 0.3149
vn -0.4597 -0.8663 0.1954
vn -0.1894 -0.9578 0.2161
vn 0.8618 -0.4668 0.1986
vn 0.9249 -0.3727 0.0753
vn 0.5768 0.1907 0.7943
vn 0.0757 -0.9766 0.2012
vn 0.1461 -0.9509 0.2727
vn -0.9195 0.3408 -0.1960
vn -0.8363 0.3915 -0.3839
vn -0.8862 -0.1884 0.4232
vn -0.9489 -0.0302 0.3142
vn -0.9302 -0.1918 0.3129
vn -0.7447 0.5329 -0.4018
vn -0.8402 -0.2833 0.4624
vn -0.8038 -0.2525 0.5386
vn -0.9463 0.3233 -0.0014
vn -0.5903 0.6294 -0.5054
vn -0.9150 -0.3325 0.2286
vn -0.7983 -0.5701 0.1943
vn -0.7693 -0.5607 0.3064
vn 0.6924 -0.1652 0.7024
vn -0.1296 -0.3554 0.9257
vn 0.4268 -0.6801 -0.5960
vn 0.0789 -0.8026 -0.5913
vn 0.2207 -0.6483 -0.7287
vn 0.0131 -0.2437 0.9698
vn 0.1947 -0.1839 0.9635
vn 0.0793 -0.5983 0.7973
vn -0.1396 -0.6839 -0.7161
vn 0.8486 -0.0333 0.5279
vn 0.6160 -0.2084 -0.7597
vn 0.3351 -0.2142 -0.9175
vn -0.9791 0.1507 0.1369
vn -0.9842 0.1680 -0.0556
vn -0.8840 -0.0837 0.4600
vn 0.2143 -0.0809 -0.9734
vn -0.2045 -0.3316 -0.9210
vn 0.7209 -0.2613 0.6419
vn 0.3476 -0.5795 0.7371
vn 0.7405 -0.4287 0.5175
vn 0.8231 -0.4311 0.3697
vn -0.9358 0.2264 -0.2703
vn 0.3845 -0.3220 -0.8652
vn 0.0121 -0.8778 0.4788
vn 0.4610 -0.1281 -0.8781
vn -0.9030 0.0783 0.4225
vn -0.9901 -0.0254 0.1380
vn -0.6549 -0.7143 0.2466
vn -0.6339 -0.6867 0.3559
vn -0.4886 -0.6240 -0.6098
vn 0.1623 -0.6501 -0.7423
vn -0.7381 -0.3645 0.5678
vn 0.5842 -0.5630 0.5845
vn -0.9458 0.1378 0.2942
vn -0.2060 -0.7328 0.6486
vn -0.2236 -0.6894 0.6890
vn -0.0762 -0.8356 0.5440
vn 0.5150 -0.8486 0.1208
vn 0.5165 -0.5877 -0.6228
vn 0.9026 -0.3544 0.2444
vn 0.0725 -0.6803 0.7294
vn 0.9159 -0.3982 0.0514
vn 0.2702 -0.1128 -0.9562
vn -0.9450 0.2172 0.2446
vn -0.9704 -0.0737 0.2300
vn -0.8770 -0.0934 0.4714
vn -0.5795 -0.1520 0.8007
vn -0.2729 -0.0742 0.9592
vn 0.1465 -0.2065 0.9674
vn -0.9762 -0.1762 0.1263
vn -0.6507 -0.4498 0.6118
vn -0.7038 -0.0122 0.7103
vn 0.0036 -0.6376 0.7704
vn -0.1796 -0.4866 0.8550
vn 0.9203 -0.1060 0.3765
vn 0.8418 -0.1872 0.5063
vn 0.8478 -0.2708 0.4560
vn 0.8779 -0.3069 -0.3677
vn 0.8371 -0.3307 -0.4358
vn -0.5337 -0.3778 0.7566
vn -0.5024 -0.5982 0.6243
vn 0.0225 -0.4977 0.8671
vn -0.2055 -0.8848 -0.4182
vn 0.4587 -0.4003 -0.7933
vn 0.3032 -0.4696 -0.8292
vn -0.8317 0.0136 0.5551
vn -0.6197 -0.1620 0.7679
vn -0.9210 0.0774 0.3819
vn 0.7395 0.6689 0.0761
vn 0.7800 0.6162 -0.1092
vn 0.7130 0.6959 -0.0863
vn 0.6038 -0.7944 0.0656
vn -0.4370 -0.3526 0.8275
vn 0.9386 0.0210 0.3444
vn 0.8735 -0.0411 0.4851
vn -0.7775 0.0546 0.6265
vn 0.4582 -0.5691 0.6828
vn 0.3032 -0.7555 0.5808
vn 0.3631 -0.5680 0.7386
vn 0.9831 -0.0224 0.1817
vn 0.9436 -0.1722 0.2829
vn -0.5379 -0.5988 0.5934
vn -0.2292 -0.5387 0.8108
vn 0.7600 -0.3022 0.5754
vn 0.5122 -0.7018 0.4951
vn 0.9626 0.1872 0.1957
vn 0.3213 -0.6145 0.7205
vn 0.5770 0.7751 -0.2574
vn 0.5444 0.8288 -0.1294
vn 0.8544 -0.3273 0.4035
vn -0.5013 -0.4262 -0.7530
vn -0.7507 -0.3556 -0.5569
vn -0.6970 -0.5246 -0.4888
vn -0.7728 -0.4577 -0.4397
vn 0.6459 0.7256 0.2375
vn 0.6376 0.7532 0.1619
vn 0.7276 0.6694 0.1502
vn 0.9902 0.1353 0.0360
vn 0.8649 0.4707 0.1742
vn 0.9318 0.3366 0.1358
vn 0.9027 0.3458 0.2562
vn 0.4806 0.8379 0.2586
vn -0.9372 -0.0743 -0.3407
vn 0.3688 0.8768 -0.3084
vn 0.4076 0.9116 -0.0538
vn 0.7605 0.6082 0.2274
vn 0.5491 -0.4391 0.7111
vn 0.5659 -0.4609 0.6836
vn 0.4548 -0.4956 0.7399
vn 0.2239 -0.6160 0.7553
vn -0.9350 -0.2513 -0.2502
vn 0.6205 0.7826 0.0503
vn 0.0758 -0.6896 0.7202
vn 0.0549 -0.5483 0.8345
vn 0.4374 0.8845 0.1622
vn 0.2086 0.9362 -0.2828
vn 0.2286 0.9710 -0.0707
vn -0.0745 -0.9385 0.3370
vn -0.0339 -0.8255 0.5634
vn 0.2308 -0.9134 0.3353
vn 0.4374 0.8733 0.2147
vn -0.6715 -0.0878 0.7358
vn -0.0973 -0.5499 0.8295
vn -0.1255 -0.6633 0.7378
vn 0.9871 -0.1536 0.0449
vn 0.9671 0.0460 0.2503
vn 0.9256 0.2892 0.2443
vn 0.3766 -0.9071 0.1881
vn 0.7031 -0.3778 0.6024
vn 0.8329 -0.3772 0.4049
vn 0.6530 -0.5387 0.5323
vn -0.8765 -0.1944 0.4404
vn -0.0231 -0.1634 0.9863
vn -0.1269 -0.1279 0.9836
vn -0.0263 -0.1455 0.9890
vn -0.4477 -0.0168 0.8940
vn 0.2829 0.9225 0.2627
vn 0.5670 -0.5736 0.5912
vn 0.6493 0.7214 0.2407
vn -0.6674 -0.3616 0.6510
vn 0.4830 0.3501 -0.8026
vn 0.5424 0.1511 -0.8264
vn 0.3607 0.2177 -0.9069
vn -0.9849 -0.1406 0.1014
vn 0.0570 0.9687 0.2416
vn 0.1184 0.9791 0.1654
vn -0.5760 0.0192 0.8172
vn 0.1751 0.1776 -0.9684
vn 0.1340 0.3413 -0.9304
vn 0.9316 0.1980 0.3048
vn 0.9596 0.2812 0.0064
vn 0.9803 0.1205 -0.1567
vn 0.9674 0.0355 0.2509
vn 0.7564 0.6216 0.2036
vn 0.0407 0.9948 -0.0938
vn 0.0085 0.9570 -0.2900
vn -0.7818 -0.0230 -0.6231
vn 0.1269 0.9612 0.2448
vn 0.4064 -0.8423 0.3541
vn 0.4104 -0.7061 0.5771
vn 0.3329 0.4162 -0.8461
vn 0.2346 0.9666 0.1031
vn 0.6887 -0.6603 0.2995
vn 0.5899 -0.7361 0.3320
vn 0.9504 -0.2966 0.0936
vn -0.6575 -0.0853 -0.7486
vn 0.4965 0.7442 -0.4469
vn 0.8851 0.1840 -0.4276
vn -0.8751 -0.3156 -0.3669
vn -0.9449 -0.2834 -0.1639
vn -0.9279 -0.2132 -0.3059
vn -0.9443 -0.3221 -0.0677
vn -0.9740 -0.2023 -0.1021
vn 0.2504 0.0142 -0.9680
vn 0.1297 0.4825 -0.8662
vn 0.6922 0.1555 -0.7047
vn -0.7057 -0.4850 -0.5166
vn 0.4868 0.4780 -0.7311
vn -0.7894 -0.4809 0.3816
vn -0.5769 -0.5946 0.5601
vn -0.1518 0.3324 -0.9308
vn -0.0676 0.4783 -0.8756
vn 0.9340 -0.1924 -0.3011
vn -0.2658 -0.9502 -0.1625
vn -0.2574 -0.9571 -0.1333
vn -0.3394 -0.8165 -0.4670
vn 0.0383 0.8845 -0.4650
vn -0.1618 -0.9738 0.1598
vn 0.7361 -0.6556 0.1681
vn 0.7124 -0.6684 0.2138
vn 0.6209 -0.7124 0.3270
vn 0.3400 -0.8862 0.3148
vn 0.3351 0.5753 -0.7462
vn -0.9426 -0.3015 0.1436
vn -0.9729 -0.2247 0.0537
vn -0.8834 -0.1110 -0.4553
vn -0.8599 -0.2345 -0.4534
vn 0.4914 0.5719 -0.6568
vn 0.5028 -0.8444 0.1849
vn 0.8307 0.2572 -0.4937
vn -0.9312 -0.3554 0.0808
vn 0.9464 -0.2811 -0.1592
vn 0.7586 0.4313 -0.4884
vn 0.6559 0.4713 -0.5896
vn 0.6501 0.5356 -0.5391
vn 0.3485 0.6449 -0.6802
vn 0.1742 0.6095 -0.7734
vn -0.3144 -0.5905 0.7433
vn -0.1981 -0.5148 0.8341
vn -0.3551 -0.5169 0.7789
vn 0.2418 0.8294 -0.5036
vn 0.7305 0.0624 0.6801
vn -0.9648 -0.1289 -0.2294
vn -0.9083 -0.0169 -0.4181
vn -0.2837 -0.6254 0.7269
vn 0.3109 0.7374 -0.5996
vn 0.8792 0.4764 -0.0060
vn 0.9312 0.3628 0.0363
vn 0.9076 0.3937 -0.1462
vn -0.7696 -0.0055 -0.6385
vn -0.6009 -0.0047 -0.7993
vn -0.9846 -0.0843 -0.1533
vn 0.9410 0.2859 -0.1813
vn 0.4905 0.6675 -0.5602
vn -0.1336 -0.5157 0.8463
vn -0.7754 -0.1525 -0.6128
vn -0.5599 0.5839 -0.5878
vn -0.7051 0.4976 -0.5052
vn 0.7301 0.6183 -0.2910
vn 0.8191 0.5270 -0.2267
vn 0.6209 0.6316 -0.4643
vn 0.1889 0.7072 -0.6813
vn 0.0557 0.7956 -0.6032
vn -0.3353 0.8391 -0.4285
vn -0.1508 0.8357 -0.5281
vn -0.2664 0.7718 -0.5774
vn -0.2252 0.9490 0.2208
vn -0.1198 0.8838 0.4522
vn -0.1455 0.9124 -0.3824
vn -0.0558 0.6011 -0.7972
vn 0.0272 0.6646 -0.7467
vn 0.8643 0.3331 0.3768
vn 0.8974 0.2071 0.3895
vn -0.5648 0.7237 -0.3964
vn -0.5696 0.1265 -0.8122
vn -0.6574 0.6695 0.3458
vn -0.8052 0.5437 0.2366
vn -0.7366 0.4029 0.5432
vn 0.6606 0.6638 0.3507
vn -0.6506 0.4170 -0.6347
vn -0.5146 0.5286 -0.6751
vn -0.5608 0.3571 -0.7470
vn -0.0587 0.6671 -0.7427
vn 0.6610 0.7182 0.2173
vn 0.7490 0.6271 0.2140
vn 0.4039 0.8334 0.3772
vn 0.8749 0.4705 0.1143
vn 0.2829 0.4577 0.8429
vn 0.3362 0.0849 0.9380
vn 0.5979 0.2492 0.7619
vn 0.4048 0.5843 0.7033
vn 0.6019 0.5142 0.6110
vn -0.8425 0.3383 -0.4192
vn -0.5831 0.4771 0.6576
vn 0.7062 0.6303 0.3226
vn 0.5770 0.7521 0.3184
vn 0.6762 0.6487 0.3492
vn 0.0988 0.6343 0.7667
vn 0.4200 -0.2411 -0.8749
vn 0.2098 -0.4849 -0.8490
vn 0.0832 -0.0001 -0.9965
vn 0.4692 -0.1736 0.8658
vn -0.4659 -0.3026 -0.8315
vn -0.3295 -0.2713 -0.9044
vn -0.5726 -0.3298 -0.7506
vn 0.5571 -0.8244 -0.1000
vn 0.8877 0.3967 0.2338
vn -0.9505 0.0325 0.3091
vn -0.7355 -0.1150 0.6677
vn 0.7804 0.5395 0.3159
vn 0.9284 0.2126 0.3048
vn 0.2985 -0.1073 -0.9484
vn 0.2414 -0.7382 0.6299
vn -0.6456 -0.3435 -0.6821
vn 0.9005 0.1423 0.4109
vn 0.3438 -0.4671 0.8146
vn 0.6664 -0.5176 0.5367
vn 0.5190 -0.5928 0.6158
vn -0.8678 0.1837 -0.4617
vn -0.4802 -0.4268 -0.7663
vn 0.3703 0.8886 0.2707
vn 0.5991 -0.3790 0.7053
vn 0.8588 -0.1684 0.4839
vn -0.9355 0.1975 -0.2931
vn 0.9057 0.2697 -0.3270
vn 0.8830 0.3603 -0.3009
vn -0.9832 0.1395 0.1176
vn 0.8617 0.3380 0.3785
vn -0.4769 -0.6141 0.6289
vn -0.8309 -0.3779 0.4084
vn -0.7390 -0.4299 0.5187
vn -0.9043 -0.2913 0.3121
vn -0.8876 -0.4013 0.2264
vn -0.6417 -0.5161 0.5673
vn -0.6442 -0.5977 0.4772
vn 0.6680 -0.0475 0.7427
vn 0.8851 -0.3826 0.2651
vn -0.7301 -0.4655 0.5003
vn -0.7783 -0.4966 0.3843
vn -0.8056 -0.1363 -0.5766
vn -0.8867 -0.3743 0.2713
vn 0.7709 0.5357 -0.3445
vn -0.9164 -0.3052 -0.2591
vn -0.8957 -0.3095 -0.3193
vn -0.7842 -0.3463 -0.5148
vn -0.9599 -0.2576 -0.1103
vn -0.7766 -0.5290 -0.3420
vn 0.5347 -0.7095 -0.4591
vn -0.4794 -0.8037 -0.3526
vn -0.6119 -0.7665 -0.1949
vn -0.2181 -0.9723 -0.0843
vn -0.6260 -0.4391 0.6445
vn 0.7207 -0.6057 -0.3372
vn -0.5090 -0.4903 0.7075
vn -0.8104 -0.2911 -0.5084
vn 0.6488 -0.4846 -0.5866
vn 0.8255 0.4346 0.3601
vn -0.0003 -0.9774 -0.2114
vn -0.5321 -0.5415 -0.6509
vn 0.8412 0.4747 0.2588
vn -0.1781 -0.4113 -0.8939
vn -0.3518 0.8771 0.3269
vn -0.3777 0.7550 0.5361
vn -0.8622 -0.4827 0.1536
vn 0.6441 -0.0335 -0.7642
vn 0.4469 0.0110 -0.8945
vn 0.1408 0.9571 0.2531
vn -0.8830 -0.3249 -0.3387
vn -0.9265 -0.1893 -0.3253
vn 0.7460 -0.1778 -0.6418
vn -0.9708 -0.2323 0.0605
vn 0.9043 -0.4101 -0.1181
vn 0.9121 -0.3501 -0.2132
vn 0.7124 0.1086 -0.6933
vn 0.7960 -0.0856 -0.5992
vn 0.8458 0.0040 -0.5334
vn 0.8658 -0.1244 -0.4847
vn 0.8194 -0.2351 -0.5227
vn -0.8914 0.1209 -0.4368
vn -0.8288 0.1271 -0.5449
vn -0.9604 -0.0137 -0.2783
vn -0.9997 -0.0054 -0.0248
vn -0.9089 -0.4160 0.0291
vn 0.8384 -0.3290 -0.4347
vn 0.7526 -0.2748 -0.5984
vn -0.9721 0.1215 -0.2008
vn 0.9395 -0.3329 -0.0804
vn -0.9200 0.1960 -0.3394
vn 0.1836 -0.5443 0.8185
vn -0.0445 -0.6590 0.7508
vn -0.0100 -0.5497 0.8353
vn -0.0420 -0.6429 0.7648
vn 0.0028 -0.5114 0.8593
vn 0.2314 -0.5167 0.8243
vn 0.9711 -0.2259 -0.0775
vn 0.9553 0.0368 -0.2933
vn 0.9680 -0.1172 -0.2217
vn 0.9355 -0.1554 -0.3173
vn 0.9407 -0.2481 -0.2314
vn 0.9083 -0.2580 -0.3294
vn 0.8702 0.0887 -0.4847
vn 0.9866 -0.0258 -0.1609
vn -0.0945 0.9718 0.2161
vn -0.1639 0.7600 -0.6289
vn -0.2178 0.6991 -0.6811
vn -0.1521 0.9541 0.2582
vn -0.4662 0.5151 -0.7192
vn -0.3915 0.6168 -0.6828
vn -0.2088 0.5974 -0.7743
vn -0.2407 0.4855 -0.8404
vn -0.5292 -0.0917 -0.8435
vn -0.2234 -0.0174 -0.9746
vn -0.3667 -0.0614 -0.9283
vn -0.3290 0.0620 -0.9423
vn -0.3606 0.6191 -0.6976
vn -0.4003 0.8696 0.2892
vn -0.4392 0.8609 0.2568
vn -0.3412 0.9061 0.2500
vn -0.2695 0.9352 0.2296
vn 0.9742 -0.1381 0.1784
vn 0.8687 -0.4530 0.2002
vn -0.6691 0.6603 0.3409
vn -0.6902 0.6668 0.2811
vn -0.6229 0.7339 0.2709
vn -0.6386 0.7278 0.2500
vn 0.9272 -0.1551 0.3410
vn -0.8036 0.5118 0.3037
vn -0.3140 0.5674 -0.7612
vn -0.8098 0.4627 0.3608
vn -0.4379 0.8718 0.2196
vn -0.5229 0.0661 -0.8498
vn 0.9692 0.1408 0.2022
vn 0.9130 0.0189 0.4074
vn -0.4913 0.6825 -0.5411
vn -0.4450 0.8052 -0.3919
vn -0.9747 0.0375 0.2204
vn -0.8988 0.1919 0.3942
vn -0.9150 -0.0168 0.4031
vn -0.9120 -0.2153 0.3491
vn -0.9637 -0.1769 0.2001
vn -0.5937 -0.7109 0.3771
vn -0.8749 -0.4134 0.2525
vn -0.6648 -0.5822 0.4682
vn -0.7958 -0.4160 0.4400
vn -0.9477 0.2671 0.1748
vn -0.8754 0.3522 0.3311
vn -0.4868 0.8732 0.0226
vn -0.4131 0.9012 0.1312
vn -0.2983 0.9543 0.0199
vn 0.7559 -0.4009 0.5175
vn 0.6442 -0.4349 0.6292
vn 0.6619 -0.3835 0.6441
vn -0.0298 0.9950 0.0958
vn -0.7363 0.6284 0.2508
vn -0.6406 0.7631 0.0856
vn -0.6916 0.7141 0.1082
vn 0.7758 -0.4197 0.4712
vn 0.0173 0.0240 -0.9996
vn -0.1362 0.9892 -0.0550
vn -0.4389 -0.5014 0.7456
vn -0.5773 -0.4442 0.6852
vn 0.9995 -0.0263 0.0199
vn 0.9873 0.0922 -0.1297
vn 0.4966 -0.4545 0.7395
vn 0.6467 -0.4132 0.6411
vn -0.3230 -0.5093 0.7977
vn -0.8260 0.5318 0.1866
vn -0.7146 0.6783 0.1710
vn -0.1920 -0.4720 0.8605
vn 0.8915 0.2665 0.3663
vn 0.1728 -0.5118 0.8415
vn -0.5320 0.8295 0.1697
vn -0.4299 0.8884 0.1611
vn 0.8555 0.3801 0.3516
vn 0.4192 -0.4793 0.7711
vn -0.7985 -0.5179 0.3068
vn -0.9340 -0.1590 0.3200
vn -0.8430 -0.3137 0.4369
vn 0.7250 -0.3669 0.5829
vn 0.7828 -0.6142 0.0994
vn 0.7745 -0.4662 0.4277
vn 0.2014 -0.4515 -0.8693
vn 0.0240 -0.2230 -0.9745
vn 0.1860 -0.3928 -0.9006
vn 0.2789 -0.5239 0.8048
vn 0.2504 -0.4636 0.8499
vn -0.1941 0.9682 0.1577
vn 0.2177 -0.2820 0.9344
vn 0.9400 0.1708 -0.2952
vn 0.7616 -0.6421 -0.0874
vn -0.9606 -0.1105 0.2551
vn 0.4367 -0.4548 0.7762
vn 0.7492 -0.6036 0.2726
vn -0.0360 0.1711 -0.9846
vn 0.2671 -0.4589 0.8474
vn -0.2607 0.0562 0.9638
vn -0.2864 -0.7543 0.5908
vn -0.2865 -0.1299 0.9492
vn -0.9342 -0.3541 -0.0433
vn -0.7791 -0.6178 -0.1064
vn -0.2050 -0.9618 0.1812
vn 0.3171 -0.5516 -0.7715
vn 0.6372 -0.7705 -0.0170
vn 0.7552 -0.6330 -0.1703
vn 0.7810 -0.5949 -0.1902
vn 0.4149 -0.5589 -0.7180
vn 0.5836 -0.6424 0.4967
vn -0.9103 -0.4079 -0.0707
vn 0.1641 -0.2296 0.9594
vn -0.6493 0.1440 -0.7468
vn -0.6754 0.0922 -0.7317
vn -0.6412 0.1590 -0.7507
vn -0.7419 0.1927 -0.6422
vn -0.4758 -0.3052 -0.8249
vn -0.2195 -0.4055 -0.8874
vn -0.8790 -0.3813 -0.2863
vn -0.4414 -0.0908 -0.8927
vn -0.9258 -0.3275 -0.1890
vn -0.6122 0.2100 -0.7623
vn -0.6888 -0.1715 0.7044
vn -0.6863 0.0816 0.7227
vn 0.9403 -0.2450 0.2363
vn -0.5558 0.0756 -0.8279
vn -0.7217 0.3035 -0.6221
vn -0.3614 0.8825 -0.3010
vn -0.4843 0.8376 -0.2526
vn -0.7827 0.2843 -0.5536
vn -0.5682 -0.5360 0.6244
vn -0.5513 -0.1974 0.8106
vn -0.0428 -0.2164 0.9754
vn -0.4185 0.8986 -0.1317
vn -0.5275 0.8424 -0.1100
vn -0.0325 -0.6153 0.7876
vn -0.0157 -0.0830 0.9964
vn 0.8289 -0.2147 0.5166
vn -0.2243 -0.5966 0.7705
vn -0.3535 -0.0171 0.9353
vn -0.1891 0.9580 -0.2153
vn -0.7582 -0.6436 -0.1041
vn -0.8818 -0.4372 -0.1766
vn -0.4351 -0.5674 0.6991
vn -0.5286 -0.5537 0.6434
vn -0.6782 -0.3959 0.6192
vn -0.9020 -0.4051 0.1491
vn 0.0689 -0.9716 -0.2265
vn 0.6226 -0.3125 -0.7174
vn 0.6322 -0.5501 -0.5456
vn 0.2827 -0.4661 -0.8384
vn 0.6630 -0.7034 0.2563
vn 0.8686 -0.2906 0.4013
vn 0.9774 -0.1634 0.1338
vn 0.3798 -0.8825 0.2774
vn -0.1977 -0.7041 0.6820
vn -0.6872 0.7214 -0.0853
vn 0.8565 -0.1400 -0.4968
vn -0.4366 -0.6209 0.6510
vn -0.6096 0.7508 -0.2544
vn -0.3103 0.2333 -0.9216
vn -0.2296 0.1599 -0.9601
vn -0.1970 -0.8350 0.5138
vn -0.8246 -0.2294 0.5172
vn -0.0791 -0.7076 0.7021
vn -0.4933 -0.7063 0.5078
vn -0.5075 0.2306 -0.8302
vn -0.8962 0.2602 0.3592
vn -0.4384 0.3950 -0.8073
vn -0.3535 -0.4852 -0.7997
vn -0.5519 -0.7907 -0.2650
vn 0.6284 0.3058 -0.7152
vn -0.9419 0.2865 0.1755
vn 0.7927 0.1878 -0.5800
vn -0.8703 0.4344 0.2321
vn -0.2720 -0.9100 0.3129
vn -0.4359 -0.8210 0.3686
vn 0.4684 0.8673 0.1685
vn 0.8290 0.2790 -0.4847
vn 0.7481 0.3363 -0.5720
vt 0.734695 0.596269
vt 0.697677 0.560190
vt 0.718730 0.547225
vt 0.706180 0.598847
vt 0.682934 0.610414
vt 0.687399 0.567636
vt 0.713575 0.594748
vt 0.691109 0.629533
vt 0.757328 0.618196
vt 0.935426 0.142166
vt 0.952819 0.154538
vt 0.973054 0.123863
vt 0.962143 0.114419
vt 0.113927 0.249161
vt 0.150984 0.231136
vt 0.147407 0.278390
vt 0.530796 0.023545
vt 0.528817 0.037662
vt 0.476112 0.062006
vt 0.976476 0.238860
vt 0.953950 0.256930
vt 0.975763 0.274845
vt 0.119198 0.062322
vt 0.107734 0.053046
vt 0.132549 0.044949
vt 0.091892 0.146538
vt 0.087253 0.113496
vt 0.115349 0.098269
vt 0.482469 0.071900
vt 0.503842 0.081993
vt 0.471619 0.108019
vt 0.841718 0.441785
vt 0.814477 0.351346
vt 0.843876 0.363261
vt 0.693865 0.925443
vt 0.716104 0.917963
vt 0.713022 0.927595
vt 0.515355 0.055878
vt 0.134838 0.099079
vt 0.148415 0.104930
vt 0.122343 0.160854
vt 0.691608 0.870939
vt 0.712534 0.897622
vt 0.872059 0.344651
vt 0.865410 0.411654
vt 0.312997 0.774767
vt 0.307674 0.789049
vt 0.394994 0.811680
vt 0.745307 0.628507
vt 0.109848 0.141245
vt 0.726592 0.923158
vt 0.249249 0.035531
vt 0.275021 0.041005
vt 0.268959 0.050613
vt 0.689588 0.427237
vt 0.690261 0.474599
vt 0.651841 0.456526
vt 0.132864 0.068179
vt 0.147655 0.066285
vt 0.748271 0.585798
vt 0.772883 0.616937
vt 0.275021 0.069215
vt 0.244899 0.061219
vt 0.896065 0.346596
vt 0.881246 0.432709
vt 0.466901 0.048462
vt 0.464468 0.071976
vt 0.267258 0.095526
vt 0.147055 0.153241
vt 0.150984 0.048524
vt 0.431342 0.794001
vt 0.317834 0.719492
vt 0.241878 0.723189
vt 0.297540 0.737945
vt 0.234861 0.077024
vt 0.258439 0.116866
vt 0.657237 0.403802
vt 0.203894 0.696867
vt 0.254890 0.674464
vt 0.219547 0.680541
vt 0.270398 0.665143
vt 0.286411 0.703768
vt 0.311545 0.673030
vt 0.271116 0.108289
vt 0.713856 0.869086
vt 0.729256 0.860029
vt 0.764688 0.634068
vt 0.042904 0.248064
vt 0.055397 0.263422
vt 0.060368 0.240154
vt 0.280045 0.650243
vt 0.862698 0.305594
vt 0.842052 0.293633
vt 0.892254 0.304620
vt 0.072429 0.269316
vt 0.494371 0.898201
vt 0.509832 0.921661
vt 0.522838 0.898509
vt 0.713664 0.608917
vt 0.551650 0.900791
vt 0.536092 0.920973
vt 0.370104 0.700718
vt 0.232250 0.044345
vt 0.790809 0.508421
vt 0.809829 0.524854
vt 0.788823 0.540773
vt 0.313024 0.641598
vt 0.353794 0.676084
vt 0.769191 0.514977
vt 0.435031 0.830247
vt 0.416218 0.749943
vt 0.311300 0.755336
vt 0.182749 0.739592
vt 0.700951 0.968664
vt 0.449038 0.075637
vt 0.430056 0.070001
vt 0.425437 0.099611
vt 0.490590 0.919951
vt 0.364501 0.647658
vt 0.453193 0.765142
vt 0.402379 0.771374
vt 0.747740 0.647951
vt 0.508789 0.885315
vt 0.672076 0.518657
vt 0.648091 0.517180
vt 0.405547 0.090695
vt 0.684693 0.966703
vt 0.716093 0.978040
vt 0.934302 0.100599
vt 0.923186 0.124236
vt 0.368633 0.563671
vt 0.400435 0.532115
vt 0.372521 0.528546
vt 0.328919 0.552737
vt 0.340848 0.525633
vt 0.146018 0.183017
vt 0.406077 0.570012
vt 0.147120 0.923131
vt 0.086167 0.934816
vt 0.159520 0.949058
vt 0.103606 0.915530
vt 0.611165 0.464147
vt 0.619079 0.520661
vt 0.729256 0.926276
vt 0.150949 0.896402
vt 0.093158 0.894307
vt 0.399543 0.497093
vt 0.435694 0.506180
vt 0.300597 0.411131
vt 0.313982 0.443772
vt 0.330036 0.393446
vt 0.429497 0.539144
vt 0.302439 0.379140
vt 0.263103 0.418731
vt 0.360498 0.500118
vt 0.451171 0.566358
vt 0.061726 0.493158
vt 0.114378 0.464397
vt 0.050211 0.479671
vt 0.665988 0.547904
vt 0.454662 0.115557
vt 0.069473 0.684700
vt 0.044910 0.697664
vt 0.078522 0.703059
vt 0.088575 0.173560
vt 0.116090 0.180857
vt 0.101575 0.195251
vt 0.067943 0.725799
vt 0.651842 0.549494
vt 0.430878 0.678813
vt 0.414835 0.726443
vt 0.340894 0.472265
vt 0.381894 0.465491
vt 0.271130 0.451083
vt 0.217921 0.642020
vt 0.200538 0.652772
vt 0.701035 0.523656
vt 0.133705 0.197483
vt 0.635179 0.403400
vt 0.619464 0.423810
vt 0.420062 0.472243
vt 0.189997 0.720650
vt 0.073585 0.903366
vt 0.453919 0.708492
vt 0.267695 0.480996
vt 0.355103 0.428690
vt 0.107584 0.443531
vt 0.038889 0.461287
vt 0.904619 0.111067
vt 0.186389 0.679508
vt 0.288061 0.346187
vt 0.709026 0.506595
vt 0.306389 0.478666
vt 0.055164 0.921930
vt 0.469634 0.136169
vt 0.455220 0.141695
vt 0.691109 0.990154
vt 0.173976 0.691756
vt 0.583192 0.405352
vt 0.087059 0.233572
vt 0.585266 0.458401
vt 0.453188 0.736001
vt 0.064605 0.523208
vt 0.061902 0.507729
vt 0.041249 0.508922
vt 0.480757 0.123833
vt 0.953209 0.228168
vt 0.928600 0.238903
vt 0.367134 0.381441
vt 0.024066 0.491838
vt 0.015302 0.516622
vt 0.047532 0.905245
vt 0.027402 0.924750
vt 0.552130 0.283445
vt 0.580980 0.269746
vt 0.584250 0.326287
vt 0.676339 0.841182
vt 0.666809 0.886537
vt 0.000428 0.498920
vt 0.009373 0.474141
vt 0.025235 0.898491
vt 0.905312 0.132398
vt 0.156644 0.703342
vt 0.126013 0.723283
vt 0.333992 0.102390
vt 0.366591 0.076819
vt 0.348981 0.058208
vt 0.986464 0.846977
vt 0.982767 0.884148
vt 0.957031 0.875261
vt 0.698049 0.853210
vt 0.402973 0.072528
vt 0.539286 0.263740
vt 0.571257 0.227071
vt 0.325168 0.056956
vt 0.259344 0.818921
vt 0.226879 0.866364
vt 0.273412 0.842222
vt 0.519367 0.308158
vt 0.548886 0.328897
vt 0.426002 0.047938
vt 0.395670 0.057367
vt 0.602822 0.284291
vt 0.056673 0.296998
vt 0.503438 0.257682
vt 0.073139 0.303510
vt 0.926496 0.897022
vt 0.924938 0.868090
vt 0.590155 0.364903
vt 0.789618 0.556344
vt 0.776176 0.549905
vt 0.780632 0.539919
vt 0.803570 0.543872
vt 0.958484 0.676817
vt 0.962059 0.636201
vt 0.980720 0.635261
vt 0.486916 0.299265
vt 0.627914 0.078537
vt 0.648023 0.088100
vt 0.608899 0.104792
vt 0.940172 0.686547
vt 0.752734 0.551224
vt 0.888843 0.891465
vt 0.905824 0.845183
vt 0.989344 0.668952
vt 0.648622 0.293403
vt 0.654245 0.255026
vt 0.678467 0.268787
vt 0.272710 0.869242
vt 0.766262 0.531070
vt 0.942479 0.838311
vt 0.260767 0.891287
vt 0.298702 0.893511
vt 0.943889 0.633565
vt 0.870795 0.880485
vt 0.881863 0.838252
vt 0.185796 0.908400
vt 0.223944 0.905864
vt 0.185212 0.883014
vt 0.959849 0.561950
vt 0.358604 0.114018
vt 0.303450 0.922627
vt 0.262320 0.918558
vt 0.522808 0.366988
vt 0.704354 0.066657
vt 0.686565 0.045767
vt 0.146654 0.875705
vt 0.630866 0.228601
vt 0.649913 0.174906
vt 0.662335 0.205278
vt 0.340078 0.021943
vt 0.054133 0.120085
vt 0.041512 0.064100
vt 0.054122 0.052773
vt 0.039778 0.098491
vt 0.918957 0.685977
vt 0.675140 0.221274
vt 0.976796 0.560131
vt 0.325764 0.018684
vt 0.576227 0.702779
vt 0.531012 0.697200
vt 0.540742 0.725088
vt 0.357396 0.020125
vt 0.898806 0.676577
vt 0.916937 0.628977
vt 0.308693 0.079062
vt 0.530713 0.753736
vt 0.567568 0.758855
vt 0.657060 0.608980
vt 0.640682 0.616180
vt 0.618561 0.562164
vt 0.636315 0.551778
vt 0.999572 0.564926
vt 0.854931 0.836432
vt 0.842737 0.874005
vt 0.757594 0.581704
vt 0.937950 0.553451
vt 0.185336 0.860635
vt 0.225874 0.840371
vt 0.585890 0.726865
vt 0.889123 0.804583
vt 0.683978 0.172429
vt 0.701968 0.185295
vt 0.557624 0.406820
vt 0.769508 0.589911
vt 0.909644 0.933596
vt 0.604167 0.577055
vt 0.781143 0.349092
vt 0.746079 0.312223
vt 0.762453 0.290869
vt 0.721002 0.333508
vt 0.717403 0.281378
vt 0.492126 0.742332
vt 0.597941 0.759229
vt 0.227140 0.628541
vt 0.655689 0.751284
vt 0.678785 0.751284
vt 0.671008 0.735873
vt 0.605798 0.699790
vt 0.348109 0.003714
vt 0.318980 0.000428
vt 0.565030 0.804922
vt 0.600283 0.789800
vt 0.590191 0.550164
vt 0.953229 0.004709
vt 0.963444 0.026113
vt 0.973054 0.005441
vt 0.838307 0.911769
vt 0.937126 0.026113
vt 0.711467 0.144472
vt 0.735973 0.103898
vt 0.757582 0.103260
vt 0.086118 0.873472
vt 0.628521 0.723206
vt 0.369522 0.331466
vt 0.395911 0.354442
vt 0.785567 0.264387
vt 0.791273 0.306407
vt 0.640888 0.690242
vt 0.143979 0.853148
vt 0.238327 0.614860
vt 0.388302 0.298716
vt 0.602346 0.534320
vt 0.628398 0.619943
vt 0.614748 0.661426
vt 0.649956 0.656002
vt 0.670296 0.715433
vt 0.637291 0.744950
vt 0.259040 0.209351
vt 0.226329 0.245574
vt 0.248975 0.249715
vt 0.868240 0.931648
vt 0.669200 0.605908
vt 0.747631 0.261453
vt 0.775269 0.235620
vt 0.251394 0.187131
vt 0.878040 0.963886
vt 0.433018 0.226003
vt 0.465649 0.252516
vt 0.428030 0.270985
vt 0.821532 0.237205
vt 0.857606 0.248559
vt 0.712147 0.222689
vt 0.442595 0.301493
vt 0.909351 0.984357
vt 0.204396 0.236831
vt 0.816876 0.284288
vt 0.484602 0.557250
vt 0.470499 0.528571
vt 0.956046 0.923200
vt 0.999572 0.925166
vt 0.936799 0.963120
vt 0.854108 0.999572
vt 0.830999 0.957105
vt 0.783254 0.896889
vt 0.807533 0.921825
vt 0.768939 0.938119
vt 0.914870 0.547305
vt 0.939592 0.513424
vt 0.816825 0.887762
vt 0.629832 0.787506
vt 0.679641 0.770154
vt 0.705363 0.026113
vt 0.726886 0.031327
vt 0.422523 0.596752
vt 0.858222 0.214248
vt 0.048308 0.564393
vt 0.063340 0.544224
vt 0.034769 0.535779
vt 0.992548 0.535783
vt 0.801126 0.128004
vt 0.825541 0.103772
vt 0.847954 0.159606
vt 0.669585 0.792201
vt 0.957859 0.802549
vt 0.991464 0.814349
vt 0.969273 0.522776
vt 0.459318 0.199000
vt 0.939821 0.286357
vt 0.927323 0.263733
vt 0.905783 0.291990
vt 0.938539 0.312072
vt 0.913605 0.312072
vt 0.459951 0.491711
vt 0.009284 0.548587
vt 0.988765 0.775497
vt 0.948899 0.759540
vt 0.966107 0.713214
vt 0.968133 0.304494
vt 0.579296 0.880565
vt 0.533880 0.882360
vt 0.601796 0.921661
vt 0.909558 0.255263
vt 0.865695 0.494301
vt 0.871181 0.559763
vt 0.850213 0.571322
vt 0.039858 0.270477
vt 0.496094 0.207004
vt 0.389883 0.164027
vt 0.368804 0.148998
vt 0.989433 0.703742
vt 0.519340 0.230832
vt 0.586959 0.898482
vt 0.053378 0.881786
vt 0.840798 0.530637
vt 0.544078 0.216142
vt 0.900629 0.232580
vt 0.752595 0.071291
vt 0.772883 0.071994
vt 0.797855 0.451918
vt 0.824414 0.517858
vt 0.916431 0.766005
vt 0.764263 0.043947
vt 0.736305 0.053458
vt 0.780430 0.450152
vt 0.412707 0.338644
vt 0.393071 0.300067
vt 0.408909 0.166474
vt 0.532255 0.185049
vt 0.290484 0.205038
vt 0.325273 0.313075
vt 0.308943 0.293571
vt 0.339540 0.349572
vt 0.358252 0.285495
vt 0.303747 0.244688
vt 0.319581 0.203845
vt 0.889222 0.274990
vt 0.724671 0.084170
vt 0.346806 0.173858
vt 0.333019 0.245078
vt 0.811084 0.433313
vt 0.373972 0.186308
vt 0.977657 0.963488
vt 0.808253 0.607973
vt 0.821394 0.548757
vt 0.831843 0.580847
vt 0.791270 0.582681
vt 0.817084 0.645493
vt 0.020821 0.261272
vt 0.255758 0.807741
vt 0.257992 0.791524
vt 0.240644 0.799172
vt 0.280665 0.291579
vt 0.025785 0.298565
vt 0.267888 0.265393
vt 0.812193 0.413272
vt 0.002139 0.303510
vt 0.517940 0.155465
vt 0.227117 0.818921
vt 0.275877 0.818921
vt 0.487059 0.179965
vt 0.159737 0.753130
vt 0.900018 0.527181
vt 0.925827 0.484161
vt 0.369083 0.218496
vt 0.490427 0.676345
vt 0.495483 0.711122
vt 0.886852 0.760836
vt 0.778679 0.409890
vt 0.776472 0.426130
vt 0.447837 0.654777
vt 0.406385 0.189525
vt 0.582671 0.495994
vt 0.548376 0.493029
vt 0.529206 0.662729
vt 0.484453 0.641720
vt 0.509470 0.628877
vt 0.473874 0.606777
vt 0.428381 0.620564
vt 0.767384 0.192628
vt 0.795522 0.203178
vt 0.740325 0.211962
vt 0.396362 0.416459
vt 0.386629 0.258716
vt 0.379710 0.611579
vt 0.403809 0.651828
vt 0.424949 0.428928
vt 0.555174 0.447706
vt 0.451140 0.452835
vt 0.088632 0.295926
vt 0.465390 0.905686
vt 0.404496 0.893654
vt 0.452314 0.929311
vt 0.387167 0.912173
vt 0.119567 0.311914
vt 0.525363 0.408888
vt 0.443565 0.381581
vt 0.491053 0.398402
vt 0.477751 0.433052
vt 0.518550 0.437723
vt 0.502740 0.473561
vt 0.535361 0.602312
vt 0.482063 0.365340
vt 0.853835 0.761856
vt 0.808094 0.963098
vt 0.775509 0.978743
vt 0.878391 0.673204
vt 0.854615 0.109052
vt 0.832643 0.050086
vt 0.645380 0.820558
vt 0.599775 0.830353
vt 0.877992 0.275562
vt 0.479598 0.812279
vt 0.461262 0.852312
vt 0.502029 0.847003
vt 0.871506 0.072734
vt 0.821980 0.731525
vt 0.844230 0.655753
vt 0.863249 0.663853
vt 0.836791 0.753417
vt 0.664645 0.121026
vt 0.684077 0.137252
vt 0.233555 0.571317
vt 0.174299 0.563661
vt 0.170082 0.582984
vt 0.267788 0.600641
vt 0.632953 0.153707
vt 0.177730 0.547603
vt 0.625238 0.852312
vt 0.251837 0.539915
vt 0.792647 0.744624
vt 0.890127 0.238703
vt 0.642334 0.113701
vt 0.611089 0.161758
vt 0.472197 0.605736
vt 0.751364 0.890927
vt 0.132972 0.507701
vt 0.191077 0.514218
vt 0.187103 0.490192
vt 0.164735 0.480105
vt 0.124833 0.490920
vt 0.140492 0.431079
vt 0.129483 0.472515
vt 0.165337 0.429641
vt 0.170118 0.451133
vt 0.123219 0.524309
vt 0.179974 0.529041
vt 0.772917 0.791811
vt 0.803900 0.779314
vt 0.814130 0.804294
vt 0.972119 0.434953
vt 0.993372 0.407106
vt 0.996151 0.432649
vt 0.855656 0.795387
vt 0.280640 0.564327
vt 0.318139 0.605736
vt 0.313372 0.577907
vt 0.979003 0.460715
vt 0.493039 0.776473
vt 0.833167 0.822910
vt 0.214775 0.356100
vt 0.237181 0.374535
vt 0.502664 0.340531
vt 0.470650 0.334741
vt 0.673748 0.368939
vt 0.641124 0.361343
vt 0.195824 0.340731
vt 0.126794 0.545240
vt 0.122472 0.566778
vt 0.177353 0.318091
vt 0.593796 0.140072
vt 0.313469 0.871835
vt 0.859136 0.602604
vt 0.876982 0.608416
vt 0.581076 0.122943
vt 0.711115 0.389149
vt 0.530796 0.085170
vt 0.525942 0.113981
vt 0.521404 0.091351
vt 0.620577 0.343036
vt 0.961624 0.486499
vt 0.961202 0.442274
vt 0.079983 0.788084
vt 0.108212 0.816353
vt 0.108212 0.789956
vt 0.313587 0.845220
vt 0.098551 0.392105
vt 0.894190 0.616314
vt 0.950813 0.460418
vt 0.439207 0.344475
vt 0.957856 0.495038
vt 0.502540 0.129820
vt 0.685121 0.309616
vt 0.979393 0.498578
vt 0.525793 0.785520
vt 0.126020 0.396832
vt 0.336612 0.831764
vt 0.371242 0.831764
vt 0.357522 0.816353
vt 0.413610 0.204839
vt 0.518936 0.085468
vt 0.375962 0.826591
vt 0.082537 0.767551
vt 0.970201 0.518408
vt 0.957126 0.495117
vt 0.959390 0.495066
vt 0.107529 0.777922
vt 0.996150 0.510493
vt 0.415393 0.255586
vt 0.080215 0.124538
vt 0.737810 0.415204
vt 0.763473 0.381421
vt 0.763473 0.423642
vt 0.826308 0.194673
vt 0.846746 0.482643
vt 0.824032 0.500010
vt 0.093670 0.655394
vt 0.073139 0.610701
vt 0.093670 0.592038
vt 0.825481 0.472954
vt 0.756720 0.365090
vt 0.752278 0.463613
vt 0.327139 0.142900
vt 0.314737 0.115856
vt 0.555988 0.362219
vt 0.815078 0.459432
vt 0.810864 0.163392
vt 0.786954 0.868572
vt 0.758098 0.857770
vt 0.782091 0.158202
vt 0.318725 0.161565
vt 0.293830 0.138640
vt 0.061847 0.178840
vt 0.786629 0.833981
vt 0.748931 0.824266
vt 0.064105 0.195360
vt 0.066896 0.153219
vt 0.620327 0.198654
vt 0.292658 0.949058
vt 0.044336 0.154300
vt 0.817563 0.855414
vt 0.793727 0.663650
vt 0.802000 0.636704
vt 0.282762 0.151054
vt 0.188860 0.400222
vt 0.218488 0.415380
vt 0.782817 0.650281
vt 0.910363 0.154538
vt 0.207720 0.624237
vt 0.190563 0.613883
vt 0.190398 0.635144
vt 0.674590 0.651113
vt 0.669524 0.628052
vt 0.656731 0.636559
vt 0.699569 0.647061
vt 0.245007 0.944805
vt 0.356947 0.591594
vt 0.213020 0.607244
vt 0.167799 0.380018
vt 0.389609 0.604543
vt 0.544737 0.848987
vt 0.526717 0.814967
vt 0.215190 0.939990
vt 0.202762 0.459704
vt 0.499145 0.935688
vt 0.146227 0.400849
vt 0.891389 0.198554
vt 0.274636 0.505535
vt 0.896065 0.124188
vt 0.853861 0.611593
vt 0.805808 0.674229
vt 0.571572 0.676449
vt 0.325126 0.498125
vt 0.554240 0.643372
vt 0.300841 0.528670
vt 0.184839 0.928244
vt 0.116982 0.412891
vt 0.925374 0.800464
vt 0.585924 0.611689
vt 0.586568 0.649538
s 1
usemtl Material.016
f 1512/1512/1504 1513/1513/1505 1514/1514/1506
f 1515/1515/1507 1516/1516/1508 1517/1517/1509
f 1517/1517/1509 1518/1518/1510 1515/1515/1507
f 1513/1513/1505 1512/1512/1504 1518/1518/1510
f 1515/1515/1507 1519/1519/1511 1516/1516/1508
f 1520/1520/1512 1518/1518/1510 1512/1512/1504
f 1521/1521/1513 1522/1522/1514 1523/1523/1515
f 1521/1521/1513 1523/1523/1515 1524/1524/1516
f 1525/1525/1517 1526/1526/1518 1527/1527/1519
f 1528/1528/1520 1529/1529/1521 1530/1530/1522
f 1531/1531/1523 1532/1532/1524 1533/1533/1525
f 1534/1534/1526 1535/1535/1527 1536/1536/1528
f 1537/1537/1529 1538/1538/1530 1539/1539/1531
f 1540/1540/1532 1541/1541/1533 1542/1542/1534
f 1543/1543/1535 1544/1544/1536 1545/1545/1537
f 1546/1546/1538 1547/1547/1539 1548/1548/1540
f 1540/1540/1532 1530/1530/1522 1549/1549/1541
f 1550/1550/1542 1551/1551/1543 1552/1552/1544
f 1547/1547/1539 1553/1553/1545 1554/1554/1546
f 1555/1555/1547 1556/1556/1548 1545/1545/1537
f 1557/1557/1549 1558/1558/1550 1559/1559/1551
f 1520/1520/1512 1560/1560/1552 1518/1518/1510
f 1550/1550/1542 1552/1552/1544 1561/1561/1553
f 1550/1550/1542 1561/1561/1553 1539/1539/1531
f 1562/1562/1554 1548/1548/1540 1547/1547/1539
f 1563/1563/1555 1564/1564/1556 1565/1565/1557
f 1566/1566/1558 1567/1567/1559 1568/1568/1560
f 1550/1550/1542 1569/1569/1561 1570/1570/1562
f 1571/1571/1563 1572/1572/1564 1520/1520/1512
f 1550/1550/1542 1570/1570/1562 1551/1551/1543
f 1565/1565/1557 1573/1573/1565 1574/1574/1566
f 1565/1565/1557 1574/1574/1566 1563/1563/1555
f 1547/1547/1539 1546/1546/1538 1553/1553/1545
f 1540/1540/1532 1549/1549/1541 1541/1541/1533
f 1538/1538/1530 1534/1534/1526 1569/1569/1561
f 1575/1575/1567 1576/1576/1568 1555/1555/1547
f 1530/1530/1522 1577/1577/1569 1528/1528/1520
f 1530/1530/1522 1540/1540/1532 1578/1578/1570
f 1573/1573/1565 1579/1579/1571 1574/1574/1566
f 1551/1551/1543 1580/1580/1572 1552/1552/1544
f 1571/1571/1563 1512/1512/1504 1514/1514/1506
f 1530/1530/1522 1529/1529/1521 1549/1549/1541
f 1512/1512/1504 1571/1571/1563 1520/1520/1512
f 1569/1569/1561 1534/1534/1526 1536/1536/1528
f 1581/1581/1573 1570/1570/1562 1536/1536/1528
f 1557/1557/1549 1559/1559/1551 1582/1582/1574
f 1583/1583/1575 1584/1584/1576 1585/1585/1577
f 1586/1586/1578 1574/1574/1566 1579/1579/1571
f 1569/1569/1561 1539/1539/1531 1538/1538/1530
f 1586/1586/1578 1579/1579/1571 1587/1587/1579
f 1568/1568/1560 1588/1588/1580 1566/1566/1558
f 1589/1589/1581 1590/1590/1582 1591/1591/1583
f 1536/1536/1528 1570/1570/1562 1569/1569/1561
f 1592/1592/1584 1593/1593/1585 1594/1594/1586
f 1593/1593/1585 1592/1592/1584 1590/1590/1582
f 1573/1573/1565 1595/1595/1587 1579/1579/1571
f 1554/1554/1546 1596/1596/1588 1597/1597/1589
f 1572/1572/1564 1598/1598/1590 1520/1520/1512
f 1599/1599/1591 1600/1600/1592 1601/1601/1593
f 1550/1550/1542 1539/1539/1531 1569/1569/1561
f 1594/1594/1586 1602/1602/1594 1592/1592/1584
f 1603/1603/1595 1555/1555/1547 1545/1545/1537
f 1587/1587/1579 1579/1579/1571 1595/1595/1587
f 1545/1545/1537 1604/1604/1596 1603/1603/1595
f 1605/1605/1597 1575/1575/1567 1555/1555/1547
f 1601/1601/1593 1600/1600/1592 1606/1606/1598
f 1607/1607/1599 1608/1608/1600 1609/1609/1601
f 1610/1610/1602 1515/1515/1507 1518/1518/1510
f 1611/1611/1603 1609/1609/1601 1612/1612/1604
f 1598/1598/1590 1560/1560/1552 1520/1520/1512
f 1593/1593/1585 1583/1583/1575 1613/1613/1605
f 1614/1614/1606 1563/1563/1555 1574/1574/1566
f 1615/1615/1607 1616/1616/1608 1617/1617/1609
f 1618/1618/1610 1602/1602/1594 1594/1594/1586
f 1593/1593/1585 1619/1619/1611 1594/1594/1586
f 1617/1617/1609 1620/1620/1612 1615/1615/1607
f 1593/1593/1585 1613/1613/1605 1619/1619/1611
f 1559/1559/1551 1621/1621/1613 1582/1582/1574
f 1622/1622/1614 1585/1585/1577 1623/1623/1615
f 1623/1623/1615 1585/1585/1577 1624/1624/1616
f 1625/1625/1617 1546/1546/1538 1548/1548/1540
f 1626/1626/1618 1627/1627/1619 1628/1628/1620
f 1607/1607/1599 1629/1629/1621 1608/1608/1600
f 1619/1619/1611 1630/1630/1622 1594/1594/1586
f 1631/1631/1623 1632/1632/1624 1582/1582/1574
f 1598/1598/1590 1633/1633/1625 1560/1560/1552
f 1609/1609/1601 1634/1634/1626 1607/1607/1599
f 1608/1608/1600 1612/1612/1604 1609/1609/1601
f 1635/1635/1627 1636/1636/1628 1568/1568/1560
f 1637/1637/1629 1628/1628/1620 1627/1627/1619
f 1638/1638/1630 1546/1546/1538 1625/1625/1617
f 1548/1548/1540 1639/1639/1631 1625/1625/1617
f 1640/1640/1632 1641/1641/1633 1521/1521/1513
f 1642/1642/1634 1643/1643/1635 1644/1644/1636
f 1645/1645/1637 1642/1642/1634 1644/1644/1636
f 1644/1644/1636 1646/1646/1638 1645/1645/1637
f 1552/1552/1544 1580/1580/1572 1647/1647/1639
f 1648/1648/1640 1643/1643/1635 1642/1642/1634
f 1649/1649/1641 1650/1650/1642 1651/1651/1643
f 1649/1649/1641 1652/1652/1644 1650/1650/1642
f 1568/1568/1560 1636/1636/1628 1653/1653/1645
f 1653/1653/1645 1636/1636/1628 1654/1654/1646
f 1521/1521/1513 1524/1524/1516 1640/1640/1632
f 1655/1655/1647 1639/1639/1631 1548/1548/1540
f 1652/1652/1644 1656/1656/1648 1657/1657/1649
f 1656/1656/1648 1652/1652/1644 1649/1649/1641
f 1658/1658/1650 1643/1643/1635 1659/1659/1651
f 1660/1660/1652 1661/1661/1653 1662/1662/1654
f 1648/1648/1640 1663/1663/1655 1643/1643/1635
f 1660/1660/1652 1664/1664/1656 1665/1665/1657
f 1518/1518/1510 1517/1517/1509 1513/1513/1505
f 1666/1666/1658 1646/1646/1638 1644/1644/1636
f 1663/1663/1655 1648/1648/1640 1667/1667/1659
f 1668/1668/1660 1669/1669/1661 1670/1670/1662
f 1671/1671/1663 1517/1517/1509 1516/1516/1508
f 1664/1664/1656 1660/1660/1652 1662/1662/1654
f 1540/1540/1532 1542/1542/1534 1672/1672/1664
f 1517/1517/1509 1671/1671/1663 1513/1513/1505
f 1673/1673/1665 1674/1674/1666 1675/1675/1667
f 1676/1676/1668 1561/1561/1553 1552/1552/1544
f 1671/1671/1663 1636/1636/1628 1635/1635/1627
f 1677/1677/1669 1678/1678/1670 1676/1676/1668
f 1675/1675/1667 1674/1674/1666 1679/1679/1671
f 1666/1666/1658 1644/1644/1636 1658/1658/1650
f 1636/1636/1628 1671/1671/1663 1680/1680/1672
f 1619/1619/1611 1613/1613/1605 1681/1681/1673
f 1613/1613/1605 1583/1583/1575 1682/1682/1674
f 1683/1683/1675 1666/1666/1658 1684/1684/1676
f 1552/1552/1544 1677/1677/1669 1676/1676/1668
f 1660/1660/1652 1685/1685/1677 1661/1661/1653
f 1658/1658/1650 1644/1644/1636 1643/1643/1635
f 1663/1663/1655 1659/1659/1651 1643/1643/1635
f 1686/1686/1678 1687/1687/1679 1591/1591/1583
f 1590/1590/1582 1592/1592/1584 1686/1686/1678
f 1671/1671/1663 1688/1688/1680 1513/1513/1505
f 1660/1660/1652 1665/1665/1657 1685/1685/1677
f 1677/1677/1669 1647/1647/1639 1689/1689/1681
f 1676/1676/1668 1537/1537/1529 1561/1561/1553
f 1568/1568/1560 1690/1690/1682 1588/1588/1580
f 1568/1568/1560 1691/1691/1683 1690/1690/1682
f 1659/1659/1651 1692/1692/1684 1658/1658/1650
f 1666/1666/1658 1658/1658/1650 1684/1684/1676
f 1585/1585/1577 1584/1584/1576 1693/1693/1685
f 1537/1537/1529 1539/1539/1531 1561/1561/1553
f 1689/1689/1681 1678/1678/1670 1677/1677/1669
f 1688/1688/1680 1671/1671/1663 1635/1635/1627
f 1647/1647/1639 1677/1677/1669 1552/1552/1544
f 1686/1686/1678 1591/1591/1583 1590/1590/1582
f 1694/1694/1686 1652/1652/1644 1657/1657/1649
f 1585/1585/1577 1693/1693/1685 1624/1624/1616
f 1653/1653/1645 1691/1691/1683 1568/1568/1560
f 1613/1613/1605 1695/1695/1687 1681/1681/1673
f 1696/1696/1688 1661/1661/1653 1685/1685/1677
f 1684/1684/1676 1697/1697/1689 1683/1683/1675
f 1698/1698/1690 1699/1699/1691 1670/1670/1662
f 1700/1700/1692 1641/1641/1633 1640/1640/1632
f 1687/1687/1679 1701/1701/1693 1591/1591/1583
f 1664/1664/1656 1702/1702/1694 1665/1665/1657
f 1635/1635/1627 1703/1703/1695 1688/1688/1680
f 1661/1661/1653 1704/1704/1696 1683/1683/1675
f 1513/1513/1505 1688/1688/1680 1514/1514/1506
f 1613/1613/1605 1682/1682/1674 1695/1695/1687
f 1694/1694/1686 1705/1705/1697 1650/1650/1642
f 1706/1706/1698 1707/1707/1699 1672/1672/1664
f 1583/1583/1575 1585/1585/1577 1682/1682/1674
f 1708/1708/1700 1638/1638/1630 1625/1625/1617
f 1709/1709/1701 1591/1591/1583 1701/1701/1693
f 1709/1709/1701 1589/1589/1581 1591/1591/1583
f 1585/1585/1577 1622/1622/1614 1682/1682/1674
f 1583/1583/1575 1593/1593/1585 1584/1584/1576
f 1661/1661/1653 1683/1683/1675 1697/1697/1689
f 1596/1596/1588 1554/1554/1546 1553/1553/1545
f 1694/1694/1686 1650/1650/1642 1652/1652/1644
f 1710/1710/1702 1691/1691/1683 1653/1653/1645
f 1708/1708/1700 1625/1625/1617 1639/1639/1631
f 1678/1678/1670 1525/1525/1517 1711/1711/1703
f 1710/1710/1702 1653/1653/1645 1712/1712/1704
f 1568/1568/1560 1567/1567/1559 1635/1635/1627
f 1622/1622/1614 1713/1713/1705 1682/1682/1674
f 1714/1714/1706 1715/1715/1707 1716/1716/1708
f 1678/1678/1670 1689/1689/1681 1525/1525/1517
f 1672/1672/1664 1542/1542/1534 1717/1717/1709
f 1718/1718/1710 1719/1719/1711 1532/1532/1524
f 1584/1584/1576 1593/1593/1585 1590/1590/1582
f 1697/1697/1689 1720/1720/1712 1662/1662/1654
f 1721/1721/1713 1670/1670/1662 1699/1699/1691
f 1721/1721/1713 1722/1722/1714 1716/1716/1708
f 1590/1590/1582 1589/1589/1581 1584/1584/1576
f 1705/1705/1697 1723/1723/1715 1724/1724/1716
f 1716/1716/1708 1670/1670/1662 1721/1721/1713
f 1716/1716/1708 1668/1668/1660 1670/1670/1662
f 1725/1725/1717 1726/1726/1718 1727/1727/1719
f 1662/1662/1654 1661/1661/1653 1697/1697/1689
f 1715/1715/1707 1668/1668/1660 1716/1716/1708
f 1638/1638/1630 1728/1728/1720 1553/1553/1545
f 1638/1638/1630 1729/1729/1721 1728/1728/1720
f 1622/1622/1614 1623/1623/1615 1632/1632/1624
f 1721/1721/1713 1730/1730/1722 1722/1722/1714
f 1721/1721/1713 1699/1699/1691 1731/1731/1723
f 1724/1724/1716 1723/1723/1715 1732/1732/1724
f 1589/1589/1581 1693/1693/1685 1584/1584/1576
f 1641/1641/1633 1700/1700/1692 1733/1733/1725
f 1734/1734/1726 1735/1735/1727 1693/1693/1685
f 1689/1689/1681 1526/1526/1518 1525/1525/1517
f 1736/1736/1728 1737/1737/1729 1738/1738/1730
f 1532/1532/1524 1531/1531/1523 1718/1718/1710
f 1721/1721/1713 1731/1731/1723 1730/1730/1722
f 1635/1635/1627 1567/1567/1559 1703/1703/1695
f 1739/1739/1731 1740/1740/1732 1741/1741/1733
f 1735/1735/1727 1624/1624/1616 1693/1693/1685
f 1742/1742/1734 1597/1597/1589 1596/1596/1588
f 1596/1596/1588 1553/1553/1545 1742/1742/1734
f 1521/1521/1513 1641/1641/1633 1733/1733/1725
f 1627/1627/1619 1743/1743/1735 1637/1637/1629
f 1589/1589/1581 1734/1734/1726 1693/1693/1685
f 1725/1725/1717 1744/1744/1736 1745/1745/1737
f 1736/1736/1728 1738/1738/1730 1746/1746/1738
f 1747/1747/1739 1748/1748/1740 1749/1749/1741
f 1750/1750/1742 1725/1725/1717 1751/1751/1743
f 1546/1546/1538 1638/1638/1630 1553/1553/1545
f 1752/1752/1744 1753/1753/1745 1743/1743/1735
f 1743/1743/1735 1627/1627/1619 1752/1752/1744
f 1727/1727/1719 1726/1726/1718 1754/1754/1746
f 1755/1755/1747 1606/1606/1598 1600/1600/1592
f 1756/1756/1748 1744/1744/1736 1750/1750/1742
f 1606/1606/1598 1755/1755/1747 1757/1757/1749
f 1741/1741/1733 1758/1758/1750 1759/1759/1751
f 1751/1751/1743 1727/1727/1719 1760/1760/1752
f 1761/1761/1753 1762/1762/1754 1763/1763/1755
f 1727/1727/1719 1751/1751/1743 1725/1725/1717
f 1632/1632/1624 1631/1631/1623 1622/1622/1614
f 1761/1761/1753 1763/1763/1755 1764/1764/1756
f 1765/1765/1757 1766/1766/1758 1767/1767/1759
f 1750/1750/1742 1768/1768/1760 1756/1756/1748
f 1769/1769/1761 1770/1770/1762 1771/1771/1763
f 1750/1750/1742 1744/1744/1736 1725/1725/1717
f 1766/1766/1758 1765/1765/1757 1772/1772/1764
f 1773/1773/1765 1763/1763/1755 1762/1762/1754
f 1774/1774/1766 1759/1759/1751 1758/1758/1750
f 1774/1774/1766 1775/1775/1767 1759/1759/1751
f 1765/1765/1757 1767/1767/1759 1776/1776/1768
f 1743/1743/1735 1753/1753/1745 1737/1737/1729
f 1777/1777/1769 1778/1778/1770 1779/1779/1771
f 1780/1780/1772 1749/1749/1741 1748/1748/1740
f 1781/1781/1773 1763/1763/1755 1773/1773/1765
f 1741/1741/1733 1759/1759/1751 1782/1782/1774
f 1783/1783/1775 1784/1784/1776 1780/1780/1772
f 1772/1772/1764 1785/1785/1777 1766/1766/1758
f 1786/1786/1778 1787/1787/1779 1775/1775/1767
f 1788/1788/1780 1789/1789/1781 1790/1790/1782
f 1766/1766/1758 1785/1785/1777 1791/1791/1783
f 1743/1743/1735 1737/1737/1729 1792/1792/1784
f 1790/1790/1782 1789/1789/1781 1748/1748/1740
f 1782/1782/1774 1759/1759/1751 1775/1775/1767
f 1783/1783/1775 1793/1793/1785 1784/1784/1776
f 1793/1793/1785 1783/1783/1775 1794/1794/1786
f 1750/1750/1742 1751/1751/1743 1795/1795/1787
f 1796/1796/1788 1770/1770/1762 1797/1797/1789
f 1798/1798/1790 1656/1656/1648 1790/1790/1782
f 1799/1799/1791 1800/1800/1792 1801/1801/1793
f 1775/1775/1767 1774/1774/1766 1786/1786/1778
f 1746/1746/1738 1738/1738/1730 1802/1802/1794
f 1803/1803/1795 1804/1804/1796 1805/1805/1797
f 1803/1803/1795 1806/1806/1798 1804/1804/1796
f 1799/1799/1791 1801/1801/1793 1778/1778/1770
f 1788/1788/1780 1790/1790/1782 1656/1656/1648
f 1772/1772/1764 1807/1807/1799 1785/1785/1777
f 1778/1778/1770 1801/1801/1793 1808/1808/1800
f 1766/1766/1758 1791/1791/1783 1809/1809/1801
f 1802/1802/1794 1810/1810/1802 1746/1746/1738
f 1811/1811/1803 1812/1812/1804 1813/1813/1805
f 1814/1814/1806 1802/1802/1794 1738/1738/1730
f 1783/1783/1775 1789/1789/1781 1794/1794/1786
f 1766/1766/1758 1809/1809/1801 1767/1767/1759
f 1807/1807/1799 1815/1815/1807 1816/1816/1808
f 1736/1736/1728 1746/1746/1738 1817/1817/1809
f 1816/1816/1808 1785/1785/1777 1807/1807/1799
f 1813/1813/1805 1818/1818/1810 1819/1819/1811
f 1820/1820/1812 1821/1821/1813 1822/1822/1814
f 1820/1820/1812 1822/1822/1814 1823/1823/1815
f 1809/1809/1801 1824/1824/1816 1767/1767/1759
f 1789/1789/1781 1783/1783/1775 1780/1780/1772
f 1825/1825/1817 1786/1786/1778 1826/1826/1818
f 1827/1827/1819 1773/1773/1765 1762/1762/1754
f 1770/1770/1762 1769/1769/1761 1797/1797/1789
f 1816/1816/1808 1791/1791/1783 1785/1785/1777
f 1791/1791/1783 1816/1816/1808 1828/1828/1820
f 1829/1829/1821 1790/1790/1782 1748/1748/1740
f 1829/1829/1821 1748/1748/1740 1830/1830/1822
f 1823/1823/1815 1680/1680/1672 1820/1820/1812
f 1747/1747/1739 1830/1830/1822 1748/1748/1740
f 1813/1813/1805 1831/1831/1823 1811/1811/1803
f 1832/1832/1824 1787/1787/1779 1825/1825/1817
f 1780/1780/1772 1748/1748/1740 1789/1789/1781
f 1819/1819/1811 1831/1831/1823 1813/1813/1805
f 1801/1801/1793 1833/1833/1825 1834/1834/1826
f 1712/1712/1704 1835/1835/1827 1710/1710/1702
f 1762/1762/1754 1761/1761/1753 1836/1836/1828
f 1834/1834/1826 1808/1808/1800 1801/1801/1793
f 1774/1774/1766 1758/1758/1750 1837/1837/1829
f 1838/1838/1830 1822/1822/1814 1821/1821/1813
f 1839/1839/1831 1840/1840/1832 1841/1841/1833
f 1842/1842/1834 1843/1843/1835 1840/1840/1832
f 1844/1844/1836 1818/1818/1810 1813/1813/1805
f 1831/1831/1823 1819/1819/1811 1845/1845/1837
f 1846/1846/1838 1592/1592/1584 1602/1602/1594
f 1592/1592/1584 1846/1846/1838 1686/1686/1678
f 1825/1825/1817 1787/1787/1779 1786/1786/1778
f 1847/1847/1839 1848/1848/1839 1849/1849/1839
f 1850/1850/1840 1811/1811/1803 1831/1831/1823
f 1810/1810/1802 1851/1851/1841 1852/1852/1842
f 1853/1853/1843 1854/1854/1844 1845/1845/1837
f 1855/1855/1845 1822/1822/1814 1838/1838/1830
f 1802/1802/1794 1814/1814/1806 1851/1851/1841
f 1657/1657/1649 1656/1656/1648 1798/1798/1790
f 1856/1856/1846 1857/1857/1847 1858/1858/1848
f 1859/1859/1849 1826/1826/1818 1786/1786/1778
f 1857/1857/1847 1856/1856/1846 1860/1860/1850
f 1861/1861/1851 1862/1862/1852 1863/1863/1853
f 1798/1798/1790 1864/1864/1854 1657/1657/1649
f 1850/1850/1840 1831/1831/1823 1865/1865/1855
f 1866/1866/1856 1720/1720/1712 1867/1867/1857
f 1841/1841/1833 1868/1868/1858 1869/1869/1859
f 1675/1675/1667 1734/1734/1726 1673/1673/1665
f 1851/1851/1841 1810/1810/1802 1802/1802/1794
f 1870/1870/1860 1850/1850/1840 1865/1865/1855
f 1871/1871/1861 1864/1864/1854 1798/1798/1790
f 1853/1853/1843 1845/1845/1837 1819/1819/1811
f 1602/1602/1594 1872/1872/1862 1846/1846/1838
f 1831/1831/1823 1845/1845/1837 1865/1865/1855
f 1836/1836/1828 1827/1827/1819 1762/1762/1754
f 1873/1873/1863 1866/1866/1856 1867/1867/1857
f 1734/1734/1726 1675/1675/1667 1735/1735/1727
f 1855/1855/1845 1874/1874/1864 1822/1822/1814
f 1875/1875/1865 1876/1876/1866 1877/1877/1867
f 1878/1878/1868 1865/1865/1855 1879/1879/1869
f 1880/1880/1870 1881/1881/1871 1882/1882/1872
f 1774/1774/1766 1837/1837/1829 1883/1883/1873
f 1786/1786/1778 1774/1774/1766 1883/1883/1873
f 1636/1636/1628 1680/1680/1672 1823/1823/1815
f 1680/1680/1672 1884/1884/1874 1820/1820/1812
f 1885/1885/1875 1886/1886/1876 1868/1868/1858
f 1881/1881/1871 1880/1880/1870 1887/1887/1877
f 1888/1888/1878 1883/1883/1873 1837/1837/1829
f 1889/1889/1879 1890/1890/1880 1891/1891/1881
f 1786/1786/1778 1883/1883/1873 1859/1859/1849
f 1868/1868/1858 1841/1841/1833 1885/1885/1875
f 1885/1885/1875 1840/1840/1832 1843/1843/1835
f 1892/1892/1882 1893/1893/1883 1604/1604/1596
f 1894/1894/1884 1885/1885/1875 1843/1843/1835
f 1895/1895/1885 1890/1890/1880 1768/1768/1760
f 1885/1885/1875 1841/1841/1833 1840/1840/1832
f 1870/1870/1860 1877/1877/1867 1876/1876/1866
f 1896/1896/1886 1888/1888/1878 1837/1837/1829
f 1870/1870/1860 1865/1865/1855 1878/1878/1868
f 1887/1887/1877 1897/1897/1887 1881/1881/1871
f 1869/1869/1859 1868/1868/1858 1898/1898/1888
f 1667/1667/1659 1899/1899/1889 1900/1900/1890
f 1604/1604/1596 1544/1544/1536 1898/1898/1888
f 1901/1901/1891 1740/1740/1732 1902/1902/1892
f 1604/1604/1596 1898/1898/1888 1892/1892/1882
f 1845/1845/1837 1879/1879/1869 1865/1865/1855
f 1896/1896/1886 1837/1837/1829 1903/1903/1893
f 1888/1888/1878 1904/1904/1894 1905/1905/1895
f 1870/1870/1860 1876/1876/1866 1850/1850/1840
f 1906/1906/1896 1907/1907/1897 1908/1908/1898
f 1909/1909/1899 1910/1910/1900 1828/1828/1820
f 1906/1906/1896 1911/1911/1901 1907/1907/1897
f 1823/1823/1815 1874/1874/1864 1654/1654/1646
f 1823/1823/1815 1822/1822/1814 1874/1874/1864
f 1823/1823/1815 1654/1654/1646 1636/1636/1628
f 1892/1892/1882 1898/1898/1888 1868/1868/1858
f 1912/1912/1902 1913/1913/1903 1879/1879/1869
f 1797/1797/1789 1914/1914/1904 1915/1915/1905
f 1916/1916/1906 1667/1667/1659 1648/1648/1640
f 1917/1917/1907 1893/1893/1883 1892/1892/1882
f 1918/1918/1908 1919/1919/1909 1920/1920/1910
f 1809/1809/1801 1921/1921/1911 1824/1824/1816
f 1922/1922/1912 1923/1923/1913 1924/1924/1914
f 1900/1900/1890 1663/1663/1655 1667/1667/1659
f 1912/1912/1902 1925/1925/1915 1913/1913/1903
f 1926/1926/1916 1927/1927/1917 1739/1739/1731
f 1907/1907/1897 1859/1859/1849 1905/1905/1895
f 1915/1915/1905 1796/1796/1788 1797/1797/1789
f 1928/1928/1918 1921/1921/1911 1809/1809/1801
f 1845/1845/1837 1854/1854/1844 1912/1912/1902
f 1890/1890/1880 1889/1889/1879 1929/1929/1919
f 1900/1900/1890 1659/1659/1651 1663/1663/1655
f 1739/1739/1731 1782/1782/1774 1926/1926/1916
f 1912/1912/1902 1879/1879/1869 1845/1845/1837
f 1739/1739/1731 1741/1741/1733 1782/1782/1774
f 1930/1930/1920 1931/1931/1921 1932/1932/1922
f 1928/1928/1918 1791/1791/1783 1828/1828/1820
f 1905/1905/1895 1883/1883/1873 1888/1888/1878
f 1933/1933/1923 1930/1930/1920 1932/1932/1922
f 1932/1932/1922 1934/1934/1924 1933/1933/1923
f 1900/1900/1890 1935/1935/1925 1659/1659/1651
f 1928/1928/1918 1809/1809/1801 1791/1791/1783
f 1930/1930/1920 1533/1533/1525 1532/1532/1524
f 1918/1918/1908 1920/1920/1910 1936/1936/1926
f 1905/1905/1895 1859/1859/1849 1883/1883/1873
f 1901/1901/1891 1741/1741/1733 1740/1740/1732
f 1937/1937/1927 1926/1926/1916 1938/1938/1928
f 1772/1772/1764 1765/1765/1757 1939/1939/1929
f 1828/1828/1820 1910/1910/1900 1928/1928/1918
f 1940/1940/1930 1930/1930/1920 1933/1933/1923
f 1765/1765/1757 1776/1776/1768 1939/1939/1929
f 1611/1611/1603 1941/1941/1931 1942/1942/1932
f 1943/1943/1933 1611/1611/1603 1612/1612/1604
f 1892/1892/1882 1868/1868/1858 1886/1886/1876
f 1944/1944/1934 1932/1932/1922 1931/1931/1921
f 1945/1945/1935 1946/1946/1936 1947/1947/1937
f 1930/1930/1920 1940/1940/1930 1533/1533/1525
f 1755/1755/1747 1600/1600/1592 1948/1948/1938
f 1937/1937/1927 1927/1927/1917 1926/1926/1916
f 1532/1532/1524 1719/1719/1711 1931/1931/1921
f 1756/1756/1748 1768/1768/1760 1890/1890/1880
f 1949/1949/1939 1756/1756/1748 1890/1890/1880
f 1950/1950/1940 1637/1637/1629 1951/1951/1941
f 1952/1952/1942 1939/1939/1929 1776/1776/1768
f 1694/1694/1686 1657/1657/1649 1864/1864/1854
f 1949/1949/1939 1953/1953/1943 1756/1756/1748
f 1772/1772/1764 1939/1939/1929 1938/1938/1928
f 1532/1532/1524 1931/1931/1921 1930/1930/1920
f 1943/1943/1933 1954/1954/1944 1611/1611/1603
f 1637/1637/1629 1950/1950/1940 1628/1628/1620
f 1694/1694/1686 1864/1864/1854 1955/1955/1945
f 1945/1945/1935 1947/1947/1937 1956/1956/1946
f 1611/1611/1603 1954/1954/1944 1941/1941/1931
f 1694/1694/1686 1723/1723/1715 1705/1705/1697
f 1955/1955/1945 1723/1723/1715 1694/1694/1686
f 1957/1957/1947 1745/1745/1737 1744/1744/1736
f 1958/1958/1948 1944/1944/1934 1719/1719/1711
f 1959/1959/1949 1960/1960/1950 1863/1863/1853
f 1616/1616/1608 1615/1615/1607 1961/1961/1951
f 1962/1962/1952 1945/1945/1935 1956/1956/1946
f 1963/1963/1953 1772/1772/1764 1938/1938/1928
f 1611/1611/1603 1942/1942/1932 1609/1609/1601
f 1964/1964/1954 1959/1959/1949 1965/1965/1955
f 1895/1895/1885 1891/1891/1881 1890/1890/1880
f 1744/1744/1736 1756/1756/1748 1953/1953/1943
f 1936/1936/1926 1920/1920/1910 1722/1722/1714
f 1964/1964/1954 1960/1960/1950 1959/1959/1949
f 1615/1615/1607 1620/1620/1612 1966/1966/1956
f 1895/1895/1885 1967/1967/1957 1968/1968/1958
f 1953/1953/1943 1957/1957/1947 1744/1744/1736
f 1968/1968/1958 1891/1891/1881 1895/1895/1885
f 1955/1955/1945 1732/1732/1724 1723/1723/1715
f 1969/1969/1959 1628/1628/1620 1950/1950/1940
f 1966/1966/1956 1961/1961/1951 1615/1615/1607
f 1944/1944/1934 1931/1931/1921 1719/1719/1711
f 1970/1970/1960 1957/1957/1947 1953/1953/1943
f 1971/1971/1961 1880/1880/1870 1882/1882/1872
f 1972/1972/1962 1973/1973/1963 1702/1702/1694
f 1974/1974/1964 1975/1975/1965 1972/1972/1962
f 1970/1970/1960 1953/1953/1943 1949/1949/1939
f 1976/1976/1966 1977/1977/1967 1971/1971/1961
f 1944/1944/1934 1978/1978/1968 1932/1932/1922
f 1959/1959/1949 1862/1862/1852 1979/1979/1969
f 1980/1980/1970 1977/1977/1967 1981/1981/1971
f 1982/1982/1972 1961/1961/1951 1966/1966/1956
f 1951/1951/1941 1983/1983/1973 1950/1950/1940
f 1949/1949/1939 1890/1890/1880 1929/1929/1919
f 1959/1959/1949 1863/1863/1853 1862/1862/1852
f 1903/1903/1893 1901/1901/1891 1984/1984/1974
f 1985/1985/1975 1986/1986/1976 1987/1987/1977
f 1901/1901/1891 1758/1758/1750 1741/1741/1733
f 1977/1977/1967 1976/1976/1966 1981/1981/1971
f 1664/1664/1656 1972/1972/1962 1702/1702/1694
f 1986/1986/1976 1988/1988/1978 1764/1764/1756
f 1901/1901/1891 1903/1903/1893 1837/1837/1829
f 1985/1985/1975 1987/1987/1977 1989/1989/1979
f 1599/1599/1591 1990/1990/1980 1948/1948/1938
f 1981/1981/1971 1983/1983/1973 1980/1980/1970
f 1991/1991/1981 1992/1992/1982 1993/1993/1983
f 1887/1887/1877 1880/1880/1870 1971/1971/1961
f 1988/1988/1978 1986/1986/1976 1985/1985/1975
f 1901/1901/1891 1837/1837/1829 1758/1758/1750
f 1702/1702/1694 1973/1973/1963 1994/1994/1984
f 1902/1902/1892 1984/1984/1974 1901/1901/1891
f 1995/1995/1985 1948/1948/1938 1990/1990/1980
f 1979/1979/1969 1965/1965/1955 1959/1959/1949
f 1965/1965/1955 1979/1979/1969 1796/1796/1788
f 1796/1796/1788 1915/1915/1905 1965/1965/1955
f 1976/1976/1966 1971/1971/1961 1996/1996/1986
f 1680/1680/1672 1671/1671/1663 1516/1516/1508
f 1976/1976/1966 1996/1996/1986 1994/1994/1984
f 1543/1543/1535 1997/1997/1987 1544/1544/1536
f 1971/1971/1961 1882/1882/1872 1996/1996/1986
f 1990/1990/1980 1998/1998/1988 1995/1995/1985
f 1989/1989/1979 1987/1987/1977 1947/1947/1937
f 1516/1516/1508 1884/1884/1874 1680/1680/1672
f 1956/1956/1946 1947/1947/1937 1987/1987/1977
f 1634/1634/1626 1609/1609/1601 1942/1942/1932
f 1949/1949/1939 1999/1999/1989 1970/1970/1960
f 1755/1755/1747 1948/1948/1938 1995/1995/1985
f 1993/1993/1983 2000/2000/1990 1991/1991/1981
f 1986/1986/1976 1962/1962/1952 1956/1956/1946
f 1992/1992/1982 1991/1991/1981 2001/2001/1991
f 1929/1929/1919 2002/2002/1992 1949/1949/1939
f 1975/1975/1965 1866/1866/1856 1873/1873/1863
f 1949/1949/1939 2002/2002/1992 1999/1999/1989
f 1986/1986/1976 1956/1956/1946 1987/1987/1977
f 2003/2003/1993 1624/1624/1616 1735/1735/1727
f 2004/2004/1994 2005/2005/1995 1910/1910/1900
f 1599/1599/1591 1948/1948/1938 1600/1600/1592
f 1981/1981/1971 2006/2006/1996 1983/1983/1973
f 2007/2007/1997 1695/1695/1687 2008/2008/1998
f 1807/1807/1799 1963/1963/1953 2009/2009/1999
f 2010/2010/2000 1997/1997/1987 1982/1982/1972
f 2007/2007/1997 1681/1681/1673 1695/1695/1687
f 1982/1982/1972 2011/2011/2001 2010/2010/2000
f 1975/1975/1965 1974/1974/1964 1866/1866/1856
f 2009/2009/1999 1815/1815/1807 1807/1807/1799
f 1720/1720/1712 1866/1866/1856 1974/1974/1964
f 2007/2007/1997 2012/2012/2002 1681/1681/1673
f 2013/2013/2003 1969/1969/1959 1950/1950/1940
f 1982/1982/1972 1966/1966/1956 2011/2011/2001
f 2013/2013/2003 1950/1950/1940 1983/1983/1973
f 1720/1720/1712 1974/1974/1964 1662/1662/1654
f 1664/1664/1656 1974/1974/1964 1972/1972/1962
f 1664/1664/1656 1662/1662/1654 1974/1974/1964
f 1963/1963/1953 1807/1807/1799 1772/1772/1764
f 2014/2014/2004 1712/1712/1704 1654/1654/1646
f 2015/2015/2005 1874/1874/1864 1855/1855/1845
f 2016/2016/2006 2017/2017/2007 2007/2007/1997
f 2017/2017/2007 2018/2018/2008 2019/2019/2009
f 2017/2017/2007 2019/2019/2009 2020/2020/2010
f 2007/2007/1997 2008/2008/1998 1812/1812/1804
f 2020/2020/2010 2012/2012/2002 2017/2017/2007
f 1654/1654/1646 1712/1712/1704 1653/1653/1645
f 2016/2016/2006 2018/2018/2008 2017/2017/2007
f 2014/2014/2004 1654/1654/1646 1874/1874/1864
f 2021/2021/2011 2022/2022/2012 1886/1886/1876
f 2012/2012/2002 2007/2007/1997 2017/2017/2007
f 1981/1981/1971 1972/1972/1962 1975/1975/1965
f 2023/2023/2013 2021/2021/2011 1886/1886/1876
f 1720/1720/1712 1697/1697/1689 2024/2024/2014
f 2014/2014/2004 1874/1874/1864 2015/2015/2005
f 1975/1975/1965 2025/2025/2015 2006/2006/1996
f 2023/2023/2013 1886/1886/1876 1885/1885/1875
f 1975/1975/1965 2006/2006/1996 1981/1981/1971
f 1894/1894/1884 2023/2023/2013 1885/1885/1875
f 1981/1981/1971 1973/1973/1963 1972/1972/1962
f 1976/1976/1966 1973/1973/1963 1981/1981/1971
f 1630/1630/1622 2020/2020/2010 2026/2026/2016
f 1618/1618/1610 1630/1630/1622 2026/2026/2016
f 1630/1630/1622 1618/1618/1610 1594/1594/1586
f 1630/1630/1622 2027/2027/2017 2020/2020/2010
f 2024/2024/2014 1867/1867/1857 1720/1720/1712
f 1976/1976/1966 1994/1994/1984 1973/1973/1963
f 1692/1692/1684 2028/2028/2018 1684/1684/1676
f 1841/1841/1833 1869/1869/1859 1839/1839/1831
f 1684/1684/1676 1658/1658/1650 1692/1692/1684
f 2029/2029/2019 2014/2014/2004 2015/2015/2005
f 1873/1873/1863 2025/2025/2015 1975/1975/1965
f 1684/1684/1676 2028/2028/2018 2024/2024/2014
f 2028/2028/2018 1692/1692/1684 2030/2030/2020
f 1692/1692/1684 1659/1659/1651 1935/1935/1925
f 2031/2031/2021 1711/1711/1703 1525/1525/1517
f 2014/2014/2004 2029/2029/2019 1712/1712/1704
f 2032/2032/2022 2033/2033/2023 2034/2034/2024
f 1935/1935/1925 2030/2030/2020 1692/1692/1684
f 1684/1684/1676 2024/2024/2014 1697/1697/1689
f 2033/2033/2023 2035/2035/2025 2034/2034/2024
f 1525/1525/1517 2036/2036/2026 2031/2031/2021
f 2029/2029/2019 2037/2037/2027 1835/1835/1827
f 1938/1938/1928 1939/1939/1929 1937/1937/1927
f 2038/2038/2028 2039/2039/2029 2040/2040/2030
f 2041/2041/2031 2042/2042/2032 2040/2040/2030
f 2019/2019/2009 2018/2018/2008 2043/2043/2033
f 1835/1835/1827 2037/2037/2027 1795/1795/1787
f 1795/1795/1787 2039/2039/2029 2044/2044/2034
f 2037/2037/2027 2039/2039/2029 1795/1795/1787
f 2039/2039/2029 2037/2037/2027 2041/2041/2031
f 2039/2039/2029 2041/2041/2031 2040/2040/2030
f 2045/2045/2035 1815/1815/1807 2009/2009/1999
f 2046/2046/2036 2047/2047/2037 1908/1908/1898
f 2045/2045/2035 2048/2048/2038 1815/1815/1807
f 2049/2049/2039 1923/1923/1913 2050/2050/2040
f 2041/2041/2031 2037/2037/2027 2029/2029/2019
f 2051/2051/2041 1925/1925/1915 1912/1912/1902
f 1605/1605/1597 1555/1555/1547 1603/1603/1595
f 2051/2051/2041 1912/1912/1902 2052/2052/2042
f 1854/1854/1844 2052/2052/2042 1912/1912/1902
f 1907/1907/1897 1905/1905/1895 2046/2046/2036
f 2053/2053/2043 1603/1603/1595 1604/1604/1596
f 2053/2053/2043 1604/1604/1596 1893/1893/1883
f 2054/2054/2044 2055/2055/2045 2056/2056/2046
f 2057/2057/2047 2049/2049/2039 2050/2050/2040
f 2058/2058/2048 2059/2059/2049 2060/2060/2050
f 2054/2054/2044 1621/1621/1613 2055/2055/2045
f 2061/2061/2051 2060/2060/2050 2048/2048/2038
f 1908/1908/1898 1907/1907/1897 2046/2046/2036
f 1800/1800/1792 2062/2062/2052 2063/2063/2053
f 2064/2064/2054 2065/2065/2055 2066/2066/2056
f 2064/2064/2054 2066/2066/2056 2067/2067/2057
f 2063/2063/2053 1979/1979/1969 1862/1862/1852
f 1800/1800/1792 2068/2068/2058 2062/2062/2052
f 2061/2061/2051 2048/2048/2038 2045/2045/2035
f 1605/1605/1597 1603/1603/1595 2053/2053/2043
f 1924/1924/1914 1923/1923/1913 2049/2049/2039
f 1834/1834/1826 1833/1833/1825 1861/1861/1851
f 1800/1800/1792 1833/1833/1825 1801/1801/1793
f 2069/2069/2059 2065/2065/2055 2064/2064/2054
f 2051/2051/2041 2052/2052/2042 2070/2070/2060
f 1979/1979/1969 2063/2063/2053 2062/2062/2052
f 1833/1833/1825 2063/2063/2053 1861/1861/1851
f 2064/2064/2054 2071/2071/2061 2069/2069/2059
f 1939/1939/1929 1952/1952/1942 1937/1937/1927
f 2059/2059/2049 2058/2058/2048 2072/2072/2062
f 1893/1893/1883 2073/2073/2063 2053/2053/2043
f 1862/1862/1852 1861/1861/1851 2063/2063/2053
f 2063/2063/2053 1833/1833/1825 1800/1800/1792
f 2074/2074/2064 2068/2068/2058 2075/2075/2065
f 2068/2068/2058 2074/2074/2064 2062/2062/2052
f 1899/1899/1889 1667/1667/1659 2076/2076/2066
f 2077/2077/2067 1906/1906/1896 1908/1908/1898
f 1667/1667/1659 1916/1916/1906 2076/2076/2066
f 2078/2078/2068 2079/2079/2069 2080/2080/2070
f 1630/1630/1622 1619/1619/1611 2027/2027/2017
f 2027/2027/2017 1619/1619/1611 1681/1681/1673
f 2081/2081/2071 2082/2082/2072 2078/2078/2068
f 2083/2083/2073 1669/1669/1661 2084/2084/2074
f 2083/2083/2073 1698/1698/1690 1669/1669/1661
f 1979/1979/1969 2062/2062/2052 1796/1796/1788
f 2078/2078/2068 2080/2080/2070 2081/2081/2071
f 2085/2085/2075 2084/2084/2074 2086/2086/2076
f 2084/2084/2074 2085/2085/2075 2083/2083/2073
f 2020/2020/2010 2027/2027/2017 2012/2012/2002
f 1770/1770/1762 2074/2074/2064 1771/1771/1763
f 2086/2086/2076 2084/2084/2074 2082/2082/2072
f 2082/2082/2072 2081/2081/2071 2086/2086/2076
f 1670/1670/1662 1669/1669/1661 1698/1698/1690
f 2087/2087/2077 2088/2088/2078 2078/2078/2068
f 1668/1668/1660 2084/2084/2074 1669/1669/1661
f 2089/2089/2079 2090/2090/2080 2091/2091/2081
f 2061/2061/2051 2090/2090/2080 2072/2072/2062
f 2027/2027/2017 1681/1681/1673 2012/2012/2002
f 2092/2092/2082 2093/2093/2083 2094/2094/2084
f 2072/2072/2062 2058/2058/2048 2061/2061/2051
f 2091/2091/2081 2045/2045/2035 2095/2095/2085
f 2096/2096/2086 2064/2064/2054 2067/2067/2057
f 2097/2097/2087 2098/2098/2088 2067/2067/2057
f 1796/1796/1788 2062/2062/2052 2074/2074/2064
f 2092/2092/2082 2094/2094/2084 2099/2099/2089
f 2090/2090/2080 2089/2089/2079 2072/2072/2062
f 2100/2100/2090 1582/1582/1574 2054/2054/2044
f 1796/1796/1788 2074/2074/2064 1770/1770/1762
f 2095/2095/2085 2101/2101/2091 2091/2091/2081
f 2091/2091/2081 2090/2090/2080 2061/2061/2051
f 2058/2058/2048 2060/2060/2050 2061/2061/2051
f 1525/1525/1517 1527/1527/1519 2036/2036/2026
f 1582/1582/1574 1621/1621/1613 2054/2054/2044
f 1798/1798/1790 1790/1790/1782 1829/1829/1821
f 1996/1996/1986 2102/2102/2092 2103/2103/2093
f 2091/2091/2081 2061/2061/2051 2045/2045/2035
f 1871/1871/1861 1798/1798/1790 1829/1829/1821
f 2035/2035/2025 1784/1784/1776 1793/1793/1785
f 2082/2082/2072 2084/2084/2074 1668/1668/1660
f 2038/2038/2028 2044/2044/2034 2039/2039/2029
f 2078/2078/2068 1715/1715/1707 1714/1714/1706
f 2082/2082/2072 1668/1668/1660 1715/1715/1707
f 2104/2104/2094 2044/2044/2034 2105/2105/2095
f 2106/2106/2096 2107/2107/2097 1777/1777/1769
f 2078/2078/2068 2082/2082/2072 1715/1715/1707
f 2104/2104/2094 1750/1750/1742 1795/1795/1787
f 1714/1714/1706 2087/2087/2077 2078/2078/2068
f 1882/1882/1872 2108/2108/2098 2102/2102/2092
f 1818/1818/1810 1844/1844/1836 2100/2100/2090
f 2087/2087/2077 1919/1919/1909 2109/2109/2099
f 2044/2044/2034 2104/2104/2094 1795/1795/1787
f 2065/2065/2055 2109/2109/2099 2110/2110/2100
f 2105/2105/2095 2044/2044/2034 2038/2038/2028
f 1881/1881/1871 2111/2111/2101 2108/2108/2098
f 2074/2074/2064 2075/2075/2065 2112/2112/2102
f 2033/2033/2023 2113/2113/2103 1784/1784/1776
f 2112/2112/2102 1771/1771/1763 2074/2074/2064
f 2106/2106/2096 1566/1566/1558 1588/1588/1580
f 2059/2059/2049 2114/2114/2104 2115/2115/2105
f 2104/2104/2094 1768/1768/1760 1750/1750/1742
f 2109/2109/2099 2065/2065/2055 2069/2069/2059
f 2112/2112/2102 2116/2116/2106 1771/1771/1763
f 2106/2106/2096 2117/2117/2107 1566/1566/1558
f 2109/2109/2099 2088/2088/2078 2087/2087/2077
f 2109/2109/2099 2069/2069/2059 2088/2088/2078
f 2118/2118/2108 2119/2119/2109 2120/2120/2110
f 1777/1777/1769 2107/2107/2097 2121/2121/2111
f 2041/2041/2031 2015/2015/2005 2042/2042/2032
f 2122/2122/2112 2123/2123/2113 2099/2099/2089
f 2124/2124/2114 2125/2125/2115 2126/2126/2116
f 1780/1780/1772 2113/2113/2103 2127/2127/2117
f 2113/2113/2103 1780/1780/1772 1784/1784/1776
f 2128/2128/2118 2031/2031/2021 2036/2036/2026
f 2110/2110/2100 2066/2066/2056 2065/2065/2055
f 1816/1816/1808 1815/1815/1807 2048/2048/2038
f 2115/2115/2105 2060/2060/2050 2059/2059/2049
f 1816/1816/1808 2048/2048/2038 2129/2129/2119
f 2122/2122/2112 2130/2130/2120 2123/2123/2113
f 1967/1967/1957 2131/2131/2121 2038/2038/2028
f 2122/2122/2112 2132/2132/2122 2130/2130/2120
f 2119/2119/2109 2133/2133/2123 2120/2120/2110
f 2134/2134/2124 1777/1777/1769 1779/1779/1771
f 2122/2122/2112 2099/2099/2089 2135/2135/2125
f 1895/1895/1885 2131/2131/2121 1967/1967/1957
f 1818/1818/1810 2100/2100/2090 2136/2136/2126
f 2038/2038/2028 2131/2131/2121 2105/2105/2095
f 2137/2137/2127 2128/2128/2118 2036/2036/2026
f 2138/2138/2128 2139/2139/2129 2140/2140/2130
f 2105/2105/2095 2131/2131/2121 1895/1895/1885
f 2015/2015/2005 2041/2041/2031 2029/2029/2019
f 2106/2106/2096 2134/2134/2124 2117/2117/2107
f 2104/2104/2094 2105/2105/2095 1768/1768/1760
f 2129/2129/2119 2048/2048/2038 2060/2060/2050
f 2013/2013/2003 1983/1983/1973 2006/2006/1996
f 1997/1997/1987 1839/1839/1831 1544/1544/1536
f 1819/1819/1811 1818/1818/1810 2136/2136/2126
f 2060/2060/2050 2115/2115/2105 2129/2129/2119
f 2141/2141/2131 2006/2006/1996 2025/2025/2015
f 1909/1909/1899 2129/2129/2119 2115/2115/2105
f 2134/2134/2124 2106/2106/2096 1777/1777/1769
f 2120/2120/2110 2142/2142/2132 2118/2118/2108
f 2140/2140/2130 2139/2139/2129 2143/2143/2133
f 2126/2126/2116 2144/2144/2134 2124/2124/2114
f 2006/2006/1996 2141/2141/2131 2013/2013/2003
f 2145/2145/2135 2146/2146/2136 2147/2147/2137
f 2126/2126/2116 2148/2148/2138 2144/2144/2134
f 2099/2099/2089 2123/2123/2113 2092/2092/2082
f 2129/2129/2119 1828/1828/1820 1816/1816/1808
f 2145/2145/2135 2135/2135/2125 2149/2149/2139
f 1819/1819/1811 2136/2136/2126 1853/1853/1843
f 1835/1835/1827 1712/1712/1704 2029/2029/2019
f 1768/1768/1760 2105/2105/2095 1895/1895/1885
f 2122/2122/2112 2147/2147/2137 2132/2132/2122
f 2127/2127/2117 1749/1749/1741 1780/1780/1772
f 2147/2147/2137 2122/2122/2112 2135/2135/2125
f 1764/1764/1756 1988/1988/1978 1761/1761/1753
f 1727/1727/1719 1754/1754/1746 2121/2121/2111
f 2025/2025/2015 2150/2150/2140 2141/2141/2131
f 1805/1805/1797 2151/2151/2141 1803/1803/1795
f 1637/1637/1629 1792/1792/1784 1951/1951/1941
f 2135/2135/2125 2094/2094/2084 2149/2149/2139
f 2147/2147/2137 2135/2135/2125 2145/2145/2135
f 1996/1996/1986 1882/1882/1872 2102/2102/2092
f 1784/1784/1776 2035/2035/2025 2033/2033/2023
f 1919/1919/1909 2087/2087/2077 1714/1714/1706
f 2135/2135/2125 2099/2099/2089 2094/2094/2084
f 1882/1882/1872 1881/1881/1871 2108/2108/2098
f 2152/2152/2142 2153/2153/2143 2154/2154/2144
f 1881/1881/1871 1897/1897/1887 2111/2111/2101
f 2103/2103/2093 1994/1994/1984 1996/1996/1986
f 2110/2110/2100 2109/2109/2099 1919/1919/1909
f 1892/1892/1882 2022/2022/2012 2155/2155/2145
f 1886/1886/1876 2022/2022/2012 1892/1892/1882
f 2156/2156/2146 1962/1962/1952 2157/2157/2147
f 1839/1839/1831 1997/1997/1987 2010/2010/2000
f 2158/2158/2148 2159/2159/2148 2160/2160/2148
f 2156/2156/2146 2157/2157/2147 2161/2161/2149
f 1842/1842/1834 1840/1840/1832 2162/2162/2150
f 2152/2152/2142 2154/2154/2144 2163/2163/2151
f 1828/1828/1820 2129/2129/2119 1909/1909/1899
f 2164/2164/2152 1736/1736/1728 2165/2165/2153
f 2106/2106/2096 1588/1588/1580 2107/2107/2097
f 1835/1835/1827 2166/2166/2154 1710/1710/1702
f 2107/2107/2097 1588/1588/1580 1690/1690/1682
f 2110/2110/2100 1919/1919/1909 1918/1918/1908
f 2121/2121/2111 1754/1754/1746 1799/1799/1791
f 2004/2004/1994 2115/2115/2105 2114/2114/2104
f 2115/2115/2105 2004/2004/1994 1909/1909/1899
f 1616/1616/1608 2167/2167/2155 2161/2161/2149
f 1799/1799/1791 1777/1777/1769 2121/2121/2111
f 2167/2167/2155 1961/1961/1951 1982/1982/1972
f 1839/1839/1831 2162/2162/2150 1840/1840/1832
f 2168/2168/2156 2155/2155/2145 2022/2022/2012
f 1839/1839/1831 1869/1869/1859 1544/1544/1536
f 2166/2166/2154 1760/1760/1752 1710/1710/1702
f 1792/1792/1784 1637/1637/1629 1743/1743/1735
f 1736/1736/1728 1792/1792/1784 1737/1737/1729
f 2164/2164/2152 1980/1980/1970 1951/1951/1941
f 2150/2150/2140 2025/2025/2015 1873/1873/1863
f 1961/1961/1951 2167/2167/2155 1616/1616/1608
f 2164/2164/2152 1792/1792/1784 1736/1736/1728
f 1690/1690/1682 1691/1691/1683 1760/1760/1752
f 1760/1760/1752 2166/2166/2154 1751/1751/1743
f 1751/1751/1743 2166/2166/2154 1795/1795/1787
f 2156/2156/2146 2161/2161/2149 1543/1543/1535
f 1691/1691/1683 1710/1710/1702 1760/1760/1752
f 2169/2169/2157 2077/2077/2067 2170/2170/2158
f 2168/2168/2156 2171/2171/2159 1922/1922/1912
f 1792/1792/1784 2164/2164/2152 1951/1951/1941
f 2022/2022/2012 2171/2171/2159 2168/2168/2156
f 1982/1982/1972 2161/2161/2149 2167/2167/2155
f 2164/2164/2152 2172/2172/2160 1980/1980/1970
f 1760/1760/1752 1727/1727/1719 2121/2121/2111
f 2173/2173/2161 2164/2164/2152 2165/2165/2153
f 2168/2168/2156 1922/1922/1912 1924/1924/1914
f 1760/1760/1752 2121/2121/2111 1690/1690/1682
f 1799/1799/1791 1778/1778/1770 1777/1777/1769
f 2166/2166/2154 1835/1835/1827 1795/1795/1787
f 2174/2174/2162 1676/1676/1668 1678/1678/1670
f 2175/2175/2163 2170/2170/2158 2176/2176/2164
f 2161/2161/2149 1982/1982/1972 1543/1543/1535
f 2155/2155/2145 2168/2168/2156 1924/1924/1914
f 2170/2170/2158 2175/2175/2163 2169/2169/2157
f 1817/1817/1809 2165/2165/2153 1736/1736/1728
f 1951/1951/1941 1980/1980/1970 1983/1983/1973
f 1678/1678/1670 2177/2177/2165 2174/2174/2162
f 2133/2133/2123 1717/1717/1709 2120/2120/2110
f 2178/2178/2166 1537/1537/1529 1676/1676/1668
f 1676/1676/1668 2174/2174/2162 2178/2178/2166
f 2171/2171/2159 2022/2022/2012 2021/2021/2011
f 2121/2121/2111 2107/2107/2097 1690/1690/1682
f 2179/2179/2167 1754/1754/1746 1726/1726/1718
f 1980/1980/1970 2172/2172/2160 1977/1977/1967
f 2179/2179/2167 1799/1799/1791 1754/1754/1746
f 2089/2089/2079 2091/2091/2081 2175/2175/2163
f 2180/2180/2168 1793/1793/1785 1794/1794/1786
f 2178/2178/2166 1803/1803/1795 2151/2151/2141
f 2172/2172/2160 2164/2164/2152 2173/2173/2161
f 2181/2181/2169 2178/2178/2166 2174/2174/2162
f 1543/1543/1535 1982/1982/1972 1997/1997/1987
f 2175/2175/2163 2176/2176/2164 2089/2089/2079
f 1726/1726/1718 1725/1725/1717 1745/1745/1737
f 1717/1717/1709 1541/1541/1533 2120/2120/2110
f 2181/2181/2169 1803/1803/1795 2178/2178/2166
f 2182/2182/2170 2169/2169/2157 2175/2175/2163
f 2183/2183/2171 2184/2184/2172 1989/1989/1979
f 1911/1911/1901 1906/1906/1896 2169/2169/2157
f 2173/2173/2161 2185/2185/2173 2172/2172/2160
f 2151/2151/2141 1537/1537/1529 2178/2178/2166
f 2186/2186/2174 2103/2103/2093 2102/2102/2092
f 1717/1717/1709 1542/1542/1534 1541/1541/1533
f 2186/2186/2174 2187/2187/2175 2103/2103/2093
f 2169/2169/2157 2182/2182/2170 1911/1911/1901
f 2184/2184/2172 2183/2183/2171 2188/2188/2176
f 2095/2095/2085 1825/1825/1817 2101/2101/2091
f 1733/1733/1725 2189/2189/2177 1521/1521/1513
f 2172/2172/2160 1971/1971/1961 1977/1977/1967
f 1726/1726/1718 1745/1745/1737 2075/2075/2065
f 2190/2190/2178 2191/2191/2179 2192/2192/2180
f 1672/1672/1664 1717/1717/1709 1706/1706/1698
f 2182/2182/2170 2101/2101/2091 1825/1825/1817
f 2096/2096/2086 2098/2098/2088 1645/1645/1637
f 2193/2193/2181 2194/2194/2182 1519/1519/1511
f 1820/1820/1812 2194/2194/2182 2195/2195/2183
f 2077/2077/2067 2169/2169/2157 1906/1906/1896
f 2193/2193/2181 1519/1519/1511 2196/2196/2184
f 1820/1820/1812 2195/2195/2183 1821/1821/1813
f 1799/1799/1791 2179/2179/2167 1800/1800/1792
f 2197/2197/2185 1794/1794/1786 1789/1789/1781
f 1686/1686/1678 2192/2192/2180 1687/1687/1679
f 1794/1794/1786 2197/2197/2185 2180/2180/2168
f 1884/1884/1874 2194/2194/2182 1820/1820/1812
f 2071/2071/2061 2064/2064/2054 2096/2096/2086
f 2098/2098/2088 2097/2097/2087 2198/2198/2186
f 1872/1872/1862 2199/2199/2187 1846/1846/1838
f 2200/2200/2188 2102/2102/2092 2108/2108/2098
f 2075/2075/2065 1745/1745/1737 1957/1957/1947
f 2201/2201/2189 1916/1916/1906 1648/1648/1640
f 2075/2075/2065 2068/2068/2058 2179/2179/2167
f 1962/1962/1952 2156/2156/2146 1945/1945/1935
f 2102/2102/2092 2200/2200/2188 2186/2186/2174
f 2194/2194/2182 1516/1516/1508 1519/1519/1511
f 1957/1957/1947 2112/2112/2102 2075/2075/2065
f 2194/2194/2182 1884/1884/1874 1516/1516/1508
f 1970/1970/1960 1999/1999/1989 2116/2116/2106
f 2202/2202/2190 2203/2203/2191 2056/2056/2046
f 2194/2194/2182 2193/2193/2181 2195/2195/2183
f 2198/2198/2186 1645/1645/1637 2098/2098/2088
f 1726/1726/1718 2075/2075/2065 2179/2179/2167
f 1789/1789/1781 2204/2204/2192 2197/2197/2185
f 1970/1970/1960 2116/2116/2106 2112/2112/2102
f 1825/1825/1817 1826/1826/1818 2182/2182/2170
f 1970/1970/1960 2112/2112/2102 1957/1957/1947
f 2098/2098/2088 2096/2096/2086 2067/2067/2057
f 1686/1686/1678 1846/1846/1838 2190/2190/2178
f 2202/2202/2190 1853/1853/1843 2203/2203/2191
f 2186/2186/2174 2086/2086/2076 2187/2187/2175
f 1665/1665/1657 2205/2205/2193 2080/2080/2070
f 2179/2179/2167 2068/2068/2058 1800/1800/1792
f 2205/2205/2193 2081/2081/2071 2080/2080/2070
f 1711/1711/1703 2177/2177/2165 1678/1678/1670
f 2206/2206/2194 2032/2032/2022 2034/2034/2024
f 1665/1665/1657 2080/2080/2070 1685/1685/1677
f 2186/2186/2174 2207/2207/2195 2085/2085/2075
f 2186/2186/2174 2200/2200/2188 2207/2207/2195
f 2186/2186/2174 2085/2085/2075 2086/2086/2076
f 2182/2182/2170 2175/2175/2163 2091/2091/2081
f 2172/2172/2160 2185/2185/2173 1971/1971/1961
f 2091/2091/2081 2101/2101/2091 2182/2182/2170
f 2073/2073/2063 1893/1893/1883 1917/1917/1907
f 2054/2054/2044 2056/2056/2046 2203/2203/2191
f 1917/1917/1907 2208/2208/2196 2073/2073/2063
f 1576/1576/1568 1946/1946/1936 1945/1945/1935
f 2185/2185/2173 1887/1887/1877 1971/1971/1961
f 1624/1624/1616 1558/1558/1550 1557/1557/1549
f 2080/2080/2070 1696/1696/1688 1685/1685/1677
f 2192/2192/2180 1686/1686/1678 2190/2190/2178
f 2190/2190/2178 1846/1846/1838 2199/2199/2187
f 1556/1556/1548 2156/2156/2146 1543/1543/1535
f 1859/1859/1849 1911/1911/1901 1826/1826/1818
f 2079/2079/2069 2209/2209/2197 1696/1696/1688
f 1557/1557/1549 1623/1623/1615 1624/1624/1616
f 1556/1556/1548 1945/1945/1935 2156/2156/2146
f 2088/2088/2078 2069/2069/2059 2071/2071/2061
f 2088/2088/2078 2071/2071/2061 2209/2209/2197
f 1696/1696/1688 2080/2080/2070 2079/2079/2069
f 2209/2209/2197 2079/2079/2069 2088/2088/2078
f 1545/1545/1537 1556/1556/1548 1543/1543/1535
f 1576/1576/1568 1945/1945/1935 1556/1556/1548
f 1859/1859/1849 1907/1907/1897 1911/1911/1901
f 2190/2190/2178 2199/2199/2187 2191/2191/2179
f 1826/1826/1818 1911/1911/1901 2182/2182/2170
f 2202/2202/2190 2052/2052/2042 1853/1853/1843
f 2210/2210/2198 2208/2208/2196 1924/1924/1914
f 1582/1582/1574 1632/1632/1624 1623/1623/1615
f 1989/1989/1979 2184/2184/2172 1985/1985/1975
f 1576/1576/1568 1556/1556/1548 1555/1555/1547
f 1623/1623/1615 1557/1557/1549 1582/1582/1574
f 1924/1924/1914 2049/2049/2039 2210/2210/2198
f 1917/1917/1907 1924/1924/1914 2208/2208/2196
f 1854/1854/1844 1853/1853/1843 2052/2052/2042
f 2136/2136/2126 2203/2203/2191 1853/1853/1843
f 1702/1702/1694 2103/2103/2093 2187/2187/2175
f 2187/2187/2175 1665/1665/1657 1702/1702/1694
f 1679/1679/1671 1735/1735/1727 1675/1675/1667
f 1989/1989/1979 1947/1947/1937 2211/2211/2199
f 2183/2183/2171 1989/1989/1979 2212/2212/2200
f 1544/1544/1536 1604/1604/1596 1545/1545/1537
f 1696/1696/1688 1704/1704/1696 1661/1661/1653
f 1702/1702/1694 1994/1994/1984 2103/2103/2093
f 2213/2213/2201 2016/2016/2006 1812/1812/1804
f 2187/2187/2175 2205/2205/2193 1665/1665/1657
f 2016/2016/2006 2007/2007/1997 1812/1812/1804
f 2214/2214/2202 1704/1704/1696 2209/2209/2197
f 1544/1544/1536 1869/1869/1859 1898/1898/1888
f 2213/2213/2201 2215/2215/2203 2016/2016/2006
f 2096/2096/2086 2216/2216/2204 2071/2071/2061
f 2217/2217/2205 2204/2204/2192 1789/1789/1781
f 2217/2217/2205 1789/1789/1781 1788/1788/1780
f 2018/2018/2008 2016/2016/2006 2215/2215/2203
f 2205/2205/2193 2187/2187/2175 2086/2086/2076
f 2096/2096/2086 1645/1645/1637 2216/2216/2204
f 1704/1704/1696 2214/2214/2202 1683/1683/1675
f 2218/2218/2206 1698/1698/1690 2083/2083/2073
f 1666/1666/1658 1683/1683/1675 2214/2214/2202
f 1775/1775/1767 2219/2219/2207 1782/1782/1774
f 2219/2219/2207 1926/1926/1916 1782/1782/1774
f 1704/1704/1696 1696/1696/1688 2209/2209/2197
f 2218/2218/2206 2083/2083/2073 2207/2207/2195
f 1788/1788/1780 1656/1656/1648 1649/1649/1641
f 1666/1666/1658 2214/2214/2202 1646/1646/1638
f 2217/2217/2205 1788/1788/1780 1649/1649/1641
f 2217/2217/2205 1649/1649/1641 1651/1651/1643
f 2205/2205/2193 2086/2086/2076 2081/2081/2071
f 2198/2198/2186 1642/1642/1634 1645/1645/1637
f 2209/2209/2197 2071/2071/2061 2216/2216/2204
f 2083/2083/2073 2085/2085/2075 2207/2207/2195
f 1775/1775/1767 1787/1787/1779 1832/1832/1824
f 2216/2216/2204 1646/1646/1638 2214/2214/2202
f 1832/1832/1824 1825/1825/1817 2095/2095/2085
f 1775/1775/1767 1832/1832/1824 2219/2219/2207
f 2214/2214/2202 2209/2209/2197 2216/2216/2204
f 1963/1963/1953 1938/1938/1928 2219/2219/2207
f 1832/1832/1824 1963/1963/1953 2219/2219/2207
f 2079/2079/2069 2078/2078/2068 2088/2088/2078
f 1713/1713/1705 1622/1622/1614 1631/1631/1623
f 2216/2216/2204 1645/1645/1637 1646/1646/1638
f 2198/2198/2186 2201/2201/2189 1648/1648/1640
f 1648/1648/1640 1642/1642/1634 2198/2198/2186
f 1631/1631/1623 1844/1844/1836 1713/1713/1705
f 1938/1938/1928 1926/1926/1916 2219/2219/2207
f 2009/2009/1999 2095/2095/2085 2045/2045/2035
f 2095/2095/2085 2009/2009/1999 1832/1832/1824
f 1682/1682/1674 1713/1713/1705 1695/1695/1687
f 1963/1963/1953 1832/1832/1824 2009/2009/1999
f 1582/1582/1574 2100/2100/2090 1631/1631/1623
f 1716/1716/1708 1722/1722/1714 1920/1920/1910
f 1695/1695/1687 1713/1713/1705 1844/1844/1836
f 1844/1844/1836 2008/2008/1998 1695/1695/1687
f 1844/1844/1836 1631/1631/1623 2100/2100/2090
f 2215/2215/2203 2043/2043/2033 2018/2018/2008
f 2220/2220/2208 2043/2043/2033 2215/2215/2203
f 1813/1813/1805 1812/1812/1804 2008/2008/1998
f 2054/2054/2044 2136/2136/2126 2100/2100/2090
f 1813/1813/1805 2008/2008/1998 1844/1844/1836
f 2054/2054/2044 2203/2203/2191 2136/2136/2126
f 2221/2221/2209 2215/2215/2203 2213/2213/2201
f 2220/2220/2208 2215/2215/2203 2221/2221/2209
f 1812/1812/1804 1811/1811/1803 2213/2213/2201
f 2221/2221/2209 1875/1875/1865 2220/2220/2208
f 2213/2213/2201 1850/1850/1840 1876/1876/1866
f 1876/1876/1866 2221/2221/2209 2213/2213/2201
f 1875/1875/1865 2221/2221/2209 1876/1876/1866
f 2213/2213/2201 1811/1811/1803 1850/1850/1840
f 1714/1714/1706 1920/1920/1910 1919/1919/1909
f 1910/1910/1900 1909/1909/1899 2004/2004/1994
f 1714/1714/1706 1716/1716/1708 1920/1920/1910
o beak_up
v 0.075285 0.729395 4.002531
v 0.072774 0.748916 4.007075
v 0.064212 0.716741 4.012003
v 0.025425 0.744313 4.032619
v 0.012701 0.743145 4.033437
v 0.018573 0.696885 4.027939
v 0.041512 0.718924 4.025685
v 0.054685 0.660100 4.012521
v 0.051327 0.766762 4.026600
v 0.029494 0.670336 4.023618
v 0.035461 0.753678 4.031354
v 0.071647 0.714016 4.004309
v 0.077381 0.650574 3.990410
v 0.066707 0.659264 4.003299
v 0.042204 0.659841 4.018467
v 0.091458 0.819708 3.977621
v 0.091169 0.834425 3.978074
v 0.087104 0.827084 3.992614
v 0.064212 0.716741 4.012003
v 0.079041 0.716853 3.995291
v 0.092496 0.830210 3.963992
v 0.091170 0.823093 3.947012
v 0.091128 0.838903 3.951382
v -0.046557 0.725664 4.003435
v -0.044995 0.652568 3.996935
v -0.038109 0.658379 4.004310
v -0.028880 0.689535 4.014640
v -0.024750 0.734973 4.022733
v -0.038109 0.658379 4.004310
v 0.088639 0.789866 3.983662
v 0.087765 0.840015 3.938645
v 0.087909 0.911507 3.946449
v 0.091842 0.791853 3.969239
v -0.051388 0.703296 3.993934
v 0.084337 0.731307 3.987671
v 0.080307 0.779563 4.000817
v 0.080100 0.861861 4.010106
v 0.092268 0.802600 3.957572
v -0.055379 0.733910 3.991841
v -0.053880 0.794176 4.000823
v -0.056563 0.693154 3.983998
v 0.091361 0.804517 3.949047
v -0.060669 0.743741 3.980725
v -0.037303 0.924248 3.913838
v -0.020823 0.938154 3.906420
v -0.020506 0.913870 3.901762
v -0.065098 0.752215 3.956319
v -0.065180 0.657878 3.945314
v -0.063905 0.716935 3.965186
v -0.061929 0.670273 3.923701
v -0.064287 0.690453 3.936862
v -0.061458 0.768940 3.933219
v -0.003803 0.949959 3.904006
v -0.008175 0.923742 3.898426
v 0.012726 0.953826 3.902950
v 0.015228 0.922779 3.895204
v 0.002924 0.924269 3.895976
v 0.086349 0.884693 4.000460
v -0.032874 0.893062 3.907481
v -0.040070 0.891473 3.913138
v 0.089669 0.916129 3.994725
v 0.008069 0.685720 4.026676
v 0.092099 0.910102 3.980700
v 0.000217 0.763420 4.034592
v -0.021526 0.902287 3.901470
v -0.029711 0.806234 3.895262
v -0.048655 0.919610 3.925719
v -0.057215 0.672759 3.911917
v -0.057155 0.774495 3.923288
v -0.018270 0.712220 4.023047
v -0.009273 0.871284 3.893207
v -0.011759 0.794336 4.035034
v 0.002111 0.868156 3.890386
v -0.018420 0.648892 4.015861
v -0.057503 0.540885 3.903138
v -0.058800 0.526111 3.916894
v -0.063295 0.543258 3.922471
v 0.091423 0.657712 3.957080
v -0.038164 0.949751 3.923343
v -0.026227 0.948016 3.913175
v -0.001689 0.661022 4.022467
v -0.000851 0.970660 3.912852
v -0.016820 0.964357 3.914919
v 0.015685 0.974716 3.913619
v -0.009259 0.984791 3.925607
v 0.014076 0.876907 3.890355
v 0.001732 0.987846 3.924575
v 0.014273 0.993906 3.929093
v -0.027014 0.970567 3.925140
v -0.025653 0.986844 3.938902
v -0.049463 0.935711 3.931227
v -0.048655 0.919610 3.925719
v -0.057686 0.916092 3.939372
v 0.021329 0.873719 4.047864
v 0.011305 0.870067 4.047901
v -0.017665 0.825612 3.890852
v -0.049463 0.935711 3.931227
v 0.030023 0.818433 4.040319
v 0.038770 0.939337 3.903215
v 0.025877 0.925078 3.896548
v 0.024306 0.942029 3.900203
v -0.016199 0.827913 4.037185
v -0.027476 0.829645 4.031530
v -0.028026 0.808802 4.029625
v -0.060210 0.941536 3.991325
v -0.059203 0.951435 3.974155
v -0.065258 0.920241 3.974691
v -0.048438 0.958178 3.941450
v -0.055614 0.935654 3.942317
v -0.058398 0.946459 3.957365
v 0.041167 0.920502 3.899776
v 0.053677 0.927957 3.906871
v -0.062408 0.930643 3.958799
v 0.073007 0.921155 3.921828
v 0.062201 0.925322 3.912384
v 0.064205 0.951155 3.922257
v 0.047287 0.956691 3.912816
v -0.054965 0.889086 3.932040
v -0.028445 0.903567 4.039771
v -0.038164 0.949751 3.923343
v 0.073007 0.921155 3.921828
v 0.075971 0.944276 3.933939
v 0.084413 0.933530 3.943003
v 0.064205 0.951155 3.922257
v 0.035129 0.731561 3.876640
v 0.047451 0.661424 3.873206
v 0.036966 0.654542 3.868320
v -0.059397 0.885497 3.941003
v -0.014847 0.881590 4.043779
v -0.052400 0.810744 3.919035
v -0.039667 0.831060 4.022692
v -0.036632 0.807909 3.900840
v 0.022106 0.678365 3.867962
v 0.015849 0.676330 3.867451
v 0.018792 0.734978 3.874148
v -0.039667 0.831060 4.022692
v -0.040849 0.907748 4.030307
v -0.048852 0.912482 4.021851
v -0.049385 0.830616 4.011589
v -0.062979 0.881567 3.951830
v -0.039642 0.967956 3.936505
v -0.053556 0.964106 3.986561
v -0.050576 0.960290 4.003548
v -0.034785 0.799562 4.023046
v -0.025403 0.785423 4.027681
v -0.044737 0.811318 4.015885
v -0.044723 0.799795 4.013888
v 0.031045 0.960759 3.908394
v -0.050734 0.968638 3.960671
v -0.056407 0.908273 4.009464
v -0.049023 0.974801 3.975556
v -0.043884 0.979024 3.994094
v 0.038998 0.969508 3.915704
v 0.055208 0.973375 3.928155
v 0.066575 0.968182 3.936619
v 0.025751 0.980787 3.919154
v -0.044737 0.811318 4.015885
v 0.038573 0.896751 3.896601
v 0.026718 0.764912 3.878488
v 0.066575 0.968182 3.936619
v 0.075048 0.959245 3.941941
v 0.042968 0.982273 3.926698
v 0.072139 0.816684 4.015706
v 0.076356 0.903617 4.020428
v -0.040849 0.907748 4.030307
v -0.000184 0.826162 3.885189
v 0.089141 0.794406 3.937584
v 0.089076 0.595075 3.914936
v 0.085559 0.661046 3.912395
v 0.078818 0.737445 3.908998
v 0.084019 0.800552 3.925427
v 0.039408 0.812539 4.037315
v -0.044723 0.799795 4.013888
v -0.047310 0.930235 4.022168
v -0.056825 0.923776 4.007977
v -0.063578 0.912038 3.991667
v 0.003131 0.815365 3.883973
v -0.006885 0.802149 3.884431
v 0.049519 0.741090 3.883272
v 0.058375 0.724684 3.886928
v 0.091274 0.662446 3.931968
v -0.053101 0.943204 4.009418
v 0.092388 0.676991 3.946093
v -0.002077 0.880383 4.047469
v 0.069022 0.952700 4.022214
v 0.058187 0.964444 4.027509
v 0.059087 0.937223 4.036548
v 0.040733 0.776275 3.883520
v 0.049561 0.899841 3.901633
v 0.050727 0.827044 3.893742
v 0.050176 0.983846 4.019856
v 0.058627 0.988553 4.004503
v 0.039945 0.996131 4.014565
v 0.063610 0.973174 4.015925
v 0.048474 0.956996 4.037449
v 0.058187 0.964444 4.027509
v 0.043804 0.972700 4.032804
v 0.090892 0.930825 3.978798
v 0.092216 0.913891 3.968743
v 0.090148 0.932370 3.964465
v 0.084004 0.909765 4.009774
v 0.086849 0.935432 3.998353
v 0.082275 0.840187 3.926560
v 0.085834 0.824712 3.931176
v 0.059087 0.937223 4.036548
v 0.071286 0.973637 4.002717
v 0.068379 0.984533 3.988603
v 0.091065 0.917050 3.959459
v 0.072748 0.896961 3.919467
v 0.070262 0.770625 3.902375
v 0.064225 0.817958 3.901999
v 0.062176 0.886574 3.908067
v 0.058442 0.995198 3.988362
v 0.004621 0.743779 3.875467
v 0.070297 0.929815 4.027221
v 0.076176 0.943259 4.016499
v 0.053381 0.817566 4.031172
v 0.072748 0.896961 3.919467
v 0.081360 0.916454 3.933309
v 0.058627 0.988553 4.004503
v 0.049091 0.998715 3.999628
v 0.039945 0.996131 4.014565
v 0.048901 0.930645 4.043829
v 0.078483 0.957913 4.004286
v 0.061352 0.884168 4.033452
v 0.078202 0.823551 3.917921
v -0.008559 0.691766 3.872447
v 0.050176 0.983846 4.019856
v 0.061352 0.884168 4.033452
v -0.048252 0.758665 3.907207
v -0.052215 0.644140 3.899411
v -0.064914 0.888242 3.975305
v -0.063664 0.910904 3.955677
v 0.033668 0.741671 3.876930
v 0.009880 0.917477 4.052735
v 0.028996 0.904478 4.050665
v 0.029612 0.930236 4.050544
v 0.011710 0.896316 4.051416
v -0.064681 0.877782 3.962277
v 0.046854 0.903861 4.045189
v -0.042993 0.759126 3.901221
v -0.038492 0.710103 3.891069
v 0.079035 0.923141 4.017198
v -0.062427 0.892519 3.992263
v 0.070262 0.770625 3.902375
v -0.065061 0.825937 3.969903
v 0.029404 0.993391 3.931569
v 0.033096 0.880786 4.046627
v 0.009774 0.943272 4.050613
v -0.063956 0.806989 3.948754
v 0.046348 0.880851 4.041997
v 0.033408 0.953541 4.045384
v 0.025912 0.974062 4.038273
v 0.021248 0.963017 4.044165
v 0.004986 0.961832 4.044431
v 0.034698 0.984932 4.028541
v 0.039945 0.996131 4.014565
v 0.006453 0.977436 4.037375
v 0.018768 0.990083 4.028696
v 0.034698 0.984932 4.028541
v -0.046055 0.673907 3.894472
v 0.018768 0.990083 4.028696
v -0.048252 0.758665 3.907207
v 0.076334 0.972450 3.988504
v 0.003749 0.681127 3.868649
v 0.006518 0.649566 3.864453
v -0.006005 0.663886 3.868337
v 0.056898 0.814384 3.896247
v 0.062240 0.748557 3.892390
v -0.046055 0.673907 3.894472
v 0.065812 0.909923 4.032969
v 0.065812 0.909923 4.032969
v -0.035055 0.930658 4.034995
v -0.051843 0.516948 3.903439
v -0.045331 0.498758 3.909714
v -0.052968 0.506952 3.923817
v -0.035055 0.930658 4.034995
v -0.020930 0.910083 4.044644
v -0.000103 1.011400 3.988474
v -0.017720 1.002905 3.994709
v -0.010298 1.002593 4.005647
v 0.012334 1.008831 4.003279
v -0.058887 0.835111 3.995191
v -0.060635 0.815638 3.989388
v -0.003454 0.992269 4.023782
v 0.007203 1.000468 4.016645
v -0.020234 0.988011 4.018589
v 0.020949 1.012295 3.988496
v -0.062535 0.833671 3.984282
v -0.005556 0.903790 4.049854
v -0.008981 0.930081 4.048638
v -0.023298 0.939891 4.041324
v -0.029060 0.994403 3.997201
v -0.038339 0.988614 3.984393
v -0.043884 0.979024 3.994094
v -0.064117 0.802801 3.973513
v -0.049023 0.974801 3.975556
v -0.036049 0.991438 3.967772
v -0.040303 0.980677 3.953102
v -0.050734 0.968638 3.960671
v -0.039642 0.967956 3.936505
v -0.048438 0.958178 3.941450
v -0.025293 0.993990 3.949607
v -0.025653 0.986844 3.938902
v -0.039642 0.967956 3.936505
v -0.064997 0.806688 3.959784
v 0.000217 0.763420 4.034592
v -0.005556 0.903790 4.049854
v -0.002077 0.880383 4.047469
v 0.006313 1.013043 3.972840
v 0.007314 1.009989 3.956605
v -0.009934 1.006851 3.958905
v -0.010961 1.008715 3.980564
v -0.022156 1.002651 3.968585
v -0.025950 1.000011 3.983146
v 0.024086 1.004479 3.944755
v 0.014273 0.993906 3.929093
v 0.001613 1.002451 3.942405
v 0.020370 1.011007 3.960532
v -0.009200 0.997077 3.939861
v 0.001732 0.987846 3.924575
v -0.009259 0.984791 3.925607
v -0.052345 0.588634 3.893574
v -0.056645 0.612420 3.904142
v -0.060740 0.656580 3.917554
v 0.072491 0.742409 3.901291
v 0.041229 0.830415 4.038242
v 0.066161 0.727103 3.893424
v -0.027552 0.957186 4.033792
v -0.042730 0.949537 4.022200
v -0.029003 0.589398 4.003144
v -0.038624 0.577045 3.994481
v -0.036982 0.554082 3.993759
v 0.058437 0.495062 3.970401
v 0.061481 0.484905 3.952919
v 0.069563 0.502825 3.963324
v 0.072035 0.533566 3.883633
v 0.083290 0.536750 3.901237
v 0.079916 0.520084 3.902419
v 0.029404 0.993391 3.931569
v -0.028902 0.665679 3.878525
v -0.017405 0.677092 3.874021
v 0.079343 0.518247 3.959975
v 0.074409 0.529045 3.976249
v 0.075045 0.501644 3.948323
v 0.077728 0.551315 3.887430
v 0.035205 1.006338 3.998551
v 0.047993 1.004020 3.982101
v 0.029653 1.012103 3.976665
v 0.063054 0.512891 3.980247
v 0.040630 1.006369 3.962734
v -0.064831 0.591150 3.932152
v 0.044538 0.996245 3.943684
v 0.077977 0.502002 3.933412
v 0.066142 0.485685 3.918978
v 0.075438 0.501182 3.912840
v 0.067450 0.487607 3.939959
v 0.056559 0.475774 3.932668
v -0.064496 0.596636 3.946019
v 0.044538 0.996245 3.943684
v 0.049591 0.479556 3.960773
v 0.058437 0.495062 3.970401
v 0.046118 0.494326 3.981467
v -0.061721 0.649395 3.966689
v 0.072491 0.742409 3.901291
v 0.049591 0.479556 3.960773
v -0.062774 0.583241 3.954556
v 0.084856 0.957061 3.973247
v -0.063599 0.587993 3.921915
v -0.052441 0.638519 3.985633
v 0.085075 0.953191 3.985869
v -0.059071 0.584227 3.966646
v 0.083209 0.953562 3.956501
v -0.027552 0.957186 4.033792
v -0.010654 0.972676 4.035848
v -0.028361 0.975151 4.022795
v -0.020234 0.988011 4.018589
v -0.038714 0.963572 4.019837
v -0.028361 0.975151 4.022795
v -0.037046 0.979123 4.008930
v -0.037046 0.979123 4.008930
v -0.028361 0.975151 4.022795
v 0.054549 0.997473 3.961725
v 0.047993 1.004020 3.982101
v 0.062352 0.992495 3.970987
v 0.054549 0.997473 3.961725
v 0.058830 0.984831 3.943712
v 0.049091 0.998715 3.999628
v 0.025872 1.001630 4.013228
v 0.070586 0.978121 3.954714
v 0.045711 0.473694 3.905621
v 0.032754 0.476232 3.889948
v 0.050692 0.488327 3.888055
v 0.033883 0.468138 3.906114
v 0.015769 0.465082 3.904226
v 0.075181 0.976723 3.969674
v 0.016663 0.473491 3.889648
v 0.025161 0.461239 3.922124
v -0.003454 0.992269 4.023782
v 0.078613 0.572919 3.889318
v 0.084490 0.598469 3.903741
v 0.087521 0.562552 3.904741
v 0.081380 0.614375 3.899193
v -0.009557 0.952022 4.044340
v 0.017791 0.488090 3.874840
v 0.005368 0.480214 3.882503
v 0.074334 0.591269 3.886553
v 0.058212 0.483584 3.905290
v 0.047022 0.470355 3.916483
v -0.052497 0.549502 3.891649
v -0.061016 0.563192 3.907016
v -0.053053 0.569015 3.891314
v 0.074715 0.654952 3.894024
v 0.066161 0.727103 3.893424
v 0.026196 0.484390 3.980689
v 0.037762 0.476015 3.965945
v 0.066707 0.659264 4.003299
v 0.072735 0.580759 3.987972
v 0.079495 0.585747 3.979361
v 0.078693 0.556686 3.978451
v 0.086120 0.563576 3.965468
v 0.084158 0.583641 3.971233
v 0.085481 0.543536 3.961763
v 0.008964 0.461457 3.943849
v 0.007652 0.460887 3.922414
v 0.051449 0.644969 3.873614
v 0.026890 0.465743 3.952463
v 0.027572 0.462297 3.938555
v -0.008317 0.579337 4.011661
v -0.038649 0.492042 3.955424
v -0.051667 0.512807 3.955538
v -0.049594 0.501138 3.941165
v -0.034411 0.497168 3.969730
v -0.046019 0.515620 3.968847
v 0.042568 0.466852 3.932779
v 0.066854 0.589984 3.878439
v -0.049594 0.501138 3.941165
v -0.042572 0.489475 3.928205
v -0.034772 0.482336 3.942842
v -0.033829 0.479650 3.927793
v 0.066854 0.589984 3.878439
v 0.058821 0.595115 3.872596
v 0.051221 0.565682 3.864162
v 0.047022 0.470355 3.916483
v 0.058212 0.483584 3.905290
v -0.028027 0.644911 4.010688
v 0.056559 0.475774 3.932668
v 0.043963 0.470290 3.947735
v -0.038649 0.492042 3.955424
v 0.061481 0.484905 3.952919
v 0.029737 0.607882 3.861449
v 0.018644 0.593536 3.858164
v 0.021588 0.470112 3.964168
v -0.042572 0.489475 3.928205
v -0.026533 0.480326 3.956219
v 0.049591 0.479556 3.960773
v -0.014838 0.482585 3.971822
v -0.034411 0.497168 3.969730
v -0.024824 0.500645 3.981611
v 0.040894 0.566160 3.859653
v 0.037762 0.476015 3.965945
v -0.045331 0.498758 3.909714
v -0.036497 0.486051 3.912332
v -0.006246 0.512428 3.864676
v -0.001183 0.492883 3.873344
v -0.013574 0.498753 3.874091
v 0.021588 0.470112 3.964168
v 0.005251 0.594556 3.858502
v 0.006883 0.481933 3.979793
v -0.028507 0.484449 3.899008
v -0.025661 0.495053 3.885049
v -0.012774 0.484067 3.885682
v -0.016642 0.475587 3.899947
v -0.013574 0.498753 3.874091
v -0.001183 0.492883 3.873344
v -0.038103 0.500117 3.893766
v -0.049836 0.529244 3.892632
v -0.040230 0.518071 3.884246
v -0.024759 0.474983 3.913402
v -0.030674 0.533504 3.870708
v -0.028913 0.510946 3.877047
v -0.040230 0.518071 3.884246
v -0.021821 0.518438 3.869243
v 0.010117 0.510826 3.862006
v 0.017791 0.488090 3.874840
v 0.039147 0.572588 4.009753
v 0.051490 0.639619 4.012199
v 0.035514 0.638876 4.018580
v 0.049417 0.577758 4.005809
v -0.028913 0.510946 3.877047
v -0.025661 0.495053 3.885049
v 0.065869 0.569328 3.874371
v 0.065869 0.569328 3.874371
v -0.007392 0.531563 3.859345
v 0.013316 0.537630 3.855239
v -0.042160 0.541380 3.879077
v -0.038103 0.500117 3.893766
v -0.028913 0.510946 3.877047
v -0.042160 0.541380 3.879077
v 0.005368 0.480214 3.882503
v -0.019457 0.539779 3.863060
v 0.063532 0.548092 3.872833
v 0.063532 0.548092 3.872833
v 0.049520 0.544596 3.863714
v 0.019067 0.641751 4.021940
v -0.018747 0.579119 4.007617
v -0.045917 0.589628 3.988181
v -0.038624 0.577045 3.994481
v 0.058830 0.984831 3.943712
v 0.058830 0.984831 3.943712
v 0.088440 0.649855 3.968557
v 0.056771 0.629974 4.007557
v 0.084395 0.520515 3.947196
v 0.017213 0.567788 3.854768
v 0.031132 0.549105 3.856633
v 0.034811 0.530332 3.859869
v 0.083634 0.516489 3.921872
v 0.005212 0.582927 4.014799
v 0.092805 0.557585 3.934529
v 0.088159 0.527785 3.933753
v 0.088581 0.537693 3.916493
v -0.064940 0.563359 3.924777
v -0.000756 0.470252 3.897025
v -0.065347 0.562269 3.937147
v -0.063154 0.559173 3.952878
v 0.057787 0.534351 3.994354
v 0.029074 0.573081 3.856672
v -0.061098 0.586243 3.911716
v 0.090731 0.551652 3.949080
v -0.013189 0.556677 3.859350
v -0.017811 0.572592 3.861445
v 0.001325 0.562633 3.855154
v -0.043559 0.562244 3.878880
v -0.063048 0.542140 3.940366
v -0.043559 0.562244 3.878880
v -0.032121 0.561115 3.868805
v 0.068812 0.554280 3.989701
v -0.057337 0.553751 3.967579
v -0.048477 0.554142 3.982209
v -0.052184 0.582253 3.979217
v -0.008753 0.594134 3.861271
v -0.020703 0.593703 3.865997
v -0.020516 0.654709 3.872535
v 0.046645 0.553656 4.005140
v 0.027254 0.549775 4.010739
v 0.038784 0.528760 4.002540
v -0.006862 0.466309 3.910186
v -0.018104 0.468332 3.925403
v 0.030997 0.502585 3.993028
v 0.017143 0.495504 3.990901
v 0.092290 0.583282 3.938656
v 0.046208 0.513714 3.993257
v 0.063054 0.512891 3.980247
v 0.057787 0.534351 3.994354
v 0.005443 0.555114 4.012309
v 0.007324 0.530647 4.007413
v 0.088545 0.593305 3.961133
v 0.022767 0.516260 4.001948
v 0.091698 0.595840 3.927603
v 0.091745 0.562110 3.921215
v 0.002940 0.509813 3.998571
v 0.068812 0.554280 3.989701
v 0.059170 0.552713 3.997310
v -0.042820 0.643787 3.887700
v -0.033304 0.643156 3.879322
v -0.006830 0.463485 3.927461
v -0.007774 0.464935 3.941861
v -0.020867 0.471166 3.942185
v 0.027529 0.509604 3.863646
v 0.045063 0.525453 3.865018
v 0.050692 0.488327 3.888055
v 0.049867 0.506128 3.874784
v 0.066153 0.514132 3.884706
v -0.024628 0.557053 4.002681
v 0.066153 0.514132 3.884706
v 0.066436 0.498946 3.896404
v 0.050692 0.488327 3.888055
v 0.057337 0.525139 3.872318
v 0.072035 0.533566 3.883633
v 0.003288 0.470240 3.964009
v -0.009946 0.471041 3.957545
v -0.034411 0.497168 3.969730
v -0.024824 0.500645 3.981611
v -0.035706 0.520007 3.984239
v 0.022454 0.574631 4.013912
v -0.005610 0.496971 3.989445
v -0.020654 0.517505 3.993970
v -0.052215 0.644140 3.899411
v 0.006883 0.481933 3.979793
v -0.013890 0.543780 4.005827
v -0.028495 0.538938 3.996622
v -0.042949 0.534243 3.983070
v -0.053353 0.530831 3.965917
v -0.060011 0.538067 3.952682
v -0.035706 0.520007 3.984239
v -0.059350 0.523296 3.938061
v 0.064649 0.577092 3.995520
v 0.035347 0.494070 3.874885
v -0.011034 0.520992 3.999639
v 0.032754 0.476232 3.889948
v 0.064649 0.577092 3.995520
v -0.036982 0.554082 3.993759
v -0.014838 0.482585 3.971822
v -0.042949 0.534243 3.983070
vn 0.7803 -0.0734 0.6211
vn 0.7351 -0.0693 0.6744
vn 0.7015 -0.0795 0.7082
vn 0.1484 -0.1103 0.9827
vn -0.0071 -0.1114 0.9937
vn 0.0599 -0.1139 0.9917
vn 0.3520 -0.1061 0.9300
vn 0.5229 -0.0971 0.8468
vn 0.4694 -0.1033 0.8769
vn 0.2120 -0.1089 0.9712
vn 0.2908 -0.1062 0.9509
vn 0.7401 -0.0827 0.6674
vn 0.8050 -0.0671 0.5894
vn 0.7378 -0.0775 0.6706
vn 0.3668 -0.0994 0.9250
vn 0.9828 -0.0108 0.1845
vn 0.9843 -0.0098 0.1765
vn 0.9301 -0.0351 0.3657
vn 0.5759 -0.0903 0.8125
vn 0.8321 -0.0675 0.5505
vn 1.0000 0.0057 -0.0026
vn 0.9795 0.0277 -0.1993
vn 0.9848 0.0308 -0.1707
vn -0.7675 -0.0736 0.6368
vn -0.7452 -0.0767 0.6624
vn -0.6978 -0.0813 0.7116
vn -0.5403 -0.0931 0.8363
vn -0.4918 -0.0987 0.8651
vn -0.6100 -0.0857 0.7877
vn 0.9578 -0.0392 0.2848
vn 0.9415 0.0499 -0.3334
vn 0.9400 0.0592 -0.3361
vn 0.9926 -0.0196 0.1199
vn -0.8329 -0.0686 0.5491
vn 0.8947 -0.0499 0.4438
vn 0.8440 -0.0595 0.5330
vn 0.8518 -0.0620 0.5201
vn 0.9992 -0.0007 -0.0389
vn -0.8720 -0.0564 0.4862
vn -0.8565 -0.0606 0.5125
vn -0.8921 -0.0519 0.4487
vn 0.9896 0.0019 -0.1441
vn -0.9436 -0.0361 0.3292
vn -0.6417 0.1566 -0.7508
vn -0.4338 0.2453 -0.8670
vn -0.4418 0.1137 -0.8899
vn -0.9999 -0.0024 0.0151
vn -0.9999 -0.0008 0.0112
vn -0.9852 -0.0184 0.1705
vn -0.9685 0.0185 -0.2485
vn -0.9896 0.0167 -0.1426
vn -0.9538 0.0337 -0.2986
vn -0.2334 0.3264 -0.9160
vn -0.2862 0.1681 -0.9433
vn -0.0139 0.3600 -0.9329
vn 0.0223 0.1618 -0.9866
vn -0.1314 0.1772 -0.9754
vn 0.9219 -0.0501 0.3842
vn -0.5772 0.0864 -0.8120
vn -0.6848 0.0780 -0.7246
vn 0.9647 0.0380 0.2605
vn -0.0706 -0.1122 0.9912
vn 0.9951 0.0200 0.0963
vn -0.1693 -0.1114 0.9792
vn -0.4763 0.0725 -0.8763
vn -0.5482 0.0955 -0.8309
vn -0.7416 0.1264 -0.6588
vn -0.9044 0.0521 -0.4236
vn -0.8993 0.0494 -0.4345
vn -0.4074 -0.1094 0.9067
vn -0.2827 0.1103 -0.9529
vn -0.3298 -0.1106 0.9376
vn -0.1487 0.1192 -0.9817
vn -0.3928 -0.1016 0.9140
vn -0.9172 -0.1411 -0.3727
vn -0.9467 -0.2598 -0.1902
vn -0.9814 -0.1406 -0.1307
vn 0.9877 -0.0175 0.1554
vn -0.6354 0.3115 -0.7066
vn -0.5270 0.3164 -0.7887
vn -0.1813 -0.1106 0.9772
vn -0.1932 0.4953 -0.8470
vn -0.3971 0.4347 -0.8083
vn 0.0254 0.5334 -0.8455
vn -0.3440 0.5666 -0.7488
vn -0.0053 0.1097 -0.9940
vn -0.1177 0.5966 -0.7938
vn 0.0560 0.6474 -0.7601
vn -0.5453 0.4894 -0.6806
vn -0.5292 0.5732 -0.6256
vn -0.8326 0.2179 -0.5092
vn -0.8412 0.0995 -0.5316
vn -0.8989 0.0935 -0.4281
vn 0.1101 -0.1192 0.9868
vn -0.0341 -0.1180 0.9924
vn -0.3958 0.1044 -0.9124
vn -0.7336 0.2049 -0.6480
vn 0.2044 -0.1041 0.9733
vn 0.3237 0.2633 -0.9088
vn 0.1682 0.1693 -0.9711
vn 0.1424 0.2730 -0.9514
vn -0.3988 -0.0997 0.9116
vn -0.5253 -0.0827 0.8469
vn -0.5241 -0.1001 0.8457
vn -0.9555 0.2078 0.2092
vn -0.9549 0.2966 -0.0170
vn -0.9960 0.0881 0.0145
vn -0.8271 0.3209 -0.4615
vn -0.8920 0.2052 -0.4027
vn -0.9314 0.2774 -0.2357
vn 0.3383 0.1408 -0.9304
vn 0.4956 0.1907 -0.8473
vn -0.9666 0.1632 -0.1976
vn 0.6847 0.1286 -0.7174
vn 0.6250 0.1604 -0.7640
vn 0.5863 0.3359 -0.7372
vn 0.4454 0.3675 -0.8164
vn -0.8707 0.0504 -0.4892
vn -0.5478 -0.0667 0.8340
vn -0.7536 0.3177 -0.5755
vn 0.8103 0.1317 -0.5710
vn 0.7990 0.2669 -0.5388
vn 0.9002 0.1877 -0.3930
vn 0.7515 0.3029 -0.5862
vn 0.2721 0.0947 -0.9576
vn 0.4298 0.0972 -0.8977
vn 0.2940 0.1034 -0.9502
vn -0.9293 0.0347 -0.3676
vn -0.3615 -0.1112 0.9257
vn -0.8439 0.0591 -0.5333
vn -0.6066 -0.0862 0.7903
vn -0.6403 0.0861 -0.7633
vn 0.1213 0.1094 -0.9866
vn 0.0046 0.1090 -0.9940
vn 0.0668 0.1079 -0.9919
vn -0.7498 -0.0600 0.6590
vn -0.7334 -0.0264 0.6793
vn -0.7924 -0.0004 0.6099
vn -0.7971 -0.0599 0.6009
vn -0.9724 0.0181 -0.2324
vn -0.6431 0.4663 -0.6074
vn -0.9067 0.3973 0.1413
vn -0.8550 0.3593 0.3740
vn -0.6309 -0.1008 0.7693
vn -0.4862 -0.1006 0.8680
vn -0.6515 -0.1023 0.7518
vn -0.6754 -0.1034 0.7302
vn 0.2212 0.4083 -0.8857
vn -0.9141 0.3731 -0.1589
vn -0.8902 -0.0223 0.4551
vn -0.8990 0.4371 0.0268
vn -0.8413 0.4699 0.2672
vn 0.3405 0.4925 -0.8010
vn 0.5607 0.5122 -0.6506
vn 0.6545 0.4784 -0.5855
vn 0.1724 0.5956 -0.7846
vn -0.7988 -0.0686 0.5976
vn 0.3177 0.1026 -0.9426
vn 0.1685 0.1205 -0.9783
vn 0.7503 0.4488 -0.4855
vn 0.8137 0.3796 -0.4402
vn 0.4019 0.6112 -0.6818
vn 0.7431 -0.0744 0.6651
vn 0.7876 -0.0451 0.6145
vn -0.6156 -0.0455 0.7867
vn -0.1641 0.1076 -0.9806
vn 0.9565 0.0284 -0.2904
vn 0.9581 0.0410 -0.2835
vn 0.9128 0.0466 -0.4057
vn 0.8325 0.0634 -0.5503
vn 0.8970 0.0445 -0.4397
vn 0.3343 -0.0995 0.9372
vn -0.7944 -0.0902 0.6007
vn -0.7831 0.1140 0.6114
vn -0.9004 0.0833 0.4271
vn -0.9707 0.0224 0.2394
vn -0.1053 0.0988 -0.9895
vn -0.2610 0.1078 -0.9593
vn 0.4557 0.1000 -0.8845
vn 0.5724 0.0906 -0.8149
vn 0.9871 0.0185 -0.1591
vn -0.8687 0.2096 0.4488
vn 1.0000 0.0003 -0.0084
vn -0.2845 -0.1211 0.9510
vn 0.7305 0.2845 0.6209
vn 0.6550 0.3762 0.6553
vn 0.6759 0.1685 0.7174
vn 0.3474 0.1124 -0.9310
vn 0.4609 0.0906 -0.8828
vn 0.4794 0.0991 -0.8720
vn 0.5817 0.6038 0.5451
vn 0.6640 0.6385 0.3892
vn 0.5439 0.6703 0.5048
vn 0.6901 0.4772 0.5441
vn 0.4697 0.3021 0.8296
vn 0.5390 0.3848 0.7493
vn 0.4150 0.4634 0.7830
vn 0.9872 0.1465 0.0636
vn 0.9980 0.0442 -0.0458
vn 0.9757 0.1728 -0.1346
vn 0.8886 -0.0060 0.4587
vn 0.9374 0.1657 0.3064
vn 0.8816 0.0578 -0.4684
vn 0.9108 0.0478 -0.4101
vn 0.5292 0.1557 0.8341
vn 0.7928 0.4916 0.3602
vn 0.7722 0.6141 0.1630
vn 0.9796 0.0746 -0.1868
vn 0.7000 0.0679 -0.7109
vn 0.6824 0.0814 -0.7264
vn 0.6377 0.0917 -0.7648
vn 0.6152 0.0879 -0.7834
vn 0.6569 0.7368 0.1601
vn -0.1149 0.1115 -0.9871
vn 0.7305 0.1037 0.6750
vn 0.8224 0.2016 0.5320
vn 0.4969 -0.0967 0.8624
vn 0.8007 0.0671 -0.5952
vn 0.8592 0.0878 -0.5040
vn 0.5331 0.7163 0.4503
vn 0.4762 0.7992 0.3666
vn 0.3383 0.7821 0.5233
vn 0.4419 0.0944 0.8921
vn 0.8627 0.3357 0.3782
vn 0.5257 -0.0997 0.8448
vn 0.8191 0.0624 -0.5702
vn -0.2747 0.1096 -0.9553
vn 0.4572 0.5703 0.6824
vn 0.6455 -0.0961 0.7577
vn -0.8106 0.0675 -0.5817
vn -0.8767 0.0545 -0.4780
vn -0.9977 -0.0136 0.0665
vn -0.9752 0.0498 -0.2159
vn 0.2554 0.0908 -0.9626
vn -0.0454 0.0114 0.9989
vn 0.1913 -0.0591 0.9797
vn 0.2041 0.0888 0.9749
vn -0.0242 -0.1022 0.9945
vn -0.9962 0.0067 -0.0865
vn 0.4222 -0.0580 0.9046
vn -0.7224 0.0804 -0.6868
vn -0.6594 0.0857 -0.7469
vn 0.8325 0.0701 0.5495
vn -0.9633 -0.0390 0.2655
vn 0.7716 0.0727 -0.6320
vn -0.9959 -0.0125 0.0898
vn 0.2539 0.6774 -0.6904
vn 0.2531 -0.1206 0.9599
vn -0.0497 0.1893 0.9807
vn -0.9882 0.0161 -0.1526
vn 0.4203 -0.1149 0.9001
vn 0.2659 0.2740 0.9242
vn 0.1735 0.4773 0.8614
vn 0.0899 0.3647 0.9268
vn -0.1216 0.3542 0.9272
vn 0.3261 0.5658 0.7573
vn 0.4137 0.6283 0.6588
vn -0.0965 0.5165 0.8508
vn 0.1065 0.7459 0.6574
vn 0.2369 0.7128 0.6601
vn -0.7188 0.0783 -0.6908
vn 0.0383 0.5820 0.8123
vn -0.7520 0.0761 -0.6548
vn 0.8671 0.4711 0.1619
vn -0.1247 0.1178 -0.9852
vn -0.0853 0.1120 -0.9900
vn -0.2555 0.1117 -0.9603
vn 0.5461 0.0957 -0.8322
vn 0.6145 0.0899 -0.7838
vn -0.8033 0.0681 -0.5916
vn 0.5540 -0.0282 0.8320
vn 0.7326 -0.0147 0.6805
vn -0.7044 0.1318 0.6974
vn -0.8676 -0.3311 -0.3711
vn -0.8481 -0.4537 -0.2737
vn -0.8995 -0.4254 -0.0992
vn -0.5510 0.0723 0.8313
vn -0.4375 -0.0234 0.8989
vn -0.2032 0.9639 0.1718
vn -0.4640 0.8501 0.2492
vn -0.3533 0.8350 0.4218
vn -0.0188 0.9225 0.3855
vn -0.9251 -0.0411 0.3776
vn -0.9426 -0.0351 0.3321
vn -0.2391 0.7608 0.6034
vn -0.0923 0.8078 0.5822
vn -0.5205 0.6895 0.5037
vn 0.1020 0.9804 0.1684
vn -0.9686 -0.0295 0.2468
vn -0.2399 -0.0684 0.9684
vn -0.2892 0.0906 0.9530
vn -0.4719 0.1647 0.8661
vn -0.6193 0.7234 0.3053
vn -0.7414 0.6632 0.1025
vn -0.7587 0.6146 0.2157
vn -0.9881 -0.0171 0.1527
vn -0.8113 0.5826 -0.0489
vn -0.7097 0.6921 -0.1317
vn -0.7447 0.5798 -0.3307
vn -0.8103 0.5281 -0.2540
vn -0.7411 0.5183 -0.4268
vn -0.7873 0.4831 -0.3832
vn -0.5531 0.7425 -0.3779
vn -0.5523 0.6750 -0.4892
vn -0.7287 0.3614 -0.5817
vn -0.9998 -0.0023 -0.0213
vn 0.0629 0.1104 -0.9919
vn -0.1080 0.9920 -0.0657
vn -0.0953 0.9438 -0.3166
vn -0.3466 0.8972 -0.2737
vn -0.3738 0.9267 0.0387
vn -0.5284 0.8396 -0.1264
vn -0.5856 0.8060 0.0859
vn 0.1531 0.8685 -0.4714
vn -0.0282 0.7981 -0.6018
vn -0.1678 0.8417 -0.5132
vn 0.1112 0.9626 -0.2471
vn -0.3398 0.7724 -0.5366
vn -0.2098 0.7500 -0.6273
vn -0.3184 0.7187 -0.6181
vn -0.8168 0.0794 -0.5714
vn -0.8968 0.0485 -0.4398
vn -0.9405 0.0399 -0.3373
vn 0.6822 0.0863 -0.7260
vn 0.3539 -0.1034 0.9295
vn 0.6359 0.0834 -0.7673
vn -0.6541 0.2979 0.6953
vn -0.7438 0.2518 0.6191
vn -0.5412 -0.0920 0.8358
vn -0.6128 -0.0745 0.7868
vn -0.5869 -0.1437 0.7968
vn 0.6680 -0.5563 0.4943
vn 0.7065 -0.6208 0.3398
vn 0.7561 -0.4844 0.4402
vn 0.8044 -0.1796 -0.5662
vn 0.8986 -0.1619 -0.4079
vn 0.8727 -0.2991 -0.3859
vn 0.2042 0.7882 -0.5805
vn -0.5389 0.0976 -0.8367
vn -0.3977 0.1077 -0.9112
vn 0.8565 -0.3485 0.3807
vn 0.7776 -0.2704 0.5677
vn 0.8356 -0.4925 0.2433
vn 0.8138 -0.0611 -0.5780
vn 0.3182 0.8960 0.3096
vn 0.4356 0.8976 0.0673
vn 0.2369 0.9715 -0.0091
vn 0.7120 -0.3844 0.5876
vn 0.3954 0.8907 -0.2244
vn -0.9985 0.0149 -0.0536
vn 0.4483 0.6696 -0.5922
vn 0.8769 -0.4794 0.0337
vn 0.7412 -0.6528 -0.1562
vn 0.8449 -0.4776 -0.2409
vn 0.7658 -0.6313 0.1224
vn 0.6818 -0.7315 -0.0077
vn -0.9946 -0.0078 0.1034
vn 0.4311 0.8032 -0.4111
vn 0.4818 -0.6730 0.5612
vn 0.5647 -0.5768 0.5903
vn 0.4380 -0.5792 0.6875
vn -0.9571 -0.0328 0.2877
vn 0.7828 0.0783 -0.6173
vn 0.6028 -0.6399 0.4767
vn -0.9700 -0.0110 0.2427
vn 0.9382 0.3442 -0.0357
vn -0.9819 0.0297 -0.1873
vn -0.8404 -0.0626 0.5383
vn 0.9408 0.3024 0.1530
vn -0.9212 -0.0380 0.3873
vn 0.9105 0.3278 -0.2522
vn -0.4691 0.3257 0.8209
vn -0.3421 0.4631 0.8176
vn -0.4734 0.4863 0.7344
vn -0.4131 0.5548 0.7222
vn -0.7175 0.3761 0.5863
vn -0.6588 0.4316 0.6163
vn -0.7599 0.4550 0.4643
vn -0.6517 0.6256 0.4289
vn -0.6147 0.5676 0.5477
vn 0.5336 0.8034 -0.2642
vn 0.6001 0.7969 0.0701
vn 0.7021 0.7077 -0.0792
vn 0.6582 0.7291 -0.1876
vn 0.5799 0.7252 -0.3712
vn 0.5960 0.7607 0.2572
vn 0.1759 0.8243 0.5381
vn 0.7786 0.5491 -0.3038
vn 0.4787 -0.7901 -0.3828
vn 0.2726 -0.8043 -0.5281
vn 0.4956 -0.7313 -0.4687
vn 0.2895 -0.8901 -0.3520
vn 0.0340 -0.9272 -0.3731
vn 0.8445 0.5288 -0.0843
vn 0.0485 -0.8039 -0.5928
vn 0.1735 -0.9782 -0.1138
vn -0.2540 0.5983 0.7599
vn 0.8206 0.0497 -0.5694
vn 0.9101 0.0494 -0.4114
vn 0.9297 -0.0150 -0.3681
vn 0.8585 0.0561 -0.5097
vn -0.3086 0.2667 0.9130
vn 0.0742 -0.7130 -0.6973
vn -0.1448 -0.7337 -0.6639
vn 0.7602 0.0843 -0.6442
vn 0.5626 -0.7245 -0.3982
vn 0.4443 -0.8751 -0.1920
vn -0.8455 -0.0780 -0.5282
vn -0.9414 -0.0147 -0.3371
vn -0.8381 0.0375 -0.5442
vn 0.7784 0.0729 -0.6235
vn 0.6996 0.0770 -0.7104
vn 0.1806 -0.6876 0.7033
vn 0.3347 -0.7220 0.6056
vn 0.5985 -0.0949 0.7955
vn 0.7509 -0.0653 0.6571
vn 0.8338 -0.0559 0.5492
vn 0.8241 -0.1082 0.5560
vn 0.9197 -0.0611 0.3879
vn 0.8954 -0.0391 0.4436
vn 0.9112 -0.1743 0.3732
vn -0.0680 -0.9752 0.2108
vn -0.0893 -0.9901 -0.1083
vn 0.4684 0.0967 -0.8782
vn 0.2035 -0.9193 0.3368
vn 0.2071 -0.9689 0.1354
vn -0.2812 -0.1038 0.9540
vn -0.7880 -0.4960 0.3647
vn -0.8633 -0.3916 0.3183
vn -0.8778 -0.4592 0.1363
vn -0.7536 -0.4606 0.4689
vn -0.7769 -0.3778 0.5037
vn 0.4271 -0.9030 0.0453
vn 0.6290 0.1082 -0.7698
vn -0.7815 -0.6012 0.1669
vn -0.7727 -0.6346 -0.0154
vn -0.6952 -0.6948 0.1844
vn -0.6756 -0.7364 -0.0349
vn 0.7246 0.0899 -0.6833
vn 0.5825 0.0974 -0.8070
vn 0.4828 0.0399 -0.8748
vn 0.6297 -0.7570 -0.1743
vn 0.6797 -0.6505 -0.3389
vn -0.5288 -0.0985 0.8430
vn 0.5596 -0.8214 0.1099
vn 0.4479 -0.8535 0.2664
vn -0.7025 -0.6343 0.3226
vn 0.5731 -0.7781 0.2569
vn 0.1959 0.1101 -0.9744
vn 0.0553 0.1238 -0.9908
vn 0.1490 -0.7683 0.6225
vn -0.8494 -0.5230 -0.0709
vn -0.5689 -0.7272 0.3841
vn 0.4919 -0.7958 0.3532
vn -0.4288 -0.7238 0.5405
vn -0.5676 -0.6379 0.5205
vn -0.5191 -0.6110 0.5976
vn 0.3418 0.0457 -0.9387
vn 0.3480 -0.8450 0.4061
vn -0.7553 -0.5827 -0.3000
vn -0.7207 -0.6454 -0.2531
vn -0.2746 -0.3499 -0.8956
vn -0.1418 -0.5077 -0.8498
vn -0.3878 -0.4303 -0.8151
vn 0.0926 -0.8865 0.4534
vn -0.1074 0.1174 -0.9873
vn -0.0723 -0.6771 0.7323
vn -0.6046 -0.6595 -0.4467
vn -0.5573 -0.5532 -0.6192
vn -0.3820 -0.6689 -0.6378
vn -0.4447 -0.7779 -0.4440
vn -0.3830 -0.5850 -0.7149
vn -0.2963 -0.6232 -0.7237
vn -0.6725 -0.5401 -0.5061
vn -0.8303 -0.2133 -0.5149
vn -0.7522 -0.3322 -0.5690
vn -0.5646 -0.7890 -0.2423
vn -0.5792 -0.1744 -0.7963
vn -0.5432 -0.3476 -0.7643
vn -0.6422 -0.2407 -0.7277
vn -0.4664 -0.2909 -0.8354
vn -0.0533 -0.3639 -0.9299
vn 0.0633 -0.5674 -0.8210
vn 0.3126 -0.0955 0.9451
vn 0.4783 -0.0963 0.8729
vn 0.2783 -0.1101 0.9542
vn 0.4534 -0.0958 0.8861
vn -0.6281 -0.4486 -0.6358
vn -0.5108 -0.4677 -0.7214
vn 0.7410 0.0327 -0.6707
vn 0.5721 0.0594 -0.8180
vn -0.2698 -0.1814 -0.9457
vn -0.0032 -0.1377 -0.9905
vn -0.6491 -0.1239 -0.7506
vn -0.7669 -0.3997 -0.5021
vn -0.6594 -0.4117 -0.6291
vn -0.7910 -0.1240 -0.5991
vn -0.0935 -0.6146 -0.7833
vn -0.4373 -0.1150 -0.8919
vn 0.7217 -0.0534 -0.6901
vn 0.5867 -0.0847 -0.8054
vn 0.4593 -0.0882 -0.8839
vn 0.0739 -0.1147 0.9907
vn -0.4107 -0.0934 0.9070
vn -0.7570 -0.0705 0.6495
vn -0.7158 -0.0698 0.6948
vn 0.5582 0.6047 -0.5682
vn 0.6992 0.6078 -0.3764
vn 0.9500 -0.0362 0.3101
vn 0.5736 -0.0937 0.8137
vn 0.9262 -0.3201 0.1990
vn 0.0436 0.0552 -0.9975
vn 0.2259 -0.0538 -0.9727
vn 0.2641 -0.1876 -0.9461
vn 0.9317 -0.3400 -0.1280
vn -0.1013 -0.1060 0.9892
vn 0.9979 -0.0638 0.0127
vn 0.9677 -0.2513 0.0187
vn 0.9645 -0.1720 -0.2002
vn -0.9919 -0.0208 -0.1250
vn -0.2142 -0.8442 -0.4913
vn -0.9980 -0.0437 0.0449
vn -0.9688 -0.0714 0.2371
vn 0.6767 -0.2467 0.6937
vn 0.2062 0.0879 -0.9746
vn -0.9554 0.0490 -0.2912
vn 0.9732 -0.1097 0.2023
vn -0.3501 -0.0226 -0.9364
vn -0.3991 0.0786 -0.9135
vn -0.1586 0.0260 -0.9870
vn -0.7923 -0.0034 -0.6102
vn -0.9832 -0.1578 0.0919
vn -0.6664 0.0261 -0.7452
vn -0.5706 0.0069 -0.8212
vn 0.7349 -0.1362 0.6644
vn -0.8956 -0.1159 0.4296
vn -0.7846 -0.1208 0.6081
vn -0.8416 -0.0506 0.5377
vn -0.2791 0.1174 -0.9531
vn -0.4341 0.1095 -0.8942
vn -0.4297 0.0999 -0.8974
vn 0.4150 -0.1424 0.8986
vn 0.1685 -0.1728 0.9704
vn 0.3197 -0.2905 0.9019
vn -0.3032 -0.9098 -0.2833
vn -0.4805 -0.8749 -0.0601
vn 0.2361 -0.5026 0.8317
vn 0.0404 -0.5653 0.8239
vn 0.9992 0.0028 0.0401
vn 0.4286 -0.4008 0.8097
vn 0.5619 -0.4256 0.7094
vn 0.5074 -0.2552 0.8231
vn -0.1032 -0.1443 0.9841
vn -0.0787 -0.2814 0.9564
vn 0.9492 -0.0330 0.3128
vn 0.1218 -0.3865 0.9142
vn 0.9920 0.0182 -0.1250
vn 0.9854 -0.0281 -0.1681
vn -0.1342 -0.4393 0.8883
vn 0.6269 -0.1179 0.7701
vn 0.5736 -0.1315 0.8085
vn -0.7179 0.0761 -0.6920
vn -0.5974 0.0888 -0.7970
vn -0.2968 -0.9546 -0.0264
vn -0.3191 -0.9294 0.1854
vn -0.5127 -0.8392 0.1813
vn 0.1965 -0.3739 -0.9064
vn 0.4176 -0.2436 -0.8754
vn 0.4528 -0.5556 -0.6973
vn 0.4940 -0.4125 -0.7654
vn 0.6360 -0.3339 -0.6957
vn -0.4865 -0.1186 0.8656
vn 0.7642 -0.3552 -0.5383
vn 0.7285 -0.4961 -0.4724
vn 0.6497 -0.5541 -0.5204
vn 0.5806 -0.2350 -0.7795
vn 0.6664 -0.1967 -0.7192
vn -0.1493 -0.8556 0.4956
vn -0.3538 -0.8452 0.4005
vn -0.6309 -0.4412 0.6382
vn -0.5046 -0.4853 0.7141
vn -0.5818 -0.3410 0.7384
vn 0.1150 -0.1044 0.9879
vn -0.2624 -0.5548 0.7895
vn -0.4534 -0.3721 0.8099
vn -0.7774 0.0657 -0.6256
vn -0.1487 -0.7781 0.6103
vn -0.3436 -0.2018 0.9172
vn -0.5412 -0.2316 0.8083
vn -0.6221 -0.2379 0.7459
vn -0.8654 -0.2472 0.4360
vn -0.9431 -0.2028 0.2634
vn -0.7242 -0.3604 0.5879
vn -0.9529 -0.2920 0.0826
vn 0.6240 -0.0839 0.7769
vn 0.3039 -0.5484 -0.7790
vn -0.3105 -0.3452 0.8857
vn 0.2953 -0.6411 -0.7084
vn 0.6972 -0.0689 0.7135
vn -0.7048 -0.1098 0.7009
vn -0.3356 -0.6360 0.6949
vn -0.7771 -0.2412 0.5813
vt 0.418606 0.228267
vt 0.388726 0.234604
vt 0.435847 0.257777
vt 0.552378 0.676107
vt 0.551020 0.651735
vt 0.480650 0.661870
vt 0.512753 0.707112
vt 0.422036 0.733625
vt 0.584318 0.728766
vt 0.439925 0.682172
vt 0.565914 0.695991
vt 0.441264 0.237862
vt 0.538392 0.220736
vt 0.523281 0.251227
vt 0.423021 0.707247
vt 0.288416 0.154781
vt 0.266606 0.152683
vt 0.274901 0.182384
vt 0.506613 0.757494
vt 0.438591 0.215272
vt 0.275061 0.127086
vt 0.288353 0.096687
vt 0.264249 0.101637
vt 0.455476 0.783632
vt 0.565733 0.779573
vt 0.555869 0.761251
vt 0.468389 0.566391
vt 0.537620 0.577084
vt 0.420227 0.543752
vt 0.331735 0.173258
vt 0.264514 0.076728
vt 0.157963 0.078749
vt 0.331190 0.144984
vt 0.490449 0.799739
vt 0.418333 0.195049
vt 0.344142 0.211188
vt 0.220657 0.210584
vt 0.317104 0.120723
vt 0.445087 0.812475
vt 0.353548 0.807334
vt 0.507222 0.819058
vt 0.315633 0.104138
vt 0.432271 0.837527
vt 0.179560 0.298109
vt 0.161219 0.334026
vt 0.197536 0.334991
vt 0.423734 0.886222
vt 0.566102 0.887267
vt 0.474847 0.862009
vt 0.551310 0.931141
vt 0.519046 0.910114
vt 0.402567 0.933794
vt 0.145123 0.366522
vt 0.183874 0.359283
vt 0.139737 0.396640
vt 0.185416 0.402565
vt 0.183494 0.380061
vt 0.189156 0.184725
vt 0.226972 0.307092
vt 0.228256 0.289629
vt 0.144817 0.166101
vt 0.463950 0.641586
vt 0.155832 0.141906
vt 0.581726 0.628289
vt 0.214465 0.332301
vt 0.358549 0.316038
vt 0.183675 0.265604
vt 0.549565 0.955513
vt 0.395912 0.955208
vt 0.503519 0.590019
vt 0.261742 0.357483
vt 0.628180 0.605381
vt 0.266707 0.379446
vt 0.407605 0.588302
vt 0.745565 0.940830
vt 0.763886 0.912159
vt 0.737862 0.905298
vt 0.533446 0.150454
vt 0.138020 0.291857
vt 0.144719 0.321264
vt 0.426580 0.622194
vt 0.112089 0.370292
vt 0.120517 0.339622
vt 0.105582 0.401180
vt 0.084324 0.350487
vt 0.253634 0.401775
vt 0.080036 0.373149
vt 0.067755 0.398269
vt 0.106423 0.315630
vt 0.073526 0.310548
vt 0.153277 0.975393
vt 0.178813 0.984108
vt 0.182735 0.952595
vt 0.747571 0.671280
vt 0.742145 0.652345
vt 0.330201 0.341653
vt 0.156951 0.261151
vt 0.664082 0.686731
vt 0.158662 0.445452
vt 0.181277 0.421970
vt 0.156604 0.418190
vt 0.678723 0.597269
vt 0.680719 0.573184
vt 0.649254 0.572136
vt 0.139043 0.860244
vt 0.126853 0.892913
vt 0.172438 0.886643
vt 0.117508 0.958351
vt 0.153053 0.951019
vt 0.135884 0.923279
vt 0.186453 0.451109
vt 0.172998 0.476083
vt 0.159363 0.917435
vt 0.177449 0.524383
vt 0.174651 0.495612
vt 0.132052 0.500456
vt 0.129834 0.461803
vt 0.223689 0.963053
vt 0.792313 0.575121
vt 0.129556 0.999451
vt 0.144807 0.023545
vt 0.109428 0.047274
vt 0.126162 0.069149
vt 0.096527 0.016690
vt 0.471451 0.447279
vt 0.576386 0.473703
vt 0.587600 0.452601
vt 0.227734 0.943779
vt 0.759679 0.602006
vt 0.342544 0.973029
vt 0.681820 0.544364
vt 0.355245 0.299380
vt 0.552583 0.423317
vt 0.555789 0.411455
vt 0.467067 0.415633
vt 0.294799 0.764938
vt 0.178703 0.769525
vt 0.174080 0.792698
vt 0.297588 0.792648
vt 0.231945 0.921779
vt 0.103327 0.282121
vt 0.105294 0.871768
vt 0.107969 0.839132
vt 0.634506 0.555368
vt 0.613929 0.576510
vt 0.651208 0.530763
vt 0.633566 0.529638
vt 0.127015 0.430003
vt 0.100198 0.921850
vt 0.183185 0.818505
vt 0.088525 0.893926
vt 0.078217 0.857660
vt 0.110876 0.445474
vt 0.097090 0.481003
vt 0.097589 0.510663
vt 0.093507 0.420249
vt 0.325473 0.777399
vt 0.222193 0.448039
vt 0.421510 0.429997
vt 0.069900 0.045923
vt 0.086545 0.061181
vt 0.086138 0.455102
vt 0.286431 0.236145
vt 0.157077 0.222185
vt 0.798427 0.545319
vt 0.329981 0.376478
vt 0.332544 0.084086
vt 0.633737 0.083442
vt 0.535864 0.063309
vt 0.422166 0.037261
vt 0.325275 0.058000
vt 0.654691 0.704911
vt 0.342970 0.778272
vt 0.147641 0.796143
vt 0.161177 0.825332
vt 0.181419 0.854273
vt 0.346207 0.383036
vt 0.365989 0.364084
vt 0.455824 0.476434
vt 0.479535 0.496648
vt 0.530466 0.101864
vt 0.132384 0.825800
vt 0.506525 0.125607
vt 0.758070 0.626832
vt 0.083218 0.215020
vt 0.059913 0.228874
vt 0.099881 0.254977
vt 0.403384 0.457209
vt 0.216011 0.470395
vt 0.325725 0.476065
vt 0.027063 0.212400
vt 0.028386 0.176319
vt 0.001171 0.205110
vt 0.052464 0.200174
vt 0.871560 0.724190
vt 0.887034 0.747673
vt 0.896412 0.715876
vt 0.126999 0.134752
vt 0.152129 0.119730
vt 0.126544 0.109200
vt 0.150775 0.196564
vt 0.117047 0.168768
vt 0.266010 0.051744
vt 0.288377 0.065018
vt 0.842321 0.746823
vt 0.058002 0.172340
vt 0.042994 0.144629
vt 0.148697 0.102411
vt 0.215252 0.526985
vt 0.407883 0.525160
vt 0.337321 0.507519
vt 0.233762 0.499573
vt 0.021312 0.143173
vt 0.454087 0.388344
vt 0.116235 0.230840
vt 0.100346 0.203369
vt 0.660997 0.734326
vt 0.182234 0.022044
vt 0.151622 0.050893
vt 0.842972 0.356202
vt 0.856343 0.331697
vt 0.832326 0.312837
vt 0.831345 0.723682
vt 0.082707 0.176468
vt 0.761177 0.753496
vt 0.292073 0.036344
vt 0.532493 0.364143
vt 0.920482 0.734310
vt 0.182650 0.262898
vt 0.422204 0.987170
vt 0.594415 0.975510
vt 0.218571 0.879298
vt 0.188483 0.919715
vt 0.456329 0.443949
vt 0.811715 0.650429
vt 0.792867 0.685137
vt 0.829866 0.686205
vt 0.781205 0.653372
vt 0.235931 0.901341
vt 0.791758 0.719494
vt 0.428232 0.283985
vt 0.502945 0.297853
vt 0.129590 0.208809
vt 0.209494 0.848567
vt 0.373522 0.011970
vt 0.311608 0.876144
vt 0.066474 0.429335
vt 0.757809 0.693723
vt 0.848357 0.650668
vt 0.343330 0.911943
vt 0.757312 0.720211
vt 0.863918 0.693556
vt 0.895802 0.680663
vt 0.877695 0.671581
vt 0.876029 0.642074
vt 0.916972 0.699241
vt 0.942994 0.716553
vt 0.900782 0.644454
vt 0.808529 0.269832
vt 0.803742 0.302836
vt 0.556736 0.278974
vt 0.924110 0.667405
vt 0.428059 0.268785
vt 0.063960 0.145811
vt 0.548712 0.388317
vt 0.596083 0.394554
vt 0.574621 0.370019
vt 0.343929 0.490448
vt 0.442813 0.505026
vt 0.550793 0.994850
vt 0.800493 0.762349
vt 0.144357 0.251612
vt 0.141600 0.763097
vt 0.781255 0.936036
vt 0.809698 0.921971
vt 0.791995 0.896044
vt 0.833675 0.560807
vt 0.801851 0.591855
vt 0.876803 0.238561
vt 0.866853 0.205251
vt 0.851303 0.218354
vt 0.855832 0.259565
vt 0.293770 0.829277
vt 0.323630 0.836524
vt 0.818989 0.225879
vt 0.833604 0.248826
vt 0.826466 0.191301
vt 0.876804 0.274885
vt 0.297749 0.850473
vt 0.792394 0.621580
vt 0.830380 0.616089
vt 0.846173 0.587580
vt 0.861742 0.179956
vt 0.879628 0.158140
vt 0.862778 0.138191
vt 0.345434 0.864411
vt 0.892588 0.122829
vt 0.904679 0.164334
vt 0.928490 0.144697
vt 0.917586 0.111366
vt 0.959957 0.128124
vt 0.953142 0.099341
vt 0.932505 0.184020
vt 0.952054 0.176520
vt 0.100435 0.975331
vt 0.341935 0.891060
vt 0.982158 0.762349
vt 0.982158 0.495609
vt 0.977807 0.540250
vt 0.898013 0.249369
vt 0.920530 0.249798
vt 0.916885 0.219389
vt 0.887115 0.219198
vt 0.903337 0.196783
vt 0.882744 0.189059
vt 0.940344 0.278949
vt 0.968503 0.258539
vt 0.942668 0.236950
vt 0.915680 0.272942
vt 0.947640 0.214657
vt 0.977807 0.230918
vt 0.976553 0.207005
vt 0.678252 0.973194
vt 0.640890 0.957171
vt 0.572737 0.940038
vt 0.450205 0.531833
vt 0.681459 0.709144
vt 0.474660 0.515498
vt 0.099191 0.767225
vt 0.118213 0.798481
vt 0.316333 0.564108
vt 0.296158 0.541201
vt 0.261195 0.546741
vt 0.781079 0.218246
vt 0.797170 0.182715
vt 0.764683 0.196844
vt 0.733286 0.034542
vt 0.721661 0.072120
vt 0.745952 0.078352
vt 0.966407 0.289662
vt 0.570933 0.322531
vt 0.554342 0.346645
vt 0.739156 0.184151
vt 0.722890 0.215195
vt 0.766028 0.166684
vt 0.704471 0.039841
vt 0.860970 0.301657
vt 0.885454 0.327774
vt 0.893356 0.289917
vt 0.750197 0.232765
vt 0.914442 0.310909
vt 0.667397 0.897809
vt 0.052654 0.464742
vt 0.766348 0.138821
vt 0.797936 0.115730
vt 0.772136 0.101610
vt 0.791288 0.155113
vt 0.817372 0.144549
vt 0.657118 0.873169
vt 0.947039 0.320378
vt 0.131795 0.721723
vt 0.160269 0.737739
vt 0.168600 0.708317
vt 0.575261 0.844714
vt 0.415992 0.017476
vt 0.811920 0.206826
vt 0.675518 0.854407
vt 0.090259 0.120857
vt 0.673760 0.916266
vt 0.588539 0.802912
vt 0.093986 0.143600
vt 0.672398 0.830981
vt 0.096216 0.091171
vt 0.874363 0.577488
vt 0.895016 0.612338
vt 0.906420 0.572990
vt 0.927470 0.588637
vt 0.096472 0.803687
vt 0.073751 0.793299
vt 0.073542 0.826313
vt 0.838969 0.151979
vt 0.814222 0.164015
vt 0.919163 0.342179
vt 0.000435 0.129761
vt 0.030017 0.110483
vt 0.017485 0.090441
vt 0.952962 0.356202
vt 0.006339 0.165944
vt 0.838048 0.284207
vt 0.056805 0.082827
vt 0.887135 0.967418
vt 0.861058 0.944315
vt 0.853914 0.986288
vt 0.888586 0.942767
vt 0.885202 0.909454
vt 0.059846 0.111309
vt 0.861140 0.912821
vt 0.911849 0.923071
vt 0.930107 0.623595
vt 0.671930 0.037074
vt 0.630912 0.060018
vt 0.683244 0.072883
vt 0.608086 0.046358
vt 0.862502 0.615088
vt 0.829550 0.917388
vt 0.845758 0.891517
vt 0.645120 0.023540
vt 0.882902 0.998353
vt 0.905145 0.967828
vt 0.736120 0.966294
vt 0.712493 0.938093
vt 0.707515 0.971813
vt 0.548322 0.023911
vt 0.440188 0.000598
vt 0.155386 0.670625
vt 0.131960 0.695746
vt 0.418783 0.762349
vt 0.643858 0.233641
vt 0.637327 0.212014
vt 0.681180 0.214384
vt 0.671893 0.185781
vt 0.641421 0.194492
vt 0.701503 0.181834
vt 0.939212 0.890823
vt 0.909937 0.892826
vt 0.600759 0.482557
vt 0.956046 0.920765
vt 0.935268 0.924616
vt 0.302855 0.607376
vt 0.814996 0.828297
vt 0.778943 0.838000
vt 0.799441 0.862033
vt 0.806513 0.799660
vt 0.774728 0.811026
vt 0.929470 0.954634
vt 0.681739 0.519057
vt 0.925408 0.755763
vt 0.905912 0.785611
vt 0.930679 0.803228
vt 0.908700 0.811180
vt 0.648829 0.002582
vt 0.674976 0.499457
vt 0.719686 0.481309
vt 0.835944 0.113302
vt 0.809746 0.088425
vt 0.400915 0.567857
vt 0.932416 0.986929
vt 0.952804 0.955663
vt 0.950503 0.782634
vt 0.967857 0.998353
vt 0.657591 0.439238
vt 0.679344 0.418633
vt 0.122280 0.664432
vt 0.822019 0.884725
vt 0.952398 0.815831
vt 0.977289 0.969118
vt 0.980418 0.830697
vt 0.976000 0.781990
vt 0.999565 0.791891
vt 0.719052 0.460494
vt 0.982434 0.942224
vt 0.873007 0.777872
vt 0.883844 0.805415
vt 0.797333 0.373914
vt 0.829572 0.383007
vt 0.821470 0.357763
vt 0.974548 0.907934
vt 0.678093 0.393887
vt 0.151087 0.634059
vt 0.866285 0.824560
vt 0.839235 0.824694
vt 0.848027 0.855520
vt 0.872509 0.850411
vt 0.820154 0.847456
vt 0.823096 0.874415
vt 0.848791 0.795096
vt 0.766141 0.960097
vt 0.787589 0.977954
vt 0.890562 0.833955
vt 0.768331 0.324681
vt 0.804225 0.325160
vt 0.795306 0.297400
vt 0.790227 0.342833
vt 0.798154 0.404281
vt 0.836512 0.420005
vt 0.291650 0.697370
vt 0.391388 0.725709
vt 0.391881 0.692973
vt 0.298090 0.718659
vt 0.815057 0.805383
vt 0.832458 0.327707
vt 0.681778 0.000549
vt 0.713886 0.515070
vt 0.768688 0.372518
vt 0.759203 0.409759
vt 0.758074 0.296244
vt 0.813469 0.955744
vt 0.805377 0.996867
vt 0.752778 0.993843
vt 0.853408 0.396013
vt 0.757814 0.348950
vt 0.715132 0.002380
vt 0.746725 0.509227
vt 0.750487 0.477076
vt 0.397176 0.661326
vt 0.301780 0.586349
vt 0.661563 0.784099
vt 0.679770 0.764353
vt 0.068605 0.495489
vt 0.040226 0.056620
vt 0.543142 0.174344
vt 0.375993 0.737365
vt 0.736198 0.159245
vt 0.716794 0.416424
vt 0.743217 0.441601
vt 0.770108 0.448539
vt 0.746069 0.114895
vt 0.308631 0.633389
vt 0.684540 0.128799
vt 0.727139 0.133567
vt 0.716201 0.100727
vt 0.708843 0.905341
vt 0.872021 0.880747
vt 0.708381 0.882869
vt 0.710616 0.853628
vt 0.717158 0.262898
vt 0.709104 0.438001
vt 0.678106 0.935269
vt 0.691078 0.156317
vt 0.733116 0.361071
vt 0.710253 0.351540
vt 0.724328 0.388017
vt 0.720907 0.999451
vt 0.736708 0.873086
vt 0.725718 0.292916
vt 0.727314 0.321791
vt 0.684658 0.243302
vt 0.716945 0.824174
vt 0.715345 0.792438
vt 0.673714 0.803843
vt 0.678734 0.367540
vt 0.679091 0.343742
vt 0.587972 0.341101
vt 0.262696 0.710670
vt 0.259465 0.673146
vt 0.226932 0.693727
vt 0.890685 0.869239
vt 0.909391 0.846372
vt 0.187341 0.678680
vt 0.177015 0.653469
vt 0.646561 0.130756
vt 0.201672 0.707784
vt 0.191693 0.745740
vt 0.230396 0.733568
vt 0.267898 0.633681
vt 0.232334 0.636735
vt 0.628316 0.171858
vt 0.210340 0.663851
vt 0.630182 0.107451
vt 0.680413 0.103781
vt 0.200459 0.628227
vt 0.258507 0.761687
vt 0.258595 0.738005
vt 0.602697 0.289137
vt 0.604537 0.313090
vt 0.914402 0.866834
vt 0.933769 0.861571
vt 0.932056 0.836018
vt 0.799984 0.435795
vt 0.778174 0.468495
vt 0.841732 0.488430
vt 0.808893 0.480307
vt 0.801682 0.518662
vt 0.268168 0.575084
vt 0.764574 0.040874
vt 0.783495 0.069417
vt 0.811549 0.049937
vt 0.780765 0.494513
vt 0.772021 0.531833
vt 0.968767 0.873427
vt 0.956448 0.851140
vt 0.165512 0.546189
vt 0.177912 0.572177
vt 0.206988 0.549181
vt 0.295992 0.665448
vt 0.178310 0.611820
vt 0.208564 0.583367
vt 0.600828 0.260703
vt 0.999270 0.870128
vt 0.250120 0.597622
vt 0.239942 0.567081
vt 0.227360 0.531568
vt 0.751006 0.822171
vt 0.741174 0.849672
vt 0.769662 0.775251
vt 0.764399 0.873426
vt 0.294364 0.753319
vt 0.826552 0.453133
vt 0.216109 0.602579
vt 0.862054 0.454815
vt 0.648569 0.255377
vt 0.715004 0.761396
vt 0.146128 0.590034
vt 0.745946 0.784189
s 1
usemtl Material.017
f 2222/2222/2210 2223/2223/2211 2224/2224/2212
f 2225/2225/2213 2226/2226/2214 2227/2227/2215
f 2228/2228/2216 2229/2229/2217 2230/2230/2218
f 2225/2225/2213 2231/2231/2219 2232/2232/2220
f 2225/2225/2213 2227/2227/2215 2231/2231/2219
f 2232/2232/2220 2231/2231/2219 2228/2228/2216
f 2224/2224/2212 2233/2233/2221 2222/2222/2210
f 2234/2234/2222 2233/2233/2221 2235/2235/2223
f 2232/2232/2220 2228/2228/2216 2230/2230/2218
f 2236/2236/2224 2228/2228/2216 2231/2231/2219
f 2237/2237/2225 2238/2238/2226 2239/2239/2227
f 2240/2240/2228 2230/2230/2218 2229/2229/2217
f 2233/2233/2221 2241/2241/2229 2222/2222/2210
f 2241/2241/2229 2233/2233/2221 2234/2234/2222
f 2242/2242/2230 2243/2243/2231 2244/2244/2232
f 2245/2245/2233 2246/2246/2234 2247/2247/2235
f 2248/2248/2236 2249/2249/2237 2250/2250/2238
f 2251/2251/2239 2237/2237/2225 2239/2239/2227
f 2244/2244/2232 2252/2252/2240 2253/2253/2241
f 2238/2238/2226 2237/2237/2225 2242/2242/2230
f 2237/2237/2225 2251/2251/2239 2254/2254/2242
f 2246/2246/2234 2245/2245/2233 2255/2255/2243
f 2239/2239/2227 2256/2256/2244 2251/2251/2239
f 2257/2257/2245 2239/2239/2227 2258/2258/2246
f 2259/2259/2247 2243/2243/2231 2242/2242/2230
f 2260/2260/2248 2245/2245/2233 2261/2261/2249
f 2260/2260/2248 2255/2255/2243 2245/2245/2233
f 2260/2260/2248 2262/2262/2250 2255/2255/2243
f 2243/2243/2231 2259/2259/2247 2263/2263/2251
f 2262/2262/2250 2260/2260/2248 2264/2264/2252
f 2265/2265/2253 2266/2266/2254 2267/2267/2255
f 2242/2242/2230 2237/2237/2225 2254/2254/2242
f 2254/2254/2242 2259/2259/2247 2242/2242/2230
f 2268/2268/2256 2269/2269/2257 2270/2270/2258
f 2271/2271/2259 2272/2272/2260 2273/2273/2261
f 2269/2269/2257 2268/2268/2256 2272/2272/2260
f 2274/2274/2262 2275/2275/2263 2266/2266/2254
f 2276/2276/2264 2277/2277/2265 2278/2278/2266
f 2275/2275/2263 2274/2274/2262 2278/2278/2266
f 2266/2266/2254 2275/2275/2263 2267/2267/2255
f 2278/2278/2266 2274/2274/2262 2276/2276/2264
f 2222/2222/2210 2256/2256/2244 2257/2257/2245
f 2239/2239/2227 2279/2279/2267 2258/2258/2246
f 2265/2265/2253 2280/2280/2268 2281/2281/2269
f 2282/2282/2270 2279/2279/2267 2239/2239/2227
f 2226/2226/2214 2283/2283/2271 2227/2227/2215
f 2222/2222/2210 2241/2241/2229 2256/2256/2244
f 2238/2238/2226 2242/2242/2230 2284/2284/2272
f 2238/2238/2226 2282/2282/2270 2239/2239/2227
f 2257/2257/2245 2223/2223/2211 2222/2222/2210
f 2283/2283/2271 2226/2226/2214 2285/2285/2273
f 2280/2280/2268 2286/2286/2274 2287/2287/2275
f 2265/2265/2253 2281/2281/2269 2288/2288/2276
f 2289/2289/2277 2271/2271/2259 2273/2273/2261
f 2289/2289/2277 2273/2273/2261 2290/2290/2278
f 2291/2291/2279 2249/2249/2237 2248/2248/2236
f 2292/2292/2280 2267/2267/2255 2275/2275/2263
f 2249/2249/2237 2291/2291/2279 2293/2293/2281
f 2294/2294/2282 2275/2275/2263 2278/2278/2266
f 2275/2275/2263 2294/2294/2282 2292/2292/2280
f 2256/2256/2244 2239/2239/2227 2257/2257/2245
f 2248/2248/2236 2295/2295/2283 2291/2291/2279
f 2267/2267/2255 2280/2280/2268 2265/2265/2253
f 2280/2280/2268 2267/2267/2255 2286/2286/2274
f 2296/2296/2284 2297/2297/2285 2298/2298/2286
f 2299/2299/2287 2254/2254/2242 2251/2251/2239
f 2300/2300/2288 2301/2301/2289 2265/2265/2253
f 2301/2301/2289 2266/2266/2254 2265/2265/2253
f 2285/2285/2273 2302/2302/2290 2283/2283/2271
f 2303/2303/2291 2276/2276/2264 2274/2274/2262
f 2274/2274/2262 2304/2304/2292 2303/2303/2291
f 2303/2303/2291 2305/2305/2293 2276/2276/2264
f 2306/2306/2294 2303/2303/2291 2304/2304/2292
f 2307/2307/2295 2278/2278/2266 2277/2277/2265
f 2307/2307/2295 2294/2294/2282 2278/2278/2266
f 2266/2266/2254 2301/2301/2289 2304/2304/2292
f 2305/2305/2293 2308/2308/2296 2309/2309/2297
f 2274/2274/2262 2266/2266/2254 2304/2304/2292
f 2306/2306/2294 2310/2310/2298 2311/2311/2299
f 2306/2306/2294 2304/2304/2292 2310/2310/2298
f 2306/2306/2294 2308/2308/2296 2303/2303/2291
f 2292/2292/2280 2286/2286/2274 2267/2267/2255
f 2305/2305/2293 2303/2303/2291 2308/2308/2296
f 2312/2312/2300 2313/2313/2301 2314/2314/2302
f 2301/2301/2289 2300/2300/2288 2310/2310/2298
f 2226/2226/2214 2225/2225/2213 2315/2315/2303
f 2315/2315/2303 2316/2316/2304 2226/2226/2214
f 2317/2317/2305 2286/2286/2274 2292/2292/2280
f 2318/2318/2306 2300/2300/2288 2265/2265/2253
f 2232/2232/2220 2319/2319/2307 2225/2225/2213
f 2265/2265/2253 2288/2288/2276 2318/2318/2306
f 2320/2320/2308 2321/2321/2309 2322/2322/2310
f 2323/2323/2311 2324/2324/2312 2325/2325/2313
f 2326/2326/2314 2327/2327/2315 2328/2328/2316
f 2329/2329/2317 2330/2330/2318 2331/2331/2319
f 2332/2332/2320 2320/2320/2308 2333/2333/2321
f 2327/2327/2315 2334/2334/2322 2328/2328/2316
f 2320/2320/2308 2332/2332/2320 2321/2321/2309
f 2335/2335/2323 2336/2336/2324 2337/2337/2325
f 2334/2334/2322 2330/2330/2318 2314/2314/2302
f 2314/2314/2302 2330/2330/2318 2312/2312/2300
f 2281/2281/2269 2280/2280/2268 2287/2287/2275
f 2312/2312/2300 2330/2330/2318 2329/2329/2317
f 2277/2277/2265 2276/2276/2264 2322/2322/2310
f 2327/2327/2315 2331/2331/2319 2334/2334/2322
f 2333/2333/2321 2320/2320/2308 2338/2338/2326
f 2330/2330/2318 2334/2334/2322 2331/2331/2319
f 2286/2286/2274 2317/2317/2305 2287/2287/2275
f 2322/2322/2310 2321/2321/2309 2277/2277/2265
f 2313/2313/2301 2339/2339/2327 2314/2314/2302
f 2310/2310/2298 2304/2304/2292 2301/2301/2289
f 2323/2323/2311 2340/2340/2328 2324/2324/2312
f 2341/2341/2329 2312/2312/2300 2329/2329/2317
f 2333/2333/2321 2338/2338/2326 2337/2337/2325
f 2342/2342/2330 2343/2343/2331 2344/2344/2332
f 2342/2342/2330 2345/2345/2333 2343/2343/2331
f 2337/2337/2325 2336/2336/2324 2333/2333/2321
f 2346/2346/2334 2347/2347/2335 2348/2348/2336
f 2290/2290/2278 2349/2349/2337 2339/2339/2327
f 2323/2323/2311 2350/2350/2338 2340/2340/2328
f 2351/2351/2339 2290/2290/2278 2339/2339/2327
f 2352/2352/2340 2324/2324/2312 2340/2340/2328
f 2353/2353/2341 2281/2281/2269 2287/2287/2275
f 2354/2354/2342 2355/2355/2343 2356/2356/2344
f 2357/2357/2345 2358/2358/2346 2359/2359/2347
f 2357/2357/2345 2359/2359/2347 2360/2360/2348
f 2273/2273/2261 2361/2361/2349 2349/2349/2337
f 2300/2300/2288 2362/2362/2350 2310/2310/2298
f 2351/2351/2339 2339/2339/2327 2313/2313/2301
f 2349/2349/2337 2290/2290/2278 2273/2273/2261
f 2326/2326/2314 2363/2363/2351 2327/2327/2315
f 2346/2346/2334 2348/2348/2336 2354/2354/2342
f 2326/2326/2314 2364/2364/2352 2363/2363/2351
f 2226/2226/2214 2316/2316/2304 2285/2285/2273
f 2365/2365/2353 2366/2366/2354 2325/2325/2313
f 2325/2325/2313 2367/2367/2355 2365/2365/2353
f 2365/2365/2353 2367/2367/2355 2368/2368/2356
f 2367/2367/2355 2325/2325/2313 2352/2352/2340
f 2352/2352/2340 2325/2325/2313 2324/2324/2312
f 2369/2369/2357 2322/2322/2310 2276/2276/2264
f 2369/2369/2357 2276/2276/2264 2305/2305/2293
f 2331/2331/2319 2370/2370/2358 2329/2329/2317
f 2371/2371/2359 2261/2261/2249 2360/2360/2348
f 2327/2327/2315 2372/2372/2360 2370/2370/2358
f 2370/2370/2358 2331/2331/2319 2327/2327/2315
f 2373/2373/2361 2372/2372/2360 2363/2363/2351
f 2327/2327/2315 2363/2363/2351 2372/2372/2360
f 2369/2369/2357 2320/2320/2308 2322/2322/2310
f 2369/2369/2357 2374/2374/2362 2338/2338/2326
f 2369/2369/2357 2338/2338/2326 2320/2320/2308
f 2337/2337/2325 2375/2375/2363 2376/2376/2364
f 2377/2377/2365 2374/2374/2362 2369/2369/2357
f 2360/2360/2348 2378/2378/2366 2357/2357/2345
f 2321/2321/2309 2379/2379/2367 2380/2380/2368
f 2345/2345/2333 2381/2381/2369 2382/2382/2370
f 2369/2369/2357 2305/2305/2293 2377/2377/2365
f 2309/2309/2297 2377/2377/2365 2305/2305/2293
f 2377/2377/2365 2383/2383/2371 2374/2374/2362
f 2382/2382/2370 2343/2343/2331 2345/2345/2333
f 2384/2384/2372 2258/2258/2246 2385/2385/2373
f 2375/2375/2363 2374/2374/2362 2383/2383/2371
f 2352/2352/2340 2340/2340/2328 2386/2386/2374
f 2375/2375/2363 2338/2338/2326 2374/2374/2362
f 2387/2387/2375 2317/2317/2305 2292/2292/2280
f 2332/2332/2320 2379/2379/2367 2321/2321/2309
f 2338/2338/2326 2375/2375/2363 2337/2337/2325
f 2388/2388/2376 2389/2389/2377 2390/2390/2378
f 2387/2387/2375 2292/2292/2280 2294/2294/2282
f 2391/2391/2379 2392/2392/2380 2390/2390/2378
f 2307/2307/2295 2277/2277/2265 2321/2321/2309
f 2323/2323/2311 2325/2325/2313 2293/2293/2281
f 2390/2390/2378 2392/2392/2380 2388/2388/2376
f 2393/2393/2381 2232/2232/2220 2230/2230/2218
f 2258/2258/2246 2384/2384/2372 2257/2257/2245
f 2394/2394/2382 2245/2245/2233 2247/2247/2235
f 2359/2359/2347 2395/2395/2383 2396/2396/2384
f 2326/2326/2314 2397/2397/2385 2396/2396/2384
f 2225/2225/2213 2319/2319/2307 2315/2315/2303
f 2387/2387/2375 2294/2294/2282 2307/2307/2295
f 2398/2398/2386 2387/2387/2375 2307/2307/2295
f 2393/2393/2381 2319/2319/2307 2232/2232/2220
f 2387/2387/2375 2398/2398/2386 2399/2399/2387
f 2347/2347/2335 2400/2400/2388 2401/2401/2389
f 2402/2402/2390 2263/2263/2251 2259/2259/2247
f 2396/2396/2384 2403/2403/2391 2326/2326/2314
f 2388/2388/2376 2263/2263/2251 2402/2402/2390
f 2259/2259/2247 2404/2404/2392 2402/2402/2390
f 2395/2395/2383 2403/2403/2391 2396/2396/2384
f 2371/2371/2359 2396/2396/2384 2397/2397/2385
f 2359/2359/2347 2396/2396/2384 2371/2371/2359
f 2293/2293/2281 2285/2285/2273 2405/2405/2393
f 2350/2350/2338 2293/2293/2281 2405/2405/2393
f 2406/2406/2394 2407/2407/2395 2408/2408/2396
f 2379/2379/2367 2409/2409/2397 2380/2380/2368
f 2379/2379/2367 2410/2410/2398 2411/2411/2399
f 2350/2350/2338 2323/2323/2311 2293/2293/2281
f 2366/2366/2354 2249/2249/2237 2293/2293/2281
f 2321/2321/2309 2380/2380/2368 2307/2307/2295
f 2360/2360/2348 2359/2359/2347 2371/2371/2359
f 2387/2387/2375 2399/2399/2387 2317/2317/2305
f 2293/2293/2281 2325/2325/2313 2366/2366/2354
f 2412/2412/2400 2413/2413/2401 2414/2414/2402
f 2365/2365/2353 2249/2249/2237 2366/2366/2354
f 2413/2413/2401 2412/2412/2400 2415/2415/2403
f 2416/2416/2404 2417/2417/2405 2418/2418/2406
f 2365/2365/2353 2250/2250/2238 2249/2249/2237
f 2365/2365/2353 2368/2368/2356 2250/2250/2238
f 2419/2419/2407 2284/2284/2272 2420/2420/2408
f 2420/2420/2408 2421/2421/2409 2419/2419/2407
f 2422/2422/2410 2282/2282/2270 2423/2423/2411
f 2424/2424/2412 2252/2252/2240 2425/2425/2413
f 2416/2416/2404 2426/2426/2414 2417/2417/2405
f 2413/2413/2401 2427/2427/2415 2428/2428/2416
f 2413/2413/2401 2415/2415/2403 2427/2427/2415
f 2429/2429/2417 2253/2253/2241 2344/2344/2332
f 2326/2326/2314 2403/2403/2391 2364/2364/2352
f 2430/2430/2418 2431/2431/2419 2432/2432/2420
f 2430/2430/2418 2432/2432/2420 2433/2433/2421
f 2282/2282/2270 2238/2238/2226 2284/2284/2272
f 2419/2419/2407 2282/2282/2270 2284/2284/2272
f 2428/2428/2416 2434/2434/2422 2413/2413/2401
f 2419/2419/2407 2423/2423/2411 2282/2282/2270
f 2333/2333/2321 2433/2433/2421 2410/2410/2398
f 2433/2433/2421 2336/2336/2324 2335/2335/2323
f 2307/2307/2295 2356/2356/2344 2435/2435/2423
f 2421/2421/2409 2420/2420/2408 2429/2429/2417
f 2436/2436/2424 2437/2437/2425 2406/2406/2394
f 2240/2240/2228 2438/2438/2426 2230/2230/2218
f 2439/2439/2427 2342/2342/2330 2440/2440/2428
f 2433/2433/2421 2335/2335/2323 2430/2430/2418
f 2410/2410/2398 2379/2379/2367 2332/2332/2320
f 2441/2441/2429 2442/2442/2430 2443/2443/2431
f 2416/2416/2404 2444/2444/2432 2426/2426/2414
f 2436/2436/2424 2406/2406/2394 2408/2408/2396
f 2415/2415/2403 2407/2407/2395 2406/2406/2394
f 2425/2425/2413 2243/2243/2231 2388/2388/2376
f 2410/2410/2398 2332/2332/2320 2333/2333/2321
f 2412/2412/2400 2407/2407/2395 2415/2415/2403
f 2445/2445/2433 2415/2415/2403 2406/2406/2394
f 2445/2445/2433 2427/2427/2415 2415/2415/2403
f 2240/2240/2228 2446/2446/2434 2438/2438/2426
f 2425/2425/2413 2447/2447/2435 2424/2424/2412
f 2399/2399/2387 2435/2435/2423 2448/2448/2436
f 2448/2448/2436 2317/2317/2305 2399/2399/2387
f 2252/2252/2240 2244/2244/2232 2243/2243/2231
f 2411/2411/2399 2410/2410/2398 2433/2433/2421
f 2279/2279/2267 2282/2282/2270 2422/2422/2410
f 2243/2243/2231 2425/2425/2413 2252/2252/2240
f 2425/2425/2413 2388/2388/2376 2392/2392/2380
f 2449/2449/2437 2418/2418/2406 2417/2417/2405
f 2244/2244/2232 2253/2253/2241 2429/2429/2417
f 2406/2406/2394 2437/2437/2425 2445/2445/2433
f 2425/2425/2413 2392/2392/2380 2447/2447/2435
f 2333/2333/2321 2336/2336/2324 2433/2433/2421
f 2344/2344/2332 2253/2253/2241 2440/2440/2428
f 2224/2224/2212 2384/2384/2372 2450/2450/2438
f 2393/2393/2381 2230/2230/2218 2438/2438/2426
f 2243/2243/2231 2263/2263/2251 2388/2388/2376
f 2242/2242/2230 2420/2420/2408 2284/2284/2272
f 2224/2224/2212 2223/2223/2211 2384/2384/2372
f 2244/2244/2232 2420/2420/2408 2242/2242/2230
f 2244/2244/2232 2429/2429/2417 2420/2420/2408
f 2351/2351/2339 2451/2451/2439 2452/2452/2440
f 2453/2453/2441 2397/2397/2385 2328/2328/2316
f 2334/2334/2322 2454/2454/2442 2328/2328/2316
f 2355/2355/2343 2435/2435/2423 2356/2356/2344
f 2356/2356/2344 2346/2346/2334 2354/2354/2342
f 2400/2400/2388 2455/2455/2443 2409/2409/2397
f 2456/2456/2444 2457/2457/2445 2458/2458/2446
f 2456/2456/2444 2459/2459/2447 2457/2457/2445
f 2326/2326/2314 2328/2328/2316 2397/2397/2385
f 2349/2349/2337 2361/2361/2349 2454/2454/2442
f 2314/2314/2302 2454/2454/2442 2334/2334/2322
f 2314/2314/2302 2339/2339/2327 2349/2349/2337
f 2460/2460/2448 2453/2453/2441 2328/2328/2316
f 2346/2346/2334 2400/2400/2388 2347/2347/2335
f 2349/2349/2337 2454/2454/2442 2314/2314/2302
f 2458/2458/2446 2461/2461/2449 2444/2444/2432
f 2458/2458/2446 2457/2457/2445 2461/2461/2449
f 2356/2356/2344 2307/2307/2295 2380/2380/2368
f 2445/2445/2433 2437/2437/2425 2423/2423/2411
f 2462/2462/2450 2353/2353/2341 2463/2463/2451
f 2423/2423/2411 2437/2437/2425 2464/2464/2452
f 2371/2371/2359 2397/2397/2385 2465/2465/2453
f 2447/2447/2435 2466/2466/2454 2439/2439/2427
f 2467/2467/2455 2453/2453/2441 2460/2460/2448
f 2394/2394/2382 2378/2378/2366 2261/2261/2249
f 2409/2409/2397 2455/2455/2443 2380/2380/2368
f 2309/2309/2297 2468/2468/2456 2377/2377/2365
f 2453/2453/2441 2465/2465/2453 2397/2397/2385
f 2460/2460/2448 2328/2328/2316 2454/2454/2442
f 2245/2245/2233 2394/2394/2382 2261/2261/2249
f 2468/2468/2456 2383/2383/2371 2377/2377/2365
f 2440/2440/2428 2424/2424/2412 2447/2447/2435
f 2447/2447/2435 2439/2439/2427 2440/2440/2428
f 2454/2454/2442 2361/2361/2349 2460/2460/2448
f 2463/2463/2451 2353/2353/2341 2287/2287/2275
f 2469/2469/2457 2461/2461/2449 2457/2457/2445
f 2456/2456/2444 2458/2458/2446 2470/2470/2458
f 2272/2272/2260 2471/2471/2459 2273/2273/2261
f 2469/2469/2457 2472/2472/2460 2461/2461/2449
f 2315/2315/2303 2457/2457/2445 2459/2459/2447
f 2459/2459/2447 2316/2316/2304 2315/2315/2303
f 2356/2356/2344 2455/2455/2443 2346/2346/2334
f 2473/2473/2461 2416/2416/2404 2418/2418/2406
f 2351/2351/2339 2452/2452/2440 2290/2290/2278
f 2474/2474/2462 2475/2475/2463 2473/2473/2461
f 2353/2353/2341 2462/2462/2450 2281/2281/2269
f 2315/2315/2303 2469/2469/2457 2457/2457/2445
f 2380/2380/2368 2455/2455/2443 2356/2356/2344
f 2470/2470/2458 2458/2458/2446 2473/2473/2461
f 2473/2473/2461 2475/2475/2463 2470/2470/2458
f 2384/2384/2372 2223/2223/2211 2257/2257/2245
f 2475/2475/2463 2476/2476/2464 2470/2470/2458
f 2346/2346/2334 2455/2455/2443 2400/2400/2388
f 2477/2477/2465 2449/2449/2437 2478/2478/2466
f 2444/2444/2432 2416/2416/2404 2473/2473/2461
f 2474/2474/2462 2473/2473/2461 2418/2418/2406
f 2411/2411/2399 2433/2433/2421 2432/2432/2420
f 2449/2449/2437 2477/2477/2465 2418/2418/2406
f 2473/2473/2461 2458/2458/2446 2444/2444/2432
f 2475/2475/2463 2474/2474/2462 2479/2479/2467
f 2418/2418/2406 2477/2477/2465 2474/2474/2462
f 2480/2480/2468 2481/2481/2469 2443/2443/2431
f 2462/2462/2450 2463/2463/2451 2482/2482/2470
f 2474/2474/2462 2477/2477/2465 2483/2483/2471
f 2462/2462/2450 2482/2482/2470 2484/2484/2472
f 2462/2462/2450 2484/2484/2472 2288/2288/2276
f 2474/2474/2462 2483/2483/2471 2479/2479/2467
f 2253/2253/2241 2424/2424/2412 2440/2440/2428
f 2485/2485/2473 2427/2427/2415 2445/2445/2433
f 2253/2253/2241 2252/2252/2240 2424/2424/2412
f 2355/2355/2343 2486/2486/2474 2435/2435/2423
f 2486/2486/2474 2487/2487/2475 2488/2488/2476
f 2489/2489/2477 2400/2400/2388 2409/2409/2397
f 2431/2431/2419 2490/2490/2478 2432/2432/2420
f 2486/2486/2474 2355/2355/2343 2487/2487/2475
f 2411/2411/2399 2489/2489/2477 2409/2409/2397
f 2486/2486/2474 2488/2488/2476 2448/2448/2436
f 2411/2411/2399 2432/2432/2420 2489/2489/2477
f 2451/2451/2439 2491/2491/2479 2452/2452/2440
f 2462/2462/2450 2288/2288/2276 2281/2281/2269
f 2351/2351/2339 2313/2313/2301 2451/2451/2439
f 2490/2490/2478 2401/2401/2389 2400/2400/2388
f 2492/2492/2480 2426/2426/2414 2444/2444/2432
f 2493/2493/2481 2464/2464/2452 2436/2436/2424
f 2464/2464/2452 2493/2493/2481 2385/2385/2373
f 2464/2464/2452 2437/2437/2425 2436/2436/2424
f 2446/2446/2434 2461/2461/2449 2472/2472/2460
f 2494/2494/2482 2359/2359/2347 2358/2358/2346
f 2461/2461/2449 2446/2446/2434 2492/2492/2480
f 2495/2495/2483 2496/2496/2484 2497/2497/2485
f 2492/2492/2480 2444/2444/2432 2461/2461/2449
f 2447/2447/2435 2392/2392/2380 2391/2391/2379
f 2498/2498/2486 2340/2340/2328 2499/2499/2487
f 2500/2500/2488 2501/2501/2489 2502/2502/2490
f 2493/2493/2481 2436/2436/2424 2408/2408/2396
f 2502/2502/2490 2503/2503/2491 2500/2500/2488
f 2504/2504/2492 2505/2505/2493 2261/2261/2249
f 2506/2506/2494 2507/2507/2495 2502/2502/2490
f 2508/2508/2496 2506/2506/2494 2502/2502/2490
f 2502/2502/2490 2507/2507/2495 2503/2503/2491
f 2498/2498/2486 2386/2386/2374 2340/2340/2328
f 2509/2509/2497 2500/2500/2488 2503/2503/2491
f 2505/2505/2493 2504/2504/2492 2510/2510/2498
f 2494/2494/2482 2395/2395/2383 2359/2359/2347
f 2499/2499/2487 2511/2511/2499 2512/2512/2500
f 2456/2456/2444 2512/2512/2500 2511/2511/2499
f 2505/2505/2493 2270/2270/2258 2264/2264/2252
f 2499/2499/2487 2513/2513/2501 2498/2498/2486
f 2512/2512/2500 2456/2456/2444 2470/2470/2458
f 2471/2471/2459 2460/2460/2448 2361/2361/2349
f 2361/2361/2349 2273/2273/2261 2471/2471/2459
f 2514/2514/2502 2515/2515/2503 2516/2516/2504
f 2499/2499/2487 2512/2512/2500 2513/2513/2501
f 2311/2311/2299 2310/2310/2298 2362/2362/2350
f 2517/2517/2505 2268/2268/2256 2270/2270/2258
f 2350/2350/2338 2499/2499/2487 2340/2340/2328
f 2518/2518/2506 2516/2516/2504 2515/2515/2503
f 2519/2519/2507 2520/2520/2508 2521/2521/2509
f 2519/2519/2507 2521/2521/2509 2518/2518/2506
f 2350/2350/2338 2405/2405/2393 2511/2511/2499
f 2520/2520/2508 2522/2522/2510 2523/2523/2511
f 2264/2264/2252 2261/2261/2249 2505/2505/2493
f 2518/2518/2506 2515/2515/2503 2519/2519/2507
f 2350/2350/2338 2511/2511/2499 2499/2499/2487
f 2264/2264/2252 2260/2260/2248 2261/2261/2249
f 2378/2378/2366 2360/2360/2348 2261/2261/2249
f 2520/2520/2508 2524/2524/2512 2525/2525/2513
f 2379/2379/2367 2411/2411/2399 2409/2409/2397
f 2525/2525/2513 2522/2522/2510 2520/2520/2508
f 2505/2505/2493 2510/2510/2498 2467/2467/2455
f 2526/2526/2514 2341/2341/2329 2329/2329/2317
f 2467/2467/2455 2517/2517/2505 2505/2505/2493
f 2520/2520/2508 2523/2523/2511 2521/2521/2509
f 2524/2524/2512 2520/2520/2508 2519/2519/2507
f 2511/2511/2499 2459/2459/2447 2456/2456/2444
f 2527/2527/2515 2517/2517/2505 2467/2467/2455
f 2527/2527/2515 2467/2467/2455 2460/2460/2448
f 2511/2511/2499 2316/2316/2304 2459/2459/2447
f 2511/2511/2499 2285/2285/2273 2316/2316/2304
f 2528/2528/2516 2529/2529/2516 2530/2530/2516
f 2514/2514/2502 2508/2508/2496 2502/2502/2490
f 2471/2471/2459 2527/2527/2515 2460/2460/2448
f 2509/2509/2497 2531/2531/2517 2500/2500/2488
f 2531/2531/2517 2532/2532/2518 2533/2533/2519
f 2533/2533/2519 2534/2534/2520 2531/2531/2517
f 2534/2534/2520 2533/2533/2519 2535/2535/2521
f 2534/2534/2520 2536/2536/2522 2501/2501/2489
f 2537/2537/2523 2538/2538/2524 2539/2539/2525
f 2531/2531/2517 2534/2534/2520 2500/2500/2488
f 2502/2502/2490 2501/2501/2489 2514/2514/2502
f 2540/2540/2526 2532/2532/2518 2531/2531/2517
f 2501/2501/2489 2500/2500/2488 2534/2534/2520
f 2539/2539/2525 2532/2532/2518 2537/2537/2523
f 2533/2533/2519 2532/2532/2518 2539/2539/2525
f 2541/2541/2527 2542/2542/2528 2543/2543/2529
f 2542/2542/2528 2541/2541/2527 2539/2539/2525
f 2467/2467/2455 2510/2510/2498 2465/2465/2453
f 2541/2541/2527 2543/2543/2529 2525/2525/2513
f 2536/2536/2522 2515/2515/2503 2514/2514/2502
f 2539/2539/2525 2538/2538/2524 2542/2542/2528
f 2371/2371/2359 2465/2465/2453 2504/2504/2492
f 2452/2452/2440 2544/2544/2530 2545/2545/2531
f 2536/2536/2522 2514/2514/2502 2501/2501/2489
f 2504/2504/2492 2261/2261/2249 2371/2371/2359
f 2535/2535/2521 2536/2536/2522 2534/2534/2520
f 2510/2510/2498 2504/2504/2492 2465/2465/2453
f 2536/2536/2522 2519/2519/2507 2515/2515/2503
f 2536/2536/2522 2535/2535/2521 2519/2519/2507
f 2533/2533/2519 2539/2539/2525 2541/2541/2527
f 2517/2517/2505 2527/2527/2515 2268/2268/2256
f 2490/2490/2478 2489/2489/2477 2432/2432/2420
f 2465/2465/2453 2453/2453/2441 2467/2467/2455
f 2527/2527/2515 2272/2272/2260 2268/2268/2256
f 2527/2527/2515 2471/2471/2459 2272/2272/2260
f 2541/2541/2527 2524/2524/2512 2533/2533/2519
f 2541/2541/2527 2525/2525/2513 2524/2524/2512
f 2398/2398/2386 2435/2435/2423 2399/2399/2387
f 2524/2524/2512 2519/2519/2507 2535/2535/2521
f 2546/2546/2532 2289/2289/2277 2452/2452/2440
f 2524/2524/2512 2535/2535/2521 2533/2533/2519
f 2547/2547/2533 2490/2490/2478 2431/2431/2419
f 2548/2548/2534 2393/2393/2381 2438/2438/2426
f 2391/2391/2379 2466/2466/2454 2447/2447/2435
f 2505/2505/2493 2517/2517/2505 2270/2270/2258
f 2549/2549/2535 2490/2490/2478 2547/2547/2533
f 2384/2384/2372 2493/2493/2481 2450/2450/2438
f 2272/2272/2260 2271/2271/2259 2546/2546/2532
f 2289/2289/2277 2546/2546/2532 2271/2271/2259
f 2550/2550/2536 2551/2551/2537 2494/2494/2482
f 2490/2490/2478 2549/2549/2535 2401/2401/2389
f 2552/2552/2538 2553/2553/2539 2554/2554/2540
f 2555/2555/2541 2556/2556/2542 2557/2557/2543
f 2558/2558/2544 2559/2559/2545 2560/2560/2546
f 2561/2561/2547 2538/2538/2524 2537/2537/2523
f 2548/2548/2534 2469/2469/2457 2319/2319/2307
f 2307/2307/2295 2435/2435/2423 2398/2398/2386
f 2562/2562/2548 2463/2463/2451 2287/2287/2275
f 2315/2315/2303 2319/2319/2307 2469/2469/2457
f 2385/2385/2373 2422/2422/2410 2464/2464/2452
f 2317/2317/2305 2448/2448/2436 2563/2563/2549
f 2557/2557/2543 2564/2564/2550 2565/2565/2551
f 2566/2566/2552 2564/2564/2550 2557/2557/2543
f 2566/2566/2552 2557/2557/2543 2556/2556/2542
f 2559/2559/2545 2558/2558/2544 2567/2567/2553
f 2568/2568/2554 2569/2569/2555 2570/2570/2556
f 2557/2557/2543 2565/2565/2551 2571/2571/2557
f 2570/2570/2556 2509/2509/2497 2568/2568/2554
f 2448/2448/2436 2435/2435/2423 2486/2486/2474
f 2319/2319/2307 2393/2393/2381 2548/2548/2534
f 2569/2569/2555 2572/2572/2558 2570/2570/2556
f 2269/2269/2257 2272/2272/2260 2573/2573/2559
f 2468/2468/2456 2574/2574/2560 2383/2383/2371
f 2568/2568/2554 2442/2442/2430 2569/2569/2555
f 2562/2562/2548 2317/2317/2305 2563/2563/2549
f 2575/2575/2561 2576/2576/2562 2577/2577/2563
f 2571/2571/2557 2555/2555/2541 2557/2557/2543
f 2578/2578/2564 2579/2579/2565 2576/2576/2562
f 2576/2576/2562 2575/2575/2561 2578/2578/2564
f 2578/2578/2564 2575/2575/2561 2566/2566/2552
f 2531/2531/2517 2509/2509/2497 2570/2570/2556
f 2540/2540/2526 2570/2570/2556 2572/2572/2558
f 2269/2269/2257 2573/2573/2559 2580/2580/2566
f 2561/2561/2547 2537/2537/2523 2581/2581/2567
f 2531/2531/2517 2570/2570/2556 2540/2540/2526
f 2562/2562/2548 2287/2287/2275 2317/2317/2305
f 2582/2582/2568 2583/2583/2569 2584/2584/2570
f 2580/2580/2566 2585/2585/2571 2270/2270/2258
f 2466/2466/2454 2391/2391/2379 2586/2586/2572
f 2580/2580/2566 2270/2270/2258 2269/2269/2257
f 2540/2540/2526 2572/2572/2558 2537/2537/2523
f 2566/2566/2552 2556/2556/2542 2578/2578/2564
f 2532/2532/2518 2540/2540/2526 2537/2537/2523
f 2555/2555/2541 2587/2587/2573 2556/2556/2542
f 2423/2423/2411 2464/2464/2452 2422/2422/2410
f 2580/2580/2566 2588/2588/2574 2585/2585/2571
f 2581/2581/2567 2537/2537/2523 2572/2572/2558
f 2589/2589/2575 2419/2419/2407 2421/2421/2409
f 2452/2452/2440 2545/2545/2531 2546/2546/2532
f 2344/2344/2332 2440/2440/2428 2342/2342/2330
f 2573/2573/2559 2272/2272/2260 2590/2590/2576
f 2591/2591/2577 2255/2255/2243 2262/2262/2250
f 2590/2590/2576 2272/2272/2260 2546/2546/2532
f 2246/2246/2234 2255/2255/2243 2591/2591/2577
f 2592/2592/2578 2419/2419/2407 2589/2589/2575
f 2262/2262/2250 2593/2593/2579 2591/2591/2577
f 2421/2421/2409 2429/2429/2417 2344/2344/2332
f 2344/2344/2332 2594/2594/2580 2421/2421/2409
f 2498/2498/2486 2513/2513/2501 2595/2595/2581
f 2596/2596/2582 2597/2597/2583 2595/2595/2581
f 2422/2422/2410 2385/2385/2373 2258/2258/2246
f 2489/2489/2477 2490/2490/2478 2400/2400/2388
f 2384/2384/2372 2385/2385/2373 2493/2493/2481
f 2596/2596/2582 2598/2598/2584 2597/2597/2583
f 2258/2258/2246 2279/2279/2267 2422/2422/2410
f 2472/2472/2460 2438/2438/2426 2446/2446/2434
f 2364/2364/2352 2551/2551/2537 2599/2599/2585
f 2262/2262/2250 2585/2585/2571 2593/2593/2579
f 2548/2548/2534 2438/2438/2426 2472/2472/2460
f 2421/2421/2409 2594/2594/2580 2589/2589/2575
f 2550/2550/2536 2600/2600/2586 2599/2599/2585
f 2373/2373/2361 2364/2364/2352 2601/2601/2587
f 2551/2551/2537 2395/2395/2383 2494/2494/2482
f 2550/2550/2536 2599/2599/2585 2551/2551/2537
f 2508/2508/2496 2514/2514/2502 2602/2602/2588
f 2469/2469/2457 2548/2548/2534 2472/2472/2460
f 2403/2403/2391 2395/2395/2383 2551/2551/2537
f 2602/2602/2588 2603/2603/2589 2508/2508/2496
f 2344/2344/2332 2343/2343/2331 2382/2382/2370
f 2514/2514/2502 2516/2516/2504 2602/2602/2588
f 2551/2551/2537 2364/2364/2352 2403/2403/2391
f 2382/2382/2370 2594/2594/2580 2344/2344/2332
f 2599/2599/2585 2601/2601/2587 2364/2364/2352
f 2373/2373/2361 2363/2363/2351 2364/2364/2352
f 2604/2604/2590 2581/2581/2567 2572/2572/2558
f 2605/2605/2591 2606/2606/2592 2607/2607/2593
f 2599/2599/2585 2600/2600/2586 2601/2601/2587
f 2606/2606/2592 2605/2605/2591 2434/2434/2422
f 2604/2604/2590 2572/2572/2558 2569/2569/2555
f 2604/2604/2590 2608/2608/2594 2581/2581/2567
f 2609/2609/2595 2434/2434/2422 2605/2605/2591
f 2610/2610/2596 2507/2507/2495 2480/2480/2468
f 2606/2606/2592 2611/2611/2597 2607/2607/2593
f 2480/2480/2468 2443/2443/2431 2610/2610/2596
f 2610/2610/2596 2503/2503/2491 2507/2507/2495
f 2612/2612/2598 2613/2613/2599 2614/2614/2600
f 2568/2568/2554 2503/2503/2491 2610/2610/2596
f 2615/2615/2601 2616/2616/2602 2613/2613/2599
f 2485/2485/2473 2589/2589/2575 2617/2617/2603
f 2568/2568/2554 2509/2509/2497 2503/2503/2491
f 2616/2616/2602 2618/2618/2604 2613/2613/2599
f 2615/2615/2601 2619/2619/2605 2616/2616/2602
f 2596/2596/2582 2479/2479/2467 2620/2620/2606
f 2434/2434/2422 2609/2609/2595 2413/2413/2401
f 2568/2568/2554 2610/2610/2596 2443/2443/2431
f 2568/2568/2554 2443/2443/2431 2442/2442/2430
f 2592/2592/2578 2423/2423/2411 2419/2419/2407
f 2485/2485/2473 2592/2592/2578 2589/2589/2575
f 2594/2594/2580 2617/2617/2603 2589/2589/2575
f 2592/2592/2578 2485/2485/2473 2445/2445/2433
f 2475/2475/2463 2479/2479/2467 2476/2476/2464
f 2621/2621/2607 2622/2622/2608 2623/2623/2609
f 2596/2596/2582 2620/2620/2606 2598/2598/2584
f 2476/2476/2464 2479/2479/2467 2596/2596/2582
f 2622/2622/2608 2621/2621/2607 2624/2624/2610
f 2512/2512/2500 2625/2625/2611 2513/2513/2501
f 2559/2559/2545 2567/2567/2553 2623/2623/2609
f 2620/2620/2606 2479/2479/2467 2483/2483/2471
f 2626/2626/2612 2618/2618/2604 2627/2627/2613
f 2592/2592/2578 2445/2445/2433 2423/2423/2411
f 2567/2567/2553 2621/2621/2607 2623/2623/2609
f 2594/2594/2580 2382/2382/2370 2611/2611/2597
f 2628/2628/2614 2624/2624/2610 2621/2621/2607
f 2629/2629/2615 2630/2630/2616 2612/2612/2598
f 2476/2476/2464 2625/2625/2611 2470/2470/2458
f 2631/2631/2617 2632/2632/2618 2633/2633/2619
f 2634/2634/2620 2635/2635/2621 2586/2586/2572
f 2594/2594/2580 2611/2611/2597 2617/2617/2603
f 2632/2632/2618 2631/2631/2617 2296/2296/2284
f 2480/2480/2468 2507/2507/2495 2506/2506/2494
f 2476/2476/2464 2596/2596/2582 2625/2625/2611
f 2612/2612/2598 2615/2615/2601 2613/2613/2599
f 2625/2625/2611 2512/2512/2500 2470/2470/2458
f 2595/2595/2581 2513/2513/2501 2625/2625/2611
f 2636/2636/2622 2637/2637/2623 2584/2584/2570
f 2240/2240/2228 2229/2229/2217 2638/2638/2624
f 2639/2639/2625 2640/2640/2626 2234/2234/2222
f 2641/2641/2627 2642/2642/2628 2643/2643/2629
f 2641/2641/2627 2643/2643/2629 2640/2640/2626
f 2595/2595/2581 2625/2625/2611 2596/2596/2582
f 2235/2235/2223 2233/2233/2221 2224/2224/2212
f 2639/2639/2625 2641/2641/2627 2640/2640/2626
f 2262/2262/2250 2264/2264/2252 2585/2585/2571
f 2641/2641/2627 2644/2644/2630 2642/2642/2628
f 2585/2585/2571 2264/2264/2252 2270/2270/2258
f 2289/2289/2277 2290/2290/2278 2452/2452/2440
f 2645/2645/2631 2646/2646/2632 2619/2619/2605
f 2348/2348/2336 2347/2347/2335 2647/2647/2633
f 2648/2648/2634 2645/2645/2631 2649/2649/2635
f 2619/2619/2605 2649/2649/2635 2645/2645/2631
f 2650/2650/2636 2285/2285/2273 2293/2293/2281
f 2388/2388/2376 2402/2402/2390 2389/2389/2377
f 2651/2651/2637 2652/2652/2638 2653/2653/2639
f 2654/2654/2640 2655/2655/2641 2652/2652/2638
f 2652/2652/2638 2651/2651/2637 2654/2654/2640
f 2630/2630/2616 2656/2656/2642 2619/2619/2605
f 2347/2347/2335 2401/2401/2389 2647/2647/2633
f 2401/2401/2389 2549/2549/2535 2657/2657/2643
f 2658/2658/2644 2659/2659/2645 2660/2660/2646
f 2659/2659/2645 2661/2661/2647 2660/2660/2646
f 2615/2615/2601 2612/2612/2598 2630/2630/2616
f 2662/2662/2648 2635/2635/2621 2634/2634/2620
f 2647/2647/2633 2663/2663/2649 2664/2664/2650
f 2663/2663/2649 2647/2647/2633 2401/2401/2389
f 2665/2665/2651 2666/2666/2652 2576/2576/2562
f 2615/2615/2601 2630/2630/2616 2619/2619/2605
f 2665/2665/2651 2576/2576/2562 2579/2579/2565
f 2667/2667/2653 2248/2248/2236 2250/2250/2238
f 2254/2254/2242 2299/2299/2287 2404/2404/2392
f 2348/2348/2336 2647/2647/2633 2664/2664/2650
f 2668/2668/2654 2656/2656/2642 2630/2630/2616
f 2669/2669/2655 2656/2656/2642 2668/2668/2654
f 2658/2658/2644 2660/2660/2646 2670/2670/2656
f 2669/2669/2655 2648/2648/2634 2649/2649/2635
f 2579/2579/2565 2578/2578/2564 2556/2556/2542
f 2404/2404/2392 2259/2259/2247 2254/2254/2242
f 2671/2671/2657 2669/2669/2655 2668/2668/2654
f 2348/2348/2336 2672/2672/2658 2354/2354/2342
f 2673/2673/2659 2487/2487/2475 2354/2354/2342
f 2582/2582/2568 2584/2584/2570 2637/2637/2623
f 2636/2636/2622 2674/2674/2660 2637/2637/2623
f 2653/2653/2639 2497/2497/2485 2675/2675/2661
f 2646/2646/2632 2616/2616/2602 2619/2619/2605
f 2676/2676/2662 2670/2670/2656 2660/2660/2646
f 2671/2671/2657 2677/2677/2663 2669/2669/2655
f 2676/2676/2662 2678/2678/2664 2679/2679/2665
f 2678/2678/2664 2680/2680/2666 2679/2679/2665
f 2681/2681/2667 2672/2672/2658 2348/2348/2336
f 2679/2679/2665 2670/2670/2656 2676/2676/2662
f 2669/2669/2655 2677/2677/2663 2682/2682/2668
f 2683/2683/2669 2684/2684/2670 2659/2659/2645
f 2685/2685/2671 2686/2686/2672 2687/2687/2673
f 2684/2684/2670 2661/2661/2647 2659/2659/2645
f 2675/2675/2661 2497/2497/2485 2496/2496/2484
f 2682/2682/2668 2648/2648/2634 2669/2669/2655
f 2682/2682/2668 2688/2688/2674 2648/2648/2634
f 2649/2649/2635 2619/2619/2605 2656/2656/2642
f 2645/2645/2631 2648/2648/2634 2688/2688/2674
f 2487/2487/2475 2355/2355/2343 2354/2354/2342
f 2624/2624/2610 2586/2586/2572 2391/2391/2379
f 2390/2390/2378 2624/2624/2610 2391/2391/2379
f 2673/2673/2659 2689/2689/2675 2487/2487/2475
f 2229/2229/2217 2228/2228/2216 2236/2236/2224
f 2674/2674/2660 2636/2636/2622 2690/2690/2676
f 2691/2691/2677 2692/2692/2678 2693/2693/2679
f 2693/2693/2679 2694/2694/2680 2691/2691/2677
f 2649/2649/2635 2656/2656/2642 2669/2669/2655
f 2693/2693/2679 2692/2692/2678 2695/2695/2681
f 2296/2296/2284 2495/2495/2483 2297/2297/2285
f 2693/2693/2679 2696/2696/2682 2627/2627/2613
f 2692/2692/2678 2691/2691/2677 2697/2697/2683
f 2691/2691/2677 2683/2683/2669 2697/2697/2683
f 2691/2691/2677 2684/2684/2670 2683/2683/2669
f 2644/2644/2630 2641/2641/2627 2565/2565/2551
f 2495/2495/2483 2698/2698/2684 2699/2699/2685
f 2700/2700/2686 2684/2684/2670 2691/2691/2677
f 2701/2701/2687 2702/2702/2688 2703/2703/2689
f 2348/2348/2336 2664/2664/2650 2681/2681/2667
f 2701/2701/2687 2704/2704/2690 2702/2702/2688
f 2696/2696/2682 2693/2693/2679 2695/2695/2681
f 2672/2672/2658 2673/2673/2659 2354/2354/2342
f 2686/2686/2672 2705/2705/2691 2706/2706/2692
f 2707/2707/2693 2708/2708/2694 2709/2709/2695
f 2707/2707/2693 2710/2710/2696 2708/2708/2694
f 2686/2686/2672 2685/2685/2671 2705/2705/2691
f 2711/2711/2697 2692/2692/2678 2697/2697/2683
f 2712/2712/2698 2702/2702/2688 2687/2687/2673
f 2628/2628/2614 2621/2621/2607 2713/2713/2699
f 2628/2628/2614 2713/2713/2699 2662/2662/2648
f 2663/2663/2649 2657/2657/2643 2714/2714/2700
f 2687/2687/2673 2702/2702/2688 2704/2704/2690
f 2705/2705/2691 2715/2715/2701 2716/2716/2702
f 2715/2715/2701 2685/2685/2671 2704/2704/2690
f 2236/2236/2224 2231/2231/2219 2709/2709/2695
f 2701/2701/2687 2703/2703/2689 2717/2717/2703
f 2718/2718/2704 2699/2699/2685 2719/2719/2705
f 2705/2705/2691 2685/2685/2671 2715/2715/2701
f 2685/2685/2671 2687/2687/2673 2704/2704/2690
f 2236/2236/2224 2709/2709/2695 2708/2708/2694
f 2495/2495/2483 2718/2718/2704 2496/2496/2484
f 2495/2495/2483 2699/2699/2685 2718/2718/2704
f 2699/2699/2685 2698/2698/2684 2720/2720/2706
f 2706/2706/2692 2721/2721/2707 2686/2686/2672
f 2667/2667/2653 2295/2295/2283 2248/2248/2236
f 2722/2722/2708 2704/2704/2690 2701/2701/2687
f 2713/2713/2699 2621/2621/2607 2567/2567/2553
f 2704/2704/2690 2722/2722/2708 2715/2715/2701
f 2567/2567/2553 2723/2723/2709 2713/2713/2699
f 2295/2295/2283 2667/2667/2653 2552/2552/2538
f 2724/2724/2710 2725/2725/2711 2664/2664/2650
f 2663/2663/2649 2714/2714/2700 2664/2664/2650
f 2723/2723/2709 2567/2567/2553 2558/2558/2544
f 2664/2664/2650 2714/2714/2700 2724/2724/2710
f 2726/2726/2712 2227/2227/2215 2283/2283/2271
f 2727/2727/2713 2295/2295/2283 2552/2552/2538
f 2726/2726/2712 2231/2231/2219 2227/2227/2215
f 2657/2657/2643 2663/2663/2649 2401/2401/2389
f 2662/2662/2648 2634/2634/2620 2628/2628/2614
f 2726/2726/2712 2709/2709/2695 2231/2231/2219
f 2728/2728/2714 2247/2247/2235 2246/2246/2234
f 2728/2728/2714 2729/2729/2715 2247/2247/2235
f 2246/2246/2234 2591/2591/2577 2728/2728/2714
f 2552/2552/2538 2667/2667/2653 2250/2250/2238
f 2708/2708/2694 2638/2638/2624 2229/2229/2217
f 2376/2376/2364 2375/2375/2363 2730/2730/2716
f 2381/2381/2369 2731/2731/2717 2611/2611/2597
f 2606/2606/2592 2617/2617/2603 2611/2611/2597
f 2485/2485/2473 2428/2428/2416 2427/2427/2415
f 2611/2611/2597 2731/2731/2717 2607/2607/2593
f 2428/2428/2416 2617/2617/2603 2606/2606/2592
f 2606/2606/2592 2434/2434/2422 2428/2428/2416
f 2730/2730/2716 2375/2375/2363 2383/2383/2371
f 2428/2428/2416 2485/2485/2473 2617/2617/2603
f 2251/2251/2239 2732/2732/2718 2299/2299/2287
f 2381/2381/2369 2611/2611/2597 2382/2382/2370
f 2256/2256/2244 2643/2643/2629 2732/2732/2718
f 2241/2241/2229 2234/2234/2222 2643/2643/2629
f 2730/2730/2716 2383/2383/2371 2574/2574/2560
f 2732/2732/2718 2251/2251/2239 2256/2256/2244
f 2241/2241/2229 2643/2643/2629 2256/2256/2244
f 2291/2291/2279 2295/2295/2283 2650/2650/2636
f 2236/2236/2224 2708/2708/2694 2229/2229/2217
f 2650/2650/2636 2293/2293/2281 2291/2291/2279
f 2650/2650/2636 2302/2302/2290 2285/2285/2273
f 2708/2708/2694 2733/2733/2719 2638/2638/2624
f 2700/2700/2686 2691/2691/2677 2694/2694/2680
f 2734/2734/2720 2566/2566/2552 2575/2575/2561
f 2734/2734/2720 2564/2564/2550 2566/2566/2552
f 2735/2735/2721 2736/2736/2722 2716/2716/2702
f 2725/2725/2711 2681/2681/2667 2664/2664/2650
f 2681/2681/2667 2725/2725/2711 2736/2736/2722
f 2725/2725/2711 2737/2737/2723 2736/2736/2722
f 2738/2738/2724 2575/2575/2561 2577/2577/2563
f 2302/2302/2290 2650/2650/2636 2739/2739/2725
f 2644/2644/2630 2564/2564/2550 2734/2734/2720
f 2740/2740/2726 2741/2741/2727 2742/2742/2728
f 2573/2573/2559 2590/2590/2576 2743/2743/2729
f 2693/2693/2679 2627/2627/2613 2744/2744/2730
f 2743/2743/2729 2745/2745/2731 2573/2573/2559
f 2693/2693/2679 2744/2744/2730 2694/2694/2680
f 2746/2746/2732 2588/2588/2574 2580/2580/2566
f 2580/2580/2566 2745/2745/2731 2746/2746/2732
f 2747/2747/2733 2571/2571/2557 2565/2565/2551
f 2736/2736/2722 2735/2735/2721 2748/2748/2734
f 2575/2575/2561 2741/2741/2727 2734/2734/2720
f 2575/2575/2561 2738/2738/2724 2741/2741/2727
f 2749/2749/2735 2546/2546/2532 2545/2545/2531
f 2624/2624/2610 2634/2634/2620 2586/2586/2572
f 2734/2734/2720 2741/2741/2727 2750/2750/2736
f 2734/2734/2720 2750/2750/2736 2644/2644/2630
f 2296/2296/2284 2298/2298/2286 2632/2632/2618
f 2283/2283/2271 2739/2739/2725 2726/2726/2712
f 2751/2751/2737 2752/2752/2738 2753/2753/2739
f 2681/2681/2667 2748/2748/2734 2672/2672/2658
f 2743/2743/2729 2632/2632/2618 2298/2298/2286
f 2741/2741/2727 2740/2740/2726 2750/2750/2736
f 2302/2302/2290 2739/2739/2725 2283/2283/2271
f 2736/2736/2722 2748/2748/2734 2681/2681/2667
f 2544/2544/2530 2754/2754/2740 2633/2633/2619
f 2748/2748/2734 2673/2673/2659 2672/2672/2658
f 2673/2673/2659 2748/2748/2734 2735/2735/2721
f 2673/2673/2659 2735/2735/2721 2689/2689/2675
f 2627/2627/2613 2618/2618/2604 2744/2744/2730
f 2745/2745/2731 2298/2298/2286 2755/2755/2741
f 2745/2745/2731 2743/2743/2729 2298/2298/2286
f 2717/2717/2703 2756/2756/2742 2757/2757/2743
f 2758/2758/2744 2747/2747/2733 2565/2565/2551
f 2588/2588/2574 2593/2593/2579 2585/2585/2571
f 2565/2565/2551 2641/2641/2627 2758/2758/2744
f 2590/2590/2576 2632/2632/2618 2743/2743/2729
f 2565/2565/2551 2564/2564/2550 2644/2644/2630
f 2573/2573/2559 2745/2745/2731 2580/2580/2566
f 2722/2722/2708 2701/2701/2687 2757/2757/2743
f 2759/2759/2745 2760/2760/2746 2761/2761/2747
f 2761/2761/2747 2593/2593/2579 2759/2759/2745
f 2701/2701/2687 2717/2717/2703 2757/2757/2743
f 2722/2722/2708 2757/2757/2743 2751/2751/2737
f 2560/2560/2546 2559/2559/2545 2742/2742/2728
f 2762/2762/2748 2763/2763/2749 2764/2764/2750
f 2755/2755/2741 2746/2746/2732 2745/2745/2731
f 2559/2559/2545 2623/2623/2609 2742/2742/2728
f 2560/2560/2546 2738/2738/2724 2577/2577/2563
f 2765/2765/2751 2766/2766/2752 2767/2767/2753
f 2768/2768/2754 2616/2616/2602 2646/2646/2632
f 2700/2700/2686 2768/2768/2754 2769/2769/2755
f 2700/2700/2686 2694/2694/2680 2768/2768/2754
f 2742/2742/2728 2738/2738/2724 2560/2560/2546
f 2744/2744/2730 2768/2768/2754 2694/2694/2680
f 2742/2742/2728 2741/2741/2727 2738/2738/2724
f 2764/2764/2750 2763/2763/2749 2757/2757/2743
f 2593/2593/2579 2588/2588/2574 2746/2746/2732
f 2770/2770/2756 2771/2771/2757 2636/2636/2622
f 2590/2590/2576 2546/2546/2532 2749/2749/2735
f 2690/2690/2676 2636/2636/2622 2771/2771/2757
f 2750/2750/2736 2740/2740/2726 2772/2772/2758
f 2593/2593/2579 2746/2746/2732 2759/2759/2745
f 2715/2715/2701 2751/2751/2737 2753/2753/2739
f 2722/2722/2708 2751/2751/2737 2715/2715/2701
f 2773/2773/2759 2774/2774/2760 2775/2775/2761
f 2774/2774/2760 2773/2773/2759 2584/2584/2570
f 2590/2590/2576 2749/2749/2735 2632/2632/2618
f 2545/2545/2531 2633/2633/2619 2632/2632/2618
f 2766/2766/2752 2776/2776/2762 2777/2777/2763
f 2299/2299/2287 2778/2778/2764 2750/2750/2736
f 2299/2299/2287 2750/2750/2736 2772/2772/2758
f 2632/2632/2618 2749/2749/2735 2545/2545/2531
f 2773/2773/2759 2767/2767/2753 2779/2779/2765
f 2616/2616/2602 2768/2768/2754 2744/2744/2730
f 2390/2390/2378 2622/2622/2608 2624/2624/2610
f 2616/2616/2602 2744/2744/2730 2618/2618/2604
f 2642/2642/2628 2750/2750/2736 2778/2778/2764
f 2773/2773/2759 2779/2779/2765 2770/2770/2756
f 2642/2642/2628 2778/2778/2764 2643/2643/2629
f 2390/2390/2378 2389/2389/2377 2622/2622/2608
f 2780/2780/2766 2402/2402/2390 2404/2404/2392
f 2772/2772/2758 2404/2404/2392 2299/2299/2287
f 2780/2780/2766 2389/2389/2377 2402/2402/2390
f 2404/2404/2392 2772/2772/2758 2780/2780/2766
f 2761/2761/2747 2591/2591/2577 2593/2593/2579
f 2779/2779/2765 2767/2767/2753 2766/2766/2752
f 2775/2775/2761 2767/2767/2753 2773/2773/2759
f 2767/2767/2753 2775/2775/2761 2765/2765/2751
f 2623/2623/2609 2781/2781/2767 2742/2742/2728
f 2689/2689/2675 2735/2735/2721 2753/2753/2739
f 2716/2716/2702 2753/2753/2739 2735/2735/2721
f 2762/2762/2748 2689/2689/2675 2753/2753/2739
f 2715/2715/2701 2753/2753/2739 2716/2716/2702
f 2781/2781/2767 2389/2389/2377 2780/2780/2766
f 2752/2752/2738 2751/2751/2737 2757/2757/2743
f 2642/2642/2628 2644/2644/2630 2750/2750/2736
f 2631/2631/2617 2633/2633/2619 2754/2754/2740
f 2763/2763/2749 2752/2752/2738 2757/2757/2743
f 2631/2631/2617 2754/2754/2740 2720/2720/2706
f 2631/2631/2617 2698/2698/2684 2296/2296/2284
f 2763/2763/2749 2762/2762/2748 2752/2752/2738
f 2753/2753/2739 2752/2752/2738 2762/2762/2748
f 2296/2296/2284 2698/2698/2684 2495/2495/2483
f 2778/2778/2764 2299/2299/2287 2732/2732/2718
f 2389/2389/2377 2781/2781/2767 2623/2623/2609
f 2773/2773/2759 2770/2770/2756 2584/2584/2570
f 2631/2631/2617 2720/2720/2706 2698/2698/2684
f 2766/2766/2752 2777/2777/2763 2779/2779/2765
f 2771/2771/2757 2770/2770/2756 2779/2779/2765
f 2779/2779/2765 2777/2777/2763 2782/2782/2768
f 2740/2740/2726 2781/2781/2767 2780/2780/2766
f 2770/2770/2756 2636/2636/2622 2584/2584/2570
f 2780/2780/2766 2772/2772/2758 2740/2740/2726
f 2783/2783/2769 2784/2784/2770 2775/2775/2761
f 2742/2742/2728 2781/2781/2767 2740/2740/2726
f 2774/2774/2760 2584/2584/2570 2583/2583/2569
f 2628/2628/2614 2634/2634/2620 2624/2624/2610
f 2622/2622/2608 2389/2389/2377 2623/2623/2609
f 2785/2785/2771 2482/2482/2470 2463/2463/2451
f 2786/2786/2772 2463/2463/2451 2562/2562/2548
f 2786/2786/2772 2785/2785/2771 2463/2463/2451
f 2650/2650/2636 2295/2295/2283 2727/2727/2713
f 2787/2787/2773 2788/2788/2774 2789/2789/2775
f 2787/2787/2773 2789/2789/2775 2769/2769/2755
f 2768/2768/2754 2787/2787/2773 2769/2769/2755
f 2790/2790/2776 2737/2737/2723 2791/2791/2777
f 2792/2792/2778 2793/2793/2779 2794/2794/2780
f 2705/2705/2691 2790/2790/2776 2706/2706/2692
f 2790/2790/2776 2791/2791/2777 2793/2793/2779
f 2795/2795/2781 2727/2727/2713 2552/2552/2538
f 2796/2796/2782 2797/2797/2783 2798/2798/2784
f 2629/2629/2615 2612/2612/2598 2614/2614/2600
f 2646/2646/2632 2787/2787/2773 2768/2768/2754
f 2797/2797/2783 2666/2666/2652 2798/2798/2784
f 2799/2799/2785 2800/2800/2786 2794/2794/2780
f 2688/2688/2674 2801/2801/2787 2645/2645/2631
f 2487/2487/2475 2762/2762/2748 2488/2488/2476
f 2776/2776/2762 2739/2739/2725 2650/2650/2636
f 2802/2802/2788 2788/2788/2774 2645/2645/2631
f 2645/2645/2631 2801/2801/2787 2802/2802/2788
f 2803/2803/2789 2804/2804/2790 2805/2805/2791
f 2806/2806/2792 2739/2739/2725 2776/2776/2762
f 2807/2807/2793 2808/2808/2794 2804/2804/2790
f 2560/2560/2546 2797/2797/2783 2796/2796/2782
f 2661/2661/2647 2769/2769/2755 2789/2789/2775
f 2661/2661/2647 2789/2789/2775 2660/2660/2646
f 2786/2786/2772 2757/2757/2743 2756/2756/2742
f 2684/2684/2670 2700/2700/2686 2661/2661/2647
f 2793/2793/2779 2799/2799/2785 2794/2794/2780
f 2678/2678/2664 2802/2802/2788 2801/2801/2787
f 2661/2661/2647 2700/2700/2686 2769/2769/2755
f 2809/2809/2795 2785/2785/2771 2756/2756/2742
f 2806/2806/2792 2707/2707/2693 2709/2709/2695
f 2676/2676/2662 2802/2802/2788 2678/2678/2664
f 2560/2560/2546 2796/2796/2782 2558/2558/2544
f 2776/2776/2762 2766/2766/2752 2806/2806/2792
f 2678/2678/2664 2801/2801/2787 2810/2810/2796
f 2709/2709/2695 2726/2726/2712 2806/2806/2792
f 2808/2808/2794 2811/2811/2797 2812/2812/2798
f 2810/2810/2796 2801/2801/2787 2688/2688/2674
f 2812/2812/2798 2805/2805/2791 2808/2808/2794
f 2805/2805/2791 2804/2804/2790 2808/2808/2794
f 2812/2812/2798 2813/2813/2799 2805/2805/2791
f 2554/2554/2540 2812/2812/2798 2795/2795/2781
f 2716/2716/2702 2737/2737/2723 2790/2790/2776
f 2716/2716/2702 2736/2736/2722 2737/2737/2723
f 2725/2725/2711 2791/2791/2777 2737/2737/2723
f 2814/2814/2800 2759/2759/2745 2815/2815/2801
f 2812/2812/2798 2811/2811/2797 2795/2795/2781
f 2816/2816/2802 2655/2655/2641 2654/2654/2640
f 2746/2746/2732 2815/2815/2801 2759/2759/2745
f 2554/2554/2540 2813/2813/2799 2812/2812/2798
f 2787/2787/2773 2646/2646/2632 2645/2645/2631
f 2815/2815/2801 2755/2755/2741 2817/2817/2803
f 2755/2755/2741 2815/2815/2801 2746/2746/2732
f 2799/2799/2785 2725/2725/2711 2724/2724/2710
f 2787/2787/2773 2645/2645/2631 2788/2788/2774
f 2799/2799/2785 2791/2791/2777 2725/2725/2711
f 2754/2754/2740 2544/2544/2530 2452/2452/2440
f 2786/2786/2772 2756/2756/2742 2785/2785/2771
f 2809/2809/2795 2482/2482/2470 2785/2785/2771
f 2563/2563/2549 2764/2764/2750 2562/2562/2548
f 2639/2639/2625 2234/2234/2222 2235/2235/2223
f 2762/2762/2748 2764/2764/2750 2488/2488/2476
f 2652/2652/2638 2815/2815/2801 2817/2817/2803
f 2818/2818/2804 2733/2733/2719 2784/2784/2770
f 2811/2811/2797 2777/2777/2763 2776/2776/2762
f 2545/2545/2531 2544/2544/2530 2633/2633/2619
f 2448/2448/2436 2488/2488/2476 2764/2764/2750
f 2764/2764/2750 2563/2563/2549 2448/2448/2436
f 2710/2710/2696 2707/2707/2693 2765/2765/2751
f 2790/2790/2776 2819/2819/2805 2706/2706/2692
f 2250/2250/2238 2553/2553/2539 2552/2552/2538
f 2789/2789/2775 2788/2788/2774 2802/2802/2788
f 2786/2786/2772 2562/2562/2548 2764/2764/2750
f 2819/2819/2805 2793/2793/2779 2792/2792/2778
f 2793/2793/2779 2819/2819/2805 2790/2790/2776
f 2676/2676/2662 2789/2789/2775 2802/2802/2788
f 2728/2728/2714 2591/2591/2577 2761/2761/2747
f 2710/2710/2696 2765/2765/2751 2784/2784/2770
f 2762/2762/2748 2487/2487/2475 2689/2689/2675
f 2560/2560/2546 2577/2577/2563 2797/2797/2783
f 2777/2777/2763 2811/2811/2797 2820/2820/2806
f 2820/2820/2806 2782/2782/2768 2777/2777/2763
f 2733/2733/2719 2818/2818/2804 2638/2638/2624
f 2819/2819/2805 2821/2821/2807 2706/2706/2692
f 2806/2806/2792 2726/2726/2712 2739/2739/2725
f 2815/2815/2801 2652/2652/2638 2814/2814/2800
f 2652/2652/2638 2655/2655/2641 2814/2814/2800
f 2771/2771/2757 2782/2782/2768 2807/2807/2793
f 2822/2822/2808 2639/2639/2625 2235/2235/2223
f 2797/2797/2783 2576/2576/2562 2666/2666/2652
f 2716/2716/2702 2790/2790/2776 2705/2705/2691
f 2576/2576/2562 2797/2797/2783 2577/2577/2563
f 2234/2234/2222 2640/2640/2626 2643/2643/2629
f 2775/2775/2761 2784/2784/2770 2765/2765/2751
f 2771/2771/2757 2779/2779/2765 2782/2782/2768
f 2497/2497/2485 2653/2653/2639 2817/2817/2803
f 2727/2727/2713 2811/2811/2797 2650/2650/2636
f 2791/2791/2777 2799/2799/2785 2793/2793/2779
f 2811/2811/2797 2776/2776/2762 2650/2650/2636
f 2727/2727/2713 2795/2795/2781 2811/2811/2797
f 2757/2757/2743 2786/2786/2772 2764/2764/2750
f 2728/2728/2714 2761/2761/2747 2760/2760/2746
f 2817/2817/2803 2653/2653/2639 2652/2652/2638
f 2807/2807/2793 2782/2782/2768 2820/2820/2806
f 2732/2732/2718 2643/2643/2629 2778/2778/2764
f 2760/2760/2746 2823/2823/2809 2729/2729/2715
f 2760/2760/2746 2729/2729/2715 2728/2728/2714
f 2824/2824/2810 2690/2690/2676 2807/2807/2793
f 2771/2771/2757 2807/2807/2793 2690/2690/2676
f 2807/2807/2793 2820/2820/2806 2808/2808/2794
f 2758/2758/2744 2639/2639/2625 2822/2822/2808
f 2783/2783/2769 2818/2818/2804 2784/2784/2770
f 2676/2676/2662 2660/2660/2646 2789/2789/2775
f 2710/2710/2696 2733/2733/2719 2708/2708/2694
f 2799/2799/2785 2724/2724/2710 2800/2800/2786
f 2710/2710/2696 2784/2784/2770 2733/2733/2719
f 2825/2825/2811 2814/2814/2800 2655/2655/2641
f 2758/2758/2744 2641/2641/2627 2639/2639/2625
f 2814/2814/2800 2825/2825/2811 2760/2760/2746
f 2824/2824/2810 2807/2807/2793 2804/2804/2790
f 2618/2618/2604 2626/2626/2612 2613/2613/2599
f 2814/2814/2800 2760/2760/2746 2759/2759/2745
f 2655/2655/2641 2816/2816/2802 2825/2825/2811
f 2819/2819/2805 2792/2792/2778 2821/2821/2807
f 2554/2554/2540 2795/2795/2781 2552/2552/2538
f 2707/2707/2693 2766/2766/2752 2765/2765/2751
f 2823/2823/2809 2760/2760/2746 2825/2825/2811
f 2808/2808/2794 2820/2820/2806 2811/2811/2797
f 2817/2817/2803 2298/2298/2286 2297/2297/2285
f 2707/2707/2693 2806/2806/2792 2766/2766/2752
f 2497/2497/2485 2297/2297/2285 2495/2495/2483
f 2297/2297/2285 2497/2497/2485 2817/2817/2803
f 2298/2298/2286 2817/2817/2803 2755/2755/2741
o beack_down
v 0.055565 0.700319 3.744229
v 0.050239 0.715956 3.735859
v 0.061375 0.723158 3.740721
v -0.047190 0.703252 3.760824
v -0.053738 0.710414 3.767796
v -0.050919 0.737746 3.754385
v -0.059430 0.731094 3.772707
v 0.043381 0.689947 3.741303
v -0.055661 0.661686 3.789007
v -0.061433 0.701560 3.789691
v -0.063913 0.652539 3.816932
v -0.063269 0.736977 3.784964
v 0.087652 0.767943 3.820051
v 0.088488 0.874970 3.779755
v 0.085071 0.877574 3.788380
v 0.035586 0.708084 3.732030
v 0.070130 0.692499 3.759430
v 0.092032 0.781753 3.793962
v 0.092258 0.809420 3.772729
v 0.092553 0.884312 3.747952
v 0.071826 0.720530 3.751890
v 0.071826 0.720530 3.751890
v 0.078202 0.697954 3.768170
v 0.070130 0.692499 3.759430
v 0.090468 0.888708 3.730913
v 0.085857 0.878314 3.720075
v 0.088397 0.779932 3.761376
v 0.083695 0.787236 3.746722
v -0.047567 0.642922 3.782549
v 0.068790 0.619414 3.783431
v 0.061382 0.688373 3.752930
v 0.068790 0.619414 3.783431
v -0.065141 0.648402 3.832521
v -0.064118 0.658184 3.843616
v -0.064694 0.731353 3.812680
v -0.052912 0.671797 3.869428
v -0.052247 0.723290 3.852411
v -0.059013 0.728720 3.837457
v -0.063139 0.731645 3.824038
v -0.061905 0.713841 3.833217
v -0.059471 0.668804 3.856613
v 0.030798 0.894577 3.828948
v 0.041810 0.894080 3.825516
v 0.032803 0.913455 3.822702
v -0.019540 0.893026 3.823592
v -0.031292 0.915396 3.809542
v -0.029870 0.870168 3.825479
v 0.092374 0.724976 3.808296
v 0.092175 0.715927 3.802858
v 0.091305 0.735266 3.789212
v -0.009238 0.914628 3.821283
v 0.017542 0.892660 3.831404
v 0.013233 0.921701 3.821836
v 0.042651 0.774773 3.866715
v 0.027208 0.830335 3.852174
v -0.047189 0.837321 3.820197
v -0.039786 0.874936 3.815385
v -0.044347 0.912252 3.798162
v -0.041866 0.740409 3.741864
v 0.011245 0.832135 3.852590
v 0.085508 0.654608 3.796560
v -0.053212 0.913487 3.785170
v -0.022101 0.805899 3.852493
v 0.090221 0.641877 3.814655
v 0.089953 0.688651 3.798391
v 0.087873 0.898172 3.776078
v 0.092198 0.895104 3.757680
v 0.088492 0.917323 3.757694
v -0.064942 0.719565 3.802818
v -0.064207 0.786372 3.772264
v -0.057349 0.783157 3.750320
v -0.061380 0.782224 3.761365
v 0.006222 0.894758 3.830459
v 0.091127 0.869835 3.770645
v 0.090247 0.747596 3.817711
v 0.088705 0.567857 3.886276
v 0.087745 0.637740 3.864528
v 0.085073 0.615454 3.878827
v 0.084845 0.919928 3.770082
v 0.079429 0.920622 3.781852
v 0.078409 0.904365 3.792418
v -0.002462 0.845070 3.846371
v 0.090526 0.911566 3.737489
v -0.052005 0.789236 3.737862
v 0.086461 0.902591 3.717558
v -0.065018 0.795435 3.783072
v -0.063820 0.808141 3.792965
v 0.064391 0.780442 3.723318
v 0.083521 0.671926 3.863168
v 0.089604 0.666313 3.849185
v 0.081826 0.788629 3.826119
v 0.049341 0.772871 3.715344
v 0.075416 0.723257 3.858903
v 0.091194 0.717836 3.823380
v 0.014102 0.946830 3.808367
v -0.003058 0.934332 3.813808
v -0.020940 0.932521 3.807310
v 0.002388 0.956188 3.800560
v -0.041866 0.740409 3.741864
v -0.031696 0.699221 3.747207
v -0.039623 0.641189 3.774241
v -0.016301 0.950746 3.797934
v 0.076086 0.782106 3.735689
v -0.039623 0.641189 3.774241
v -0.040261 0.933639 3.790482
v -0.007985 0.892077 3.828612
v -0.014699 0.814424 3.853141
v -0.031769 0.638375 3.768544
v -0.020227 0.658053 3.754229
v -0.014677 0.779047 3.709776
v -0.002981 0.839958 3.685002
v -0.000361 0.772235 3.708049
v -0.062857 0.896199 3.766988
v -0.060677 0.809923 3.804512
v 0.070077 0.926376 3.792367
v 0.057720 0.923614 3.805968
v 0.068135 0.907024 3.803721
v 0.075416 0.723257 3.858903
v 0.064853 0.700843 3.878238
v 0.075829 0.660858 3.880126
v 0.078409 0.904365 3.792418
v 0.053812 0.910901 3.814378
v -0.064914 0.860578 3.754744
v -0.062544 0.782036 3.806754
v -0.030463 0.941906 3.794692
v 0.056689 0.941855 3.795715
v 0.071935 0.941427 3.778882
v 0.043151 0.936813 3.807848
v -0.064929 0.902467 3.750088
v -0.054392 0.855153 3.719537
v 0.011087 0.972816 3.784968
v -0.005900 0.961670 3.792915
v -0.002495 0.976098 3.777513
v -0.020587 0.962779 3.783688
v -0.063245 0.863916 3.740897
v -0.035098 0.953768 3.778985
v -0.060177 0.857840 3.731494
v 0.064391 0.780442 3.723318
v -0.047916 0.842402 3.714083
v -0.041192 0.878524 3.693408
v 0.028915 0.932395 3.814850
v -0.016454 0.844209 3.688262
v -0.041192 0.878524 3.693408
v -0.033779 0.869590 3.689761
v 0.047258 0.954930 3.791645
v -0.008997 0.891197 3.671721
v -0.018640 0.868622 3.680092
v -0.026558 0.892752 3.679287
v 0.032645 0.951250 3.802287
v 0.057450 0.956360 3.781554
v 0.044455 0.969508 3.777964
v -0.003680 0.866376 3.675789
v 0.005779 0.888193 3.669195
v 0.034878 0.798297 3.700816
v 0.011720 0.862271 3.674967
v 0.032767 0.968842 3.786048
v 0.023601 0.785540 3.702760
v 0.018515 0.722708 3.724083
v 0.021745 0.882611 3.670092
v 0.073987 0.811380 3.829993
v 0.078404 0.883524 3.798831
v 0.012325 0.836229 3.684550
v -0.013070 0.911424 3.672098
v -0.000455 0.908693 3.668699
v 0.078404 0.883524 3.798831
v 0.052224 0.889289 3.822067
v 0.053422 0.818379 3.846038
v 0.021125 0.962738 3.795191
v 0.046026 0.682992 3.896739
v 0.034607 0.710378 3.891716
v 0.073987 0.811380 3.829993
v 0.064942 0.866073 3.820676
v -0.026350 0.839813 3.694785
v 0.001697 0.985360 3.760958
v 0.017372 0.981178 3.771757
v 0.022490 0.986177 3.759445
v -0.016748 0.982941 3.736254
v -0.003772 0.987113 3.728055
v -0.014362 0.981712 3.720419
v 0.001045 0.989269 3.741911
v 0.021395 0.989935 3.745141
v 0.020388 0.989327 3.724952
v -0.015708 0.975179 3.769759
v -0.002495 0.976098 3.777513
v -0.040218 0.823159 3.833600
v -0.002811 0.981827 3.708603
v 0.020149 0.730862 3.887408
v 0.028359 0.660783 3.910537
v 0.016123 0.687131 3.902922
v 0.041928 0.666639 3.904985
v 0.054145 0.688695 3.890435
v 0.008721 0.988011 3.720813
v -0.017337 0.981299 3.752613
v 0.011087 0.972816 3.784968
v -0.032589 0.760542 3.861449
v -0.017014 0.749768 3.874733
v -0.050242 0.874893 3.705081
v -0.053941 0.896095 3.706821
v -0.040857 0.901039 3.689296
v -0.050438 0.819719 3.822652
v -0.025426 0.921841 3.679094
v -0.016521 0.944814 3.680740
v -0.010335 0.931448 3.674050
v 0.017461 0.697745 3.732302
v 0.030050 0.698891 3.733696
v 0.018897 0.665075 3.744113
v 0.017436 0.909398 3.667124
v 0.001276 0.924099 3.669400
v 0.014170 0.932176 3.669952
v 0.001953 0.946479 3.675133
v -0.001362 0.963326 3.685776
v -0.021226 0.956657 3.690598
v -0.054015 0.781747 3.829284
v -0.046541 0.805430 3.832135
v -0.039724 0.765372 3.853544
v 0.067931 0.963324 3.734591
v 0.055217 0.976109 3.743309
v 0.064544 0.965988 3.752925
v 0.019884 0.952063 3.676613
v 0.019884 0.952063 3.676613
v -0.001362 0.963326 3.685776
v 0.010377 0.973068 3.692207
v 0.067931 0.963324 3.734591
v 0.064544 0.965988 3.752925
v 0.077319 0.950983 3.743579
v 0.070077 0.926376 3.792367
v 0.071935 0.941427 3.778882
v 0.073007 0.949632 3.764787
v 0.061413 0.962503 3.768209
v 0.072297 0.953158 3.719385
v 0.058142 0.972295 3.724565
v 0.081891 0.937100 3.758575
v 0.073007 0.949632 3.764787
v 0.036873 0.565992 3.781988
v 0.032021 0.684142 3.739667
v 0.048809 0.975481 3.761967
v 0.061413 0.962503 3.768209
v 0.044455 0.969508 3.777964
v 0.002300 0.763894 3.875279
v -0.006802 0.728952 3.724574
v 0.006004 0.700136 3.732113
v -0.003963 0.640592 3.754395
v 0.061413 0.962503 3.768209
v -0.018478 0.764518 3.716742
v -0.031163 0.973668 3.731457
v -0.030716 0.972114 3.751544
v -0.032003 0.937158 3.688613
v -0.035017 0.951864 3.700101
v -0.021226 0.956657 3.690598
v -0.017337 0.981299 3.752613
v -0.031315 0.966237 3.766160
v -0.015708 0.975179 3.769759
v -0.015197 0.642083 3.757496
v -0.016521 0.944814 3.680740
v -0.030716 0.972114 3.751544
v -0.055388 0.828480 3.810793
v 0.007083 0.624473 3.758173
v -0.023327 0.970822 3.707499
v -0.011811 0.969903 3.696795
v -0.021226 0.956657 3.690598
v -0.055388 0.828480 3.810793
v -0.053212 0.913487 3.785170
v -0.059148 0.905513 3.775515
v -0.040857 0.901039 3.689296
v -0.060870 0.898800 3.723078
v -0.054076 0.912549 3.709129
v -0.057792 0.924478 3.722690
v -0.032003 0.937158 3.688613
v -0.033626 0.965726 3.715582
v -0.023327 0.970822 3.707499
v -0.046542 0.934181 3.703839
v -0.042763 0.923185 3.694230
v -0.045994 0.948175 3.714780
v -0.053854 0.941540 3.732705
v -0.052247 0.723290 3.852411
v -0.052912 0.671797 3.869428
v -0.043745 0.696914 3.873226
v -0.025426 0.921841 3.679094
v -0.028567 0.745162 3.869942
v -0.025011 0.658070 3.902411
v -0.017014 0.697385 3.892481
v -0.046334 0.955303 3.730704
v -0.027506 0.765976 3.721338
v 0.080721 0.880640 3.708078
v -0.033141 0.680828 3.888596
v -0.039190 0.655421 3.892529
v -0.005909 0.683525 3.901431
v -0.006233 0.742769 3.880986
v 0.040437 0.984678 3.732697
v 0.032767 0.968842 3.786048
v 0.033979 0.980071 3.767543
v 0.032626 0.983123 3.713806
v 0.045711 0.978492 3.717869
v 0.038748 0.984134 3.750305
v -0.010711 0.668670 3.905520
v -0.005909 0.683525 3.901431
v -0.010711 0.668670 3.905520
v 0.004381 0.730014 3.887453
v 0.080377 0.835767 3.723867
v 0.013767 0.763773 3.876240
v 0.028153 0.755535 3.877889
v 0.078655 0.916853 3.704349
v 0.073665 0.902447 3.696427
v -0.059348 0.920876 3.764207
v 0.073183 0.880471 3.697809
v 0.065601 0.823959 3.835278
v -0.047054 0.940054 3.775156
v -0.060099 0.875809 3.723029
v -0.064539 0.886289 3.738139
v -0.062725 0.910343 3.735418
v -0.059337 0.927869 3.742360
v 0.011886 0.752194 3.880755
v 0.064079 0.806365 3.842148
v 0.077977 0.938946 3.715787
v 0.083161 0.926052 3.719250
v -0.048416 0.743326 3.851506
v -0.058203 0.796058 3.815814
v 0.071969 0.799776 3.724581
v -0.050438 0.819719 3.822652
v -0.054015 0.781747 3.829284
v 0.056887 0.797617 3.711735
v 0.045776 0.795807 3.705795
v 0.058767 0.526526 3.806919
v 0.065412 0.518396 3.817911
v 0.058503 0.503331 3.821589
v 0.062855 0.869718 3.690977
v -0.052932 0.943639 3.754016
v 0.067605 0.918433 3.690944
v 0.062855 0.869718 3.690977
v 0.066971 0.940248 3.697328
v 0.055250 0.929040 3.682571
v 0.060835 0.905285 3.683275
v 0.044182 0.923840 3.674678
v 0.044562 0.898251 3.674260
v 0.055149 0.950780 3.691673
v 0.048115 0.971807 3.705902
v 0.062177 0.957669 3.705976
v 0.058142 0.972295 3.724565
v 0.062177 0.957669 3.705976
v 0.043594 0.962680 3.692597
v 0.041761 0.947514 3.680857
v 0.055250 0.929040 3.682571
v 0.060835 0.905285 3.683275
v 0.038936 0.874344 3.675761
v 0.050443 0.874691 3.680770
v 0.034501 0.905916 3.669931
v 0.027337 0.930107 3.670571
v 0.055149 0.950780 3.691673
v 0.041761 0.947514 3.680857
v 0.055149 0.950780 3.691673
v 0.027998 0.964691 3.686831
v 0.004381 0.730014 3.887453
v 0.045252 0.561076 3.937988
v 0.056498 0.535923 3.933185
v 0.059993 0.563274 3.928665
v 0.050718 0.578562 3.930642
v 0.064116 0.581672 3.920621
v 0.070212 0.598585 3.908048
v 0.060830 0.600759 3.916147
v 0.038884 0.585601 3.933896
v -0.057920 0.564414 3.897048
v -0.049880 0.572439 3.909544
v -0.050710 0.592595 3.900175
v 0.069607 0.552494 3.922083
v 0.074458 0.578602 3.910611
v 0.078267 0.608628 3.894041
v 0.026406 0.862013 3.676462
v 0.073183 0.880471 3.697809
v 0.057529 0.885776 3.682962
v -0.052781 0.547853 3.908366
v 0.081716 0.566205 3.904224
v -0.062738 0.554999 3.886154
v -0.047054 0.940054 3.775156
v -0.041917 0.957395 3.760997
v -0.041917 0.957395 3.760997
v 0.027615 0.563007 3.943196
v 0.010006 0.580474 3.940094
v 0.007450 0.554720 3.945157
v 0.025110 0.584277 3.938020
v 0.023008 0.613280 3.927842
v -0.042366 0.961210 3.743915
v -0.031163 0.973668 3.731457
v 0.026131 0.539823 3.945655
v -0.030716 0.972114 3.751544
v -0.060042 0.638475 3.806617
v 0.084692 0.934707 3.737718
v 0.015687 0.981810 3.705178
v 0.084942 0.657699 3.866227
v 0.075829 0.660858 3.880126
v 0.078267 0.608628 3.894041
v -0.033626 0.965726 3.715582
v 0.024984 0.555538 3.782644
v 0.077863 0.615830 3.796149
v 0.082757 0.541089 3.830150
v -0.043963 0.593112 3.795187
v -0.042738 0.537055 3.812445
v -0.054885 0.546364 3.826592
v -0.032536 0.559036 3.796583
v -0.027521 0.533332 3.801382
v -0.042738 0.537055 3.812445
v -0.043963 0.593112 3.795187
v -0.021657 0.572886 3.784731
v -0.015274 0.536499 3.794145
v 0.008830 0.473155 3.918558
v 0.001296 0.466136 3.906013
v 0.015867 0.465091 3.906005
v -0.010671 0.604702 3.768955
v 0.077726 0.629519 3.790170
v -0.011036 0.465030 3.893408
v 0.005873 0.459787 3.891651
v -0.010701 0.473685 3.912290
v 0.001613 0.483074 3.927130
v 0.025506 0.462025 3.896326
v 0.088147 0.619929 3.816225
v 0.010247 0.554833 3.782253
v 0.001767 0.605722 3.765396
v 0.015842 0.606593 3.764089
v -0.001922 0.538123 3.789381
v 0.010836 0.526748 3.791516
v 0.021472 0.480334 3.925292
v 0.017172 0.493021 3.935158
v 0.052710 0.623763 3.769169
v -0.023641 0.472410 3.894988
v -0.025423 0.481433 3.909835
v -0.014787 0.488955 3.924916
v 0.042827 0.653922 3.908414
v -0.039115 0.484411 3.888324
v -0.023641 0.472410 3.894988
v -0.025423 0.481433 3.909835
v 0.001613 0.483074 3.927130
v 0.017172 0.493021 3.935158
v 0.000058 0.499876 3.937281
v 0.018159 0.511981 3.942605
v 0.000578 0.514693 3.942086
v 0.030647 0.476440 3.830503
v 0.029757 0.492600 3.813420
v 0.045965 0.489907 3.823458
v 0.005397 0.530313 3.945507
v -0.049371 0.654391 3.880987
v -0.057606 0.623434 3.877594
v 0.047798 0.564710 3.787064
v -0.010115 0.520638 3.940673
v -0.018100 0.535737 3.939069
v -0.028587 0.527623 3.932472
v -0.006313 0.543766 3.943508
v -0.010236 0.520153 3.798498
v -0.028428 0.516579 3.810484
v -0.036081 0.498922 3.913784
v -0.036297 0.489425 3.903893
v -0.025423 0.481433 3.909835
v -0.026739 0.500005 3.924044
v -0.036081 0.498922 3.913784
v 0.005731 0.504330 3.803723
v 0.007937 0.655863 3.913421
v -0.003755 0.619605 3.924019
v -0.047413 0.502046 3.898212
v -0.047235 0.520390 3.912075
v -0.055929 0.525900 3.897626
v -0.014787 0.488955 3.924916
v -0.019175 0.506560 3.932709
v -0.038645 0.518933 3.922116
v -0.012855 0.501118 3.810661
v -0.050351 0.498917 3.880148
v -0.049371 0.654391 3.880987
v -0.011497 0.559476 3.940684
v -0.028372 0.554431 3.933145
v -0.041764 0.544468 3.922748
v 0.076626 0.547248 3.817857
v 0.067035 0.535752 3.810679
v -0.001551 0.486965 3.818276
v 0.016488 0.492893 3.811167
v -0.047235 0.520390 3.912075
v -0.052781 0.547853 3.908366
v -0.028994 0.496610 3.825063
v -0.037291 0.508956 3.823624
v -0.018161 0.482452 3.830829
v -0.037291 0.508956 3.823624
v -0.050825 0.526131 3.829167
v 0.015153 0.478585 3.824692
v 0.002753 0.472149 3.834155
v 0.033242 0.507182 3.938139
v 0.033505 0.487550 3.928492
v 0.051088 0.489652 3.919376
v 0.043732 0.498239 3.929830
v 0.043548 0.532974 3.939885
v 0.026165 0.522517 3.944001
v 0.046571 0.515614 3.935590
v 0.033505 0.487550 3.928492
v -0.052650 0.629896 3.793593
v -0.057899 0.515709 3.878490
v -0.060803 0.531953 3.884087
v 0.058242 0.509590 3.925685
v 0.030765 0.974854 3.698318
v 0.069464 0.526839 3.920094
v -0.061026 0.619211 3.816762
v 0.077770 0.518211 3.904678
v 0.078558 0.537323 3.909894
v 0.069464 0.526839 3.920094
v 0.066708 0.505495 3.914757
v 0.066708 0.505495 3.914757
v 0.092054 0.651668 3.839902
v -0.037657 0.573866 3.922599
v 0.070721 0.491172 3.890200
v 0.057303 0.480839 3.902397
v 0.060478 0.477501 3.885269
v 0.067770 0.496367 3.905696
v -0.054824 0.616736 3.802717
v -0.044163 0.597464 3.906985
v -0.036131 0.599466 3.914414
v -0.049880 0.572439 3.909544
v -0.061330 0.652661 3.858074
v 0.067770 0.496367 3.905696
v 0.069607 0.552494 3.922083
v 0.092343 0.652454 3.827933
v -0.023679 0.577682 3.931060
v 0.081716 0.566205 3.904224
v 0.086313 0.551748 3.896132
v 0.051088 0.489652 3.919376
v 0.066708 0.505495 3.914757
v -0.035307 0.485932 3.846558
v -0.027463 0.472064 3.866450
v -0.043537 0.488096 3.865277
v 0.082144 0.511016 3.888113
v 0.073281 0.490846 3.877059
v 0.080959 0.505144 3.866342
v -0.013337 0.582749 3.934167
v 0.088169 0.543714 3.842531
v 0.090993 0.540318 3.859598
v 0.085487 0.522280 3.851160
v -0.000934 0.581441 3.938475
v 0.070721 0.491172 3.890200
v 0.088458 0.526623 3.869766
v 0.092522 0.552658 3.866580
v 0.018609 0.469119 3.837941
v 0.030647 0.476440 3.830503
v 0.037561 0.468032 3.847918
v 0.078318 0.507604 3.848181
v 0.077837 0.526841 3.828317
v 0.070111 0.504911 3.834146
v 0.018609 0.469119 3.837941
v 0.022689 0.457642 3.877228
v 0.003319 0.458461 3.873101
v 0.008008 0.460978 3.854506
v 0.025704 0.461604 3.856275
v 0.044851 0.465892 3.886292
v 0.040317 0.468526 3.901513
v 0.042404 0.464365 3.868032
v -0.045277 0.501296 3.842030
v -0.052826 0.504325 3.862387
v 0.091380 0.557152 3.878226
v 0.043633 0.477000 3.837448
v 0.048784 0.535582 3.797083
v 0.054602 0.475139 3.854482
v 0.086298 0.535841 3.893248
v -0.065057 0.578712 3.854969
v -0.063594 0.575832 3.842543
v -0.050710 0.592595 3.900175
v -0.053000 0.515524 3.843640
v -0.062935 0.623836 3.860565
v 0.058334 0.474886 3.872856
v -0.028994 0.496610 3.825063
v -0.030819 0.474595 3.880287
v -0.023959 0.473990 3.851421
v 0.069193 0.487458 3.860447
v 0.067035 0.535752 3.810679
v 0.030597 0.535237 3.790126
v -0.008966 0.471493 3.840547
v 0.088742 0.533000 3.881073
v 0.069193 0.487458 3.860447
v -0.064310 0.592255 3.861731
v -0.023959 0.473990 3.851421
v -0.035307 0.485932 3.846558
v 0.091480 0.627876 3.827267
v 0.090918 0.561700 3.846039
v 0.091243 0.633738 3.852211
v 0.092255 0.630062 3.840475
v 0.056507 0.488008 3.835165
v 0.045965 0.489907 3.823458
v -0.063551 0.538747 3.870184
v -0.060497 0.526194 3.858132
v 0.065412 0.518396 3.817911
v 0.066786 0.489915 3.847686
v 0.058503 0.503331 3.821589
v -0.031669 0.619912 3.774405
v 0.027019 0.471099 3.913839
v 0.042195 0.476896 3.912836
v -0.012519 0.636662 3.915439
v -0.010469 0.463912 3.860016
v -0.013592 0.463514 3.880679
v 0.043211 0.503611 3.810899
v 0.021770 0.511809 3.799548
v 0.038270 0.517259 3.800267
v 0.073281 0.490846 3.877059
v 0.043633 0.477000 3.837448
v -0.030819 0.474595 3.880287
v -0.027463 0.472064 3.866450
v 0.066786 0.489915 3.847686
v 0.070111 0.504911 3.834146
v 0.058503 0.503331 3.821589
v 0.056507 0.488008 3.835165
v -0.061096 0.541319 3.843710
v -0.008966 0.471493 3.840547
v -0.065509 0.562203 3.867656
v -0.023959 0.473990 3.851421
v -0.064412 0.553401 3.852135
v 0.002753 0.472149 3.834155
vn 0.5387 -0.2768 -0.7958
vn 0.4579 -0.2854 -0.8420
vn 0.6075 -0.2591 -0.7509
vn -0.7672 -0.2149 -0.6043
vn -0.8536 -0.1709 -0.4920
vn -0.8251 -0.1802 -0.5355
vn -0.9260 -0.1187 -0.3583
vn 0.3754 -0.3054 -0.8751
vn -0.8766 -0.1528 -0.4563
vn -0.9526 -0.1038 -0.2860
vn -0.9842 -0.0591 -0.1667
vn -0.9767 -0.0721 -0.2024
vn 0.9364 0.1152 0.3316
vn 0.9540 0.0853 0.2876
vn 0.9041 0.1310 0.4067
vn 0.2879 -0.3037 -0.9082
vn 0.6480 -0.2433 -0.7218
vn 0.9958 0.0305 0.0858
vn 0.9984 -0.0195 -0.0530
vn 0.9988 -0.0014 -0.0488
vn 0.6817 -0.2342 -0.6931
vn 0.7722 -0.2107 -0.5994
vn 0.8229 -0.1875 -0.5364
vn 0.7797 -0.2074 -0.5908
vn 0.9736 -0.0228 -0.2273
vn 0.9236 -0.1049 -0.3687
vn 0.9489 -0.1038 -0.2980
vn 0.8890 -0.1512 -0.4323
vn -0.7728 -0.1970 -0.6033
vn 0.7516 -0.2257 -0.6198
vn 0.6217 -0.2488 -0.7427
vn 0.6390 -0.2525 -0.7266
vn -1.0000 -0.0036 -0.0067
vn -0.9855 0.0608 0.1582
vn -0.9961 0.0267 0.0836
vn -0.8860 0.1539 0.4373
vn -0.8765 0.1590 0.4543
vn -0.9158 0.1292 0.3804
vn -0.9730 0.0656 0.2213
vn -0.9652 0.0838 0.2479
vn -0.9291 0.1284 0.3468
vn 0.2120 0.3045 0.9286
vn 0.3610 0.2942 0.8849
vn 0.2455 0.3466 0.9053
vn -0.4210 0.2886 0.8599
vn -0.5622 0.3284 0.7590
vn -0.5554 0.2723 0.7857
vn 0.9997 0.0133 0.0219
vn 0.9960 -0.0266 -0.0852
vn 0.9883 -0.0485 -0.1448
vn -0.2896 0.3469 0.8920
vn 0.0535 0.3229 0.9449
vn -0.0076 0.3921 0.9199
vn 0.3629 0.3052 0.8805
vn 0.1684 0.3221 0.9316
vn -0.7815 0.2136 0.5862
vn -0.6707 0.2371 0.7028
vn -0.7315 0.2797 0.6219
vn -0.7683 -0.2069 -0.6057
vn -0.0284 0.3274 0.9445
vn 0.9109 -0.1329 -0.3907
vn -0.7856 0.2891 0.5471
vn -0.4682 0.2901 0.8346
vn 0.9703 -0.0790 -0.2288
vn 0.9682 -0.0805 -0.2367
vn 0.9339 0.1495 0.3248
vn 0.9915 0.0856 0.0984
vn 0.9632 0.2320 0.1355
vn -0.9980 -0.0191 -0.0603
vn -0.9887 -0.0485 -0.1421
vn -0.9032 -0.1420 -0.4051
vn -0.9534 -0.0970 -0.2855
vn -0.0990 0.3202 0.9422
vn 0.9858 0.0510 0.1598
vn 0.9699 0.0754 0.2315
vn 0.9495 0.0855 0.3020
vn 0.9511 0.0944 0.2942
vn 0.9011 0.1373 0.4114
vn 0.9085 0.2823 0.3082
vn 0.8410 0.3031 0.4481
vn 0.8622 0.2063 0.4626
vn -0.1998 0.3188 0.9265
vn 0.9824 0.1543 -0.1057
vn -0.8281 -0.1849 -0.5291
vn 0.9281 0.0472 -0.3693
vn -0.9999 0.0049 0.0122
vn -0.9841 0.0569 0.1682
vn 0.5660 -0.2739 -0.7776
vn 0.8879 0.1621 0.4304
vn 0.9619 0.0932 0.2569
vn 0.8658 0.1643 0.4726
vn 0.4557 -0.2906 -0.8414
vn 0.8395 0.1762 0.5140
vn 0.9850 0.0591 0.1620
vn 0.0136 0.5492 0.8355
vn -0.2141 0.4721 0.8552
vn -0.4377 0.4429 0.7825
vn -0.1479 0.6271 0.7647
vn -0.6409 -0.2522 -0.7250
vn -0.5779 -0.2677 -0.7710
vn -0.6319 -0.2503 -0.7335
vn -0.3914 0.5689 0.7233
vn 0.7898 -0.2020 -0.5791
vn -0.7274 -0.2232 -0.6489
vn -0.7023 0.4104 0.5817
vn -0.2710 0.3038 0.9134
vn -0.3505 0.3064 0.8850
vn -0.5864 -0.2541 -0.7691
vn -0.4472 -0.2921 -0.8454
vn -0.3515 -0.3070 -0.8844
vn -0.2138 -0.3256 -0.9210
vn -0.1837 -0.3202 -0.9294
vn -0.9716 0.1039 0.2125
vn -0.9442 0.1077 0.3112
vn 0.6727 0.3789 0.6356
vn 0.5677 0.3742 0.7333
vn 0.6908 0.2636 0.6733
vn 0.7194 0.2272 0.6564
vn 0.6502 0.2491 0.7178
vn 0.7244 0.2264 0.6511
vn 0.7463 0.2331 0.6235
vn 0.5013 0.3119 0.8071
vn -0.9976 -0.0234 -0.0650
vn -0.9635 0.0841 0.2541
vn -0.5729 0.4928 0.6550
vn 0.5623 0.4958 0.6618
vn 0.6798 0.5202 0.5170
vn 0.3804 0.4711 0.7959
vn -0.9929 0.1141 0.0322
vn -0.8669 -0.1751 -0.4667
vn -0.0698 0.7321 0.6776
vn -0.2656 0.6865 0.6769
vn -0.2818 0.7432 0.6069
vn -0.4629 0.6760 0.5734
vn -0.9778 -0.0796 -0.1939
vn -0.6515 0.5746 0.4954
vn -0.9372 -0.1267 -0.3249
vn 0.7188 -0.2310 -0.6558
vn -0.7872 -0.2020 -0.5827
vn -0.7604 -0.1470 -0.6326
vn 0.1854 0.4584 0.8692
vn -0.3692 -0.3153 -0.8742
vn -0.6178 -0.1838 -0.7646
vn -0.5893 -0.2313 -0.7741
vn 0.4401 0.6075 0.6613
vn -0.2958 -0.1245 -0.9471
vn -0.4161 -0.2492 -0.8745
vn -0.5120 -0.0963 -0.8535
vn 0.2520 0.5855 0.7705
vn 0.5881 0.6040 0.5379
vn 0.4689 0.6678 0.5782
vn -0.2175 -0.2730 -0.9371
vn -0.0979 -0.1478 -0.9842
vn 0.2732 -0.3180 -0.9079
vn -0.0221 -0.2986 -0.9541
vn 0.2775 0.6867 0.6719
vn 0.1316 -0.3239 -0.9369
vn 0.0696 -0.3252 -0.9431
vn 0.1108 -0.1793 -0.9775
vn 0.8156 0.1878 0.5473
vn 0.8679 0.1551 0.4719
vn -0.0231 -0.3323 -0.9429
vn -0.3619 0.0375 -0.9315
vn -0.1742 0.0017 -0.9847
vn 0.7664 0.2085 0.6075
vn 0.4820 0.2715 0.8330
vn 0.5042 0.2821 0.8162
vn 0.0907 0.6829 0.7248
vn 0.4204 0.3167 0.8503
vn 0.2635 0.3166 0.9112
vn 0.7210 0.2182 0.6577
vn 0.6350 0.2504 0.7308
vn -0.4999 -0.2858 -0.8175
vn -0.1700 0.9297 0.3266
vn 0.0542 0.8766 0.4782
vn 0.1252 0.9403 0.3163
vn -0.4478 0.8939 -0.0197
vn -0.2586 0.9549 -0.1460
vn -0.4257 0.8674 -0.2577
vn -0.1843 0.9809 0.0624
vn 0.1117 0.9881 0.1058
vn 0.1033 0.9776 -0.1836
vn -0.3192 0.8702 0.3754
vn -0.1729 0.8723 0.4573
vn -0.6693 0.2419 0.7025
vn -0.2441 0.8659 -0.4365
vn 0.0795 0.3175 0.9449
vn 0.1921 0.3171 0.9287
vn 0.0335 0.3270 0.9444
vn 0.3766 0.2874 0.8807
vn 0.5139 0.2823 0.8101
vn -0.0909 0.9634 -0.2521
vn -0.4142 0.8943 0.1693
vn 0.0212 0.8402 0.5419
vn -0.6057 0.2586 0.7525
vn -0.3905 0.3005 0.8702
vn -0.8080 -0.1603 -0.5669
vn -0.8606 -0.0176 -0.5091
vn -0.7651 0.0240 -0.6435
vn -0.7726 0.2159 0.5970
vn -0.4799 0.1338 -0.8671
vn -0.3839 0.3658 -0.8478
vn -0.3314 0.2201 -0.9174
vn 0.0379 -0.3273 -0.9442
vn 0.2082 -0.3234 -0.9231
vn 0.0715 -0.3268 -0.9424
vn 0.0450 0.0128 -0.9989
vn -0.1640 0.1488 -0.9752
vn -0.0012 0.2240 -0.9746
vn -0.1696 0.3864 -0.9066
vn -0.2470 0.5006 -0.8297
vn -0.3605 0.5080 -0.7823
vn -0.8159 0.1908 0.5459
vn -0.7655 0.1993 0.6119
vn -0.6803 0.2394 0.6927
vn 0.7069 0.7073 -0.0062
vn 0.5940 0.8015 0.0684
vn 0.6502 0.7376 0.1821
vn 0.0634 0.3754 -0.9247
vn 0.1248 0.5592 -0.8196
vn -0.2014 0.6490 -0.7336
vn -0.0477 0.7351 -0.6762
vn 0.7957 0.5980 -0.0966
vn 0.7813 0.5968 0.1828
vn 0.8587 0.5113 0.0330
vn 0.7877 0.3322 0.5188
vn 0.8387 0.3872 0.3830
vn 0.7348 0.5604 0.3821
vn 0.6465 0.6151 0.4513
vn 0.8133 0.5086 -0.2825
vn 0.7425 0.6187 -0.2566
vn 0.8971 0.3908 0.2060
vn 0.8197 0.5113 0.2581
vn 0.3012 -0.3078 -0.9025
vn 0.2406 -0.3292 -0.9131
vn 0.5027 0.8030 0.3201
vn 0.5836 0.7339 0.3475
vn 0.4078 0.7895 0.4587
vn -0.1310 0.3286 0.9354
vn -0.2647 -0.3171 -0.9107
vn -0.1070 -0.3238 -0.9401
vn -0.2224 -0.3195 -0.9211
vn 0.7482 0.5970 0.2894
vn -0.4260 -0.3019 -0.8529
vn -0.5590 0.8207 -0.1180
vn -0.5685 0.8192 0.0760
vn -0.6550 0.3131 -0.6877
vn -0.6849 0.4730 -0.5543
vn -0.5913 0.4720 -0.6539
vn -0.5399 0.7817 0.3121
vn -0.6129 0.7017 0.3633
vn -0.4718 0.7609 0.4455
vn -0.3685 -0.3103 -0.8763
vn -0.5626 0.3854 -0.7314
vn -0.5998 0.7506 0.2772
vn -0.8250 0.2051 0.5265
vn -0.0822 -0.3244 -0.9424
vn -0.4969 0.7618 -0.4157
vn -0.3680 0.7023 -0.6093
vn -0.4353 0.6164 -0.6561
vn -0.9047 0.1366 0.4036
vn -0.8900 0.2405 0.3872
vn -0.9272 0.1702 0.3336
vn -0.5944 -0.0568 -0.8021
vn -0.9518 0.0362 -0.3047
vn -0.8800 0.1127 -0.4614
vn -0.9336 0.2325 -0.2728
vn -0.5382 0.2659 -0.7998
vn -0.7296 0.5896 -0.3465
vn -0.6304 0.5870 -0.5081
vn -0.8142 0.2925 -0.5015
vn -0.7451 0.1689 -0.6452
vn -0.8239 0.4478 -0.3473
vn -0.9100 0.3968 -0.1203
vn -0.8098 0.1832 0.5573
vn -0.8001 0.2068 0.5631
vn -0.7291 0.2244 0.6466
vn -0.6435 0.1509 -0.7505
vn -0.5426 0.2745 0.7939
vn -0.4952 0.2819 0.8217
vn -0.3798 0.3055 0.8732
vn -0.8286 0.5450 -0.1283
vn -0.5045 -0.2825 -0.8159
vn 0.8536 -0.1114 -0.5090
vn -0.6083 0.2625 0.7491
vn -0.6668 0.2430 0.7045
vn -0.2951 0.3324 0.8958
vn -0.2452 0.3173 0.9161
vn 0.3960 0.9152 -0.0749
vn 0.2152 0.8189 0.5321
vn 0.2891 0.8635 0.4132
vn 0.2809 0.8904 -0.3582
vn 0.4714 0.8365 -0.2794
vn 0.3718 0.9106 0.1803
vn -0.3053 0.3132 0.8993
vn 0.2284 -0.3263 -0.9172
vn 0.8424 -0.1767 -0.5090
vn 0.0085 0.3415 0.9398
vn 0.1856 0.3253 0.9272
vn 0.8479 0.1390 -0.5116
vn 0.7790 -0.0050 -0.6270
vn -0.9325 0.2776 0.2311
vn 0.7678 -0.1417 -0.6248
vn 0.6565 0.2469 0.7128
vn -0.8534 0.4046 0.3286
vn -0.9283 -0.1029 -0.3574
vn -0.9887 -0.0138 -0.1496
vn -0.9799 0.1418 -0.1406
vn -0.9585 0.2849 -0.0136
vn -0.0249 0.3345 0.9421
vn 0.6438 0.2449 0.7249
vn 0.8690 0.3519 -0.3479
vn 0.9244 0.2315 -0.3030
vn -0.7832 0.2048 0.5871
vn -0.9157 0.1282 0.3808
vn 0.7418 -0.2165 -0.6347
vn -0.8715 0.1512 0.4665
vn -0.8854 0.1529 0.4390
vn 0.5347 -0.2768 -0.7985
vn 0.4082 -0.2998 -0.8623
vn 0.5612 -0.3633 -0.7437
vn 0.6137 -0.4104 -0.6745
vn 0.5186 -0.5146 -0.6828
vn 0.6955 -0.2355 -0.6789
vn -0.8821 0.4456 0.1529
vn 0.7126 0.1372 -0.6880
vn 0.5858 -0.2236 -0.7790
vn 0.7365 0.3352 -0.5875
vn 0.5199 0.2162 -0.8264
vn 0.5423 -0.0202 -0.8399
vn 0.4120 0.1506 -0.8987
vn 0.4125 -0.0701 -0.9083
vn 0.5272 0.5516 -0.6463
vn 0.5106 0.7164 -0.4755
vn 0.6178 0.6119 -0.4939
vn 0.6100 0.7709 -0.1834
vn 0.7410 0.5079 -0.4393
vn 0.4367 0.6006 -0.6698
vn 0.3660 0.5188 -0.7726
vn 0.6467 0.2208 -0.7301
vn 0.6898 0.0364 -0.7231
vn 0.3094 -0.2263 -0.9236
vn 0.4699 -0.2214 -0.8545
vn 0.2695 -0.0160 -0.9629
vn 0.1937 0.2101 -0.9583
vn 0.6580 0.3941 -0.6416
vn 0.4040 0.3098 -0.8607
vn 0.5446 0.3260 -0.7727
vn 0.2125 0.6208 -0.7546
vn -0.1062 0.3219 0.9408
vn 0.4047 0.1376 0.9041
vn 0.5702 -0.0557 0.8196
vn 0.5864 0.1439 0.7972
vn 0.4731 0.2523 0.8441
vn 0.6320 0.2324 0.7393
vn 0.7164 0.2416 0.6545
vn 0.5995 0.2681 0.7541
vn 0.3231 0.2878 0.9015
vn -0.9047 0.0880 0.4169
vn -0.8710 0.1385 0.4714
vn -0.8601 0.1677 0.4818
vn 0.6742 0.0743 0.7348
vn 0.7612 0.1912 0.6196
vn 0.7831 0.2017 0.5882
vn 0.1672 -0.3030 -0.9382
vn 0.6581 -0.1324 -0.7412
vn 0.5719 -0.1283 -0.8103
vn -0.8985 -0.0302 0.4380
vn 0.7876 0.1537 0.5968
vn -0.9640 -0.0100 0.2659
vn -0.7451 0.4652 0.4779
vn -0.7918 0.5745 0.2072
vn -0.7114 0.6114 0.3467
vn 0.1729 0.1690 0.9703
vn -0.0351 0.2687 0.9626
vn -0.0753 0.1150 0.9905
vn 0.1513 0.2960 0.9431
vn 0.1203 0.3274 0.9372
vn -0.7815 0.6208 0.0618
vn -0.7463 0.6616 -0.0724
vn 0.1610 0.0009 0.9870
vn -0.7175 0.6872 0.1136
vn -0.9357 -0.1160 -0.3333
vn 0.9384 0.3382 -0.0707
vn 0.0372 0.8775 -0.4782
vn 0.8982 0.1519 0.4126
vn 0.8427 0.1797 0.5075
vn 0.8655 0.1726 0.4701
vn -0.5949 0.7520 -0.2839
vn 0.1241 -0.3140 -0.9413
vn 0.8180 -0.1944 -0.5414
vn 0.8811 -0.2032 -0.4270
vn -0.8000 -0.1971 -0.5667
vn -0.7851 -0.2523 -0.5657
vn -0.8670 -0.1850 -0.4626
vn -0.5883 -0.2539 -0.7678
vn -0.5177 -0.3296 -0.7895
vn -0.6196 -0.3089 -0.7216
vn -0.6537 -0.2487 -0.7147
vn -0.4560 -0.2896 -0.8415
vn -0.3589 -0.3210 -0.8764
vn -0.0694 -0.7683 0.6364
vn -0.1876 -0.8747 0.4468
vn 0.0355 -0.8926 0.4494
vn -0.2995 -0.3158 -0.9003
vn 0.8192 -0.2014 -0.5370
vn -0.3645 -0.8893 0.2760
vn -0.1154 -0.9661 0.2311
vn -0.3580 -0.7599 0.5426
vn -0.1633 -0.6761 0.7185
vn 0.1780 -0.9367 0.3015
vn 0.9545 -0.1004 -0.2810
vn -0.0333 -0.3247 -0.9452
vn -0.1527 -0.3270 -0.9326
vn 0.0141 -0.3298 -0.9440
vn -0.2032 -0.3307 -0.9216
vn -0.0371 -0.3908 -0.9197
vn 0.1059 -0.6717 0.7332
vn 0.0497 -0.6026 0.7965
vn 0.4986 -0.2836 -0.8191
vn -0.4859 -0.8266 0.2840
vn -0.4646 -0.7188 0.5172
vn -0.3752 -0.6482 0.6626
vn 0.3670 0.2974 0.8814
vn -0.7503 -0.6304 0.1992
vn -0.6612 -0.6928 0.2878
vn -0.6718 -0.6281 0.3926
vn -0.2122 -0.5197 0.8276
vn 0.0530 -0.4266 0.9029
vn -0.1983 -0.4084 0.8910
vn 0.0527 -0.2753 0.9599
vn -0.1675 -0.2412 0.9559
vn 0.2263 -0.7336 -0.6408
vn 0.2192 -0.6205 -0.7530
vn 0.4148 -0.6267 -0.6597
vn -0.1031 -0.0825 0.9912
vn -0.8443 0.1688 0.5086
vn -0.9046 0.1376 0.4034
vn 0.4317 -0.2930 -0.8531
vn -0.3325 -0.1791 0.9259
vn -0.4216 -0.0425 0.9058
vn -0.5625 -0.1293 0.8166
vn -0.2601 0.0203 0.9654
vn -0.3018 -0.4189 -0.8564
vn -0.5397 -0.4257 -0.7263
vn -0.7480 -0.4460 0.4915
vn -0.7185 -0.5627 0.4088
vn -0.5728 -0.5233 0.6309
vn -0.5805 -0.4229 0.6959
vn -0.6594 -0.4211 0.6228
vn -0.1048 -0.5280 -0.8427
vn -0.0756 0.3223 0.9436
vn -0.2158 0.3226 0.9216
vn -0.8390 -0.4187 0.3475
vn -0.8509 -0.2578 0.4578
vn -0.9127 -0.1963 0.3585
vn -0.4260 -0.4989 0.7548
vn -0.4557 -0.3324 0.8257
vn -0.6925 -0.2301 0.6838
vn -0.3482 -0.5461 -0.7619
vn -0.8710 -0.4798 0.1050
vn -0.7523 0.2156 0.6226
vn -0.3212 0.1425 0.9362
vn -0.5392 0.0831 0.8381
vn -0.7174 -0.0072 0.6966
vn 0.7936 -0.2125 -0.5701
vn 0.6379 -0.2793 -0.7177
vn -0.2025 -0.6728 -0.7115
vn 0.0255 -0.6194 -0.7847
vn -0.7682 -0.1880 0.6120
vn -0.7935 0.0033 0.6086
vn -0.5144 -0.5727 -0.6383
vn -0.6050 -0.4402 -0.6635
vn -0.4319 -0.7011 -0.5674
vn -0.7186 -0.4532 -0.5274
vn -0.8186 -0.3217 -0.4758
vn 0.0216 -0.7475 -0.6639
vn -0.1634 -0.7699 -0.6169
vn 0.2722 -0.3302 0.9038
vn 0.3188 -0.4544 0.8318
vn 0.5325 -0.4580 0.7118
vn 0.4355 -0.4220 0.7951
vn 0.3861 -0.0647 0.9202
vn 0.1755 -0.1613 0.9712
vn 0.4470 -0.2378 0.8624
vn 0.2694 -0.6498 0.7108
vn -0.8401 -0.1774 -0.5126
vn -0.9424 -0.3179 0.1036
vn -0.9665 -0.1648 0.1968
vn 0.6120 -0.3089 0.7281
vn 0.2528 0.7710 -0.5846
vn 0.6739 -0.1525 0.7229
vn -0.9459 -0.1093 -0.3055
vn 0.8567 -0.2565 0.4475
vn 0.8447 -0.0826 0.5288
vn 0.7986 -0.1612 0.5799
vn 0.8107 -0.3132 0.4946
vn 0.6748 -0.3453 0.6522
vn 0.9951 0.0332 0.0930
vn -0.6459 0.1937 0.7385
vn 0.7489 -0.6162 0.2438
vn 0.6313 -0.6678 0.3944
vn 0.6758 -0.7212 0.1524
vn 0.6939 -0.5395 0.4769
vn -0.8749 -0.1724 -0.4525
vn -0.7340 0.2295 0.6391
vn -0.6291 0.2586 0.7331
vn -0.7453 0.1639 0.6463
vn -0.9482 0.1124 0.2970
vn 0.8357 -0.3950 0.3816
vn 0.8038 -0.0037 0.5949
vn 0.9987 -0.0175 -0.0486
vn -0.4733 0.2398 0.8476
vn 0.8930 0.0752 0.4437
vn 0.9271 -0.0057 0.3747
vn 0.5510 -0.5984 0.5817
vn 0.6626 -0.4874 0.5687
vn -0.7091 -0.6320 -0.3126
vn -0.6875 -0.7116 -0.1448
vn -0.7828 -0.6123 -0.1108
vn 0.9117 -0.3476 0.2190
vn 0.8729 -0.4858 0.0442
vn 0.9022 -0.4258 -0.0682
vn -0.3432 0.2787 0.8969
vn 0.9447 -0.1681 -0.2817
vn 0.9837 -0.1579 -0.0856
vn 0.9256 -0.3046 -0.2247
vn -0.1952 0.2739 0.9417
vn 0.8508 -0.4638 0.2469
vn 0.9683 -0.2496 0.0116
vn 0.9981 -0.0578 0.0215
vn 0.0883 -0.8849 -0.4572
vn 0.2494 -0.8296 -0.4995
vn 0.3381 -0.8599 -0.3824
vn 0.8493 -0.4394 -0.2926
vn 0.8167 -0.3160 -0.4828
vn 0.7723 -0.4413 -0.4570
vn 0.0485 -0.8067 -0.5890
vn 0.1370 -0.9904 0.0192
vn -0.1582 -0.9866 -0.0403
vn -0.0812 -0.9481 -0.3074
vn 0.1726 -0.9447 -0.2788
vn 0.4617 -0.8737 0.1531
vn 0.3964 -0.8344 0.3829
vn 0.4237 -0.8990 -0.1108
vn -0.7757 -0.5027 -0.3815
vn -0.8900 -0.4374 -0.1287
vn 0.9831 -0.0055 0.1828
vn 0.4473 -0.7602 -0.4711
vn 0.4470 -0.3131 -0.8379
vn 0.5783 -0.7675 -0.2765
vn 0.9381 -0.1302 0.3210
vn -0.9992 0.0029 -0.0392
vn -0.9833 -0.0538 -0.1738
vn -0.7774 0.2224 0.5884
vn -0.8767 -0.3658 -0.3123
vn -0.9707 0.0699 0.2299
vn 0.6452 -0.7630 -0.0401
vn -0.6760 -0.5422 -0.4990
vn -0.7046 -0.7053 0.0783
vn -0.6515 -0.7184 -0.2440
vn 0.8353 -0.5192 -0.1808
vn 0.7446 -0.2659 -0.6123
vn 0.2111 -0.3470 -0.9138
vn -0.3580 -0.7694 -0.5290
vn 0.9739 -0.1644 0.1565
vn 0.7020 -0.6959 -0.1516
vn -0.9940 0.0390 0.1025
vn -0.5119 -0.7342 -0.4459
vn -0.5647 -0.6821 -0.4647
vn 0.9888 -0.0551 -0.1390
vn 0.9810 -0.0717 -0.1805
vn 0.9851 0.0525 0.1638
vn 0.9999 -0.0005 0.0120
vn 0.5906 -0.6504 -0.4776
vn 0.4855 -0.6814 -0.5477
vn -0.9888 -0.1449 0.0358
vn -0.9543 -0.2689 -0.1304
vn 0.7191 -0.3862 -0.5778
vn 0.8051 -0.5167 -0.2912
vn 0.6823 -0.4530 -0.5737
vn -0.5689 -0.2682 -0.7774
vn 0.2020 -0.7970 0.5692
vn 0.4236 -0.7075 0.5657
vn -0.3471 0.3017 0.8880
vn -0.3504 -0.9101 -0.2211
vn -0.4040 -0.9125 0.0645
vn 0.3962 -0.5187 -0.7576
vn 0.1067 -0.4832 -0.8690
vn 0.3153 -0.4414 -0.8401
vn 0.7464 -0.6636 0.0503
vn 0.3528 -0.7163 -0.6020
vn -0.5406 -0.8378 0.0762
vn -0.4999 -0.8609 -0.0943
vn 0.6580 -0.6511 -0.3783
vn 0.6585 -0.5602 -0.5025
vn 0.6459 -0.5516 -0.5277
vn 0.5478 -0.5937 -0.5895
vn -0.9427 -0.1883 -0.2753
vn -0.2748 -0.8771 -0.3939
vn -0.9979 -0.0039 0.0650
vn -0.4470 -0.8461 -0.2905
vn -0.9864 -0.0867 -0.1399
vn -0.1300 -0.8830 -0.4511
vt 0.434330 0.559915
vt 0.461477 0.571712
vt 0.469892 0.547138
vt 0.465414 0.501819
vt 0.458435 0.480898
vt 0.411148 0.489550
vt 0.430425 0.456784
vt 0.420310 0.585404
vt 0.541364 0.472590
vt 0.482830 0.444318
vt 0.569267 0.425601
vt 0.428071 0.430237
vt 0.386445 0.946183
vt 0.209212 0.939593
vt 0.209409 0.957825
vt 0.451519 0.601479
vt 0.415516 0.524300
vt 0.353155 0.907294
vt 0.302166 0.886489
vt 0.180497 0.888000
vt 0.460675 0.520109
vt 0.421731 0.785330
vt 0.462998 0.804644
vt 0.466593 0.780498
vt 0.165779 0.860911
vt 0.174840 0.834281
vt 0.339445 0.847372
vt 0.321318 0.824069
vt 0.565781 0.500416
vt 0.585587 0.777364
vt 0.412551 0.545884
vt 0.296311 0.526404
vt 0.583300 0.400241
vt 0.574650 0.374270
vt 0.450607 0.384025
vt 0.567939 0.315507
vt 0.482954 0.313299
vt 0.467224 0.339923
vt 0.456003 0.363380
vt 0.487037 0.357664
vt 0.565691 0.343175
vt 0.669804 0.192817
vt 0.670854 0.214210
vt 0.699706 0.196022
vt 0.671564 0.097648
vt 0.711596 0.075706
vt 0.637837 0.074285
vt 0.443450 0.897861
vt 0.453995 0.882652
vt 0.418724 0.870135
vt 0.702798 0.119856
vt 0.665920 0.168063
vt 0.711708 0.160708
vt 0.474781 0.213911
vt 0.564016 0.184743
vt 0.593190 0.028259
vt 0.650628 0.050971
vt 0.714780 0.043158
vt 0.400691 0.516410
vt 0.566779 0.154748
vt 0.540752 0.832199
vt 0.725372 0.015746
vt 0.529152 0.088551
vt 0.568402 0.858098
vt 0.491735 0.857676
vt 0.173280 0.945661
vt 0.169640 0.910843
vt 0.137535 0.923336
vt 0.462952 0.408966
vt 0.348715 0.421949
vt 0.342291 0.465023
vt 0.349275 0.444525
vt 0.669620 0.147212
vt 0.212445 0.919690
vt 0.415111 0.928844
vt 0.712710 0.938701
vt 0.599888 0.944989
vt 0.639764 0.957384
vt 0.138501 0.947393
vt 0.141489 0.971305
vt 0.170638 0.983167
vt 0.589224 0.129227
vt 0.137098 0.885430
vt 0.327018 0.485853
vt 0.139451 0.845871
vt 0.340851 0.397081
vt 0.327240 0.371653
vt 0.563152 0.541871
vt 0.549142 0.965455
vt 0.550201 0.934942
vt 0.359135 0.972093
vt 0.555460 0.575803
vt 0.471674 0.993864
vt 0.461563 0.920420
vt 0.754009 0.162522
vt 0.733859 0.131618
vt 0.736082 0.097294
vt 0.772171 0.140949
vt 0.491937 0.759654
vt 0.429091 0.733923
vt 0.329922 0.751450
vt 0.766971 0.105633
vt 0.323252 0.797145
vt 0.564112 0.522282
vt 0.749949 0.052800
vt 0.667129 0.120458
vt 0.541125 0.104189
vt 0.328967 0.732404
vt 0.365499 0.707683
vt 0.565386 0.699701
vt 0.666938 0.678754
vt 0.556608 0.671838
vt 0.186240 0.365195
vt 0.330424 0.349211
vt 0.737230 0.277997
vt 0.723980 0.246322
vt 0.701645 0.271835
vt 0.402039 0.290795
vt 0.359534 0.261439
vt 0.299549 0.289655
vt 0.704404 0.301316
vt 0.701051 0.237556
vt 0.232184 0.407874
vt 0.372752 0.362823
vt 0.757801 0.076229
vt 0.756369 0.245570
vt 0.769433 0.286339
vt 0.740839 0.216159
vt 0.169797 0.391312
vt 0.221583 0.475974
vt 0.808689 0.156290
vt 0.785636 0.124543
vt 0.819794 0.127530
vt 0.794775 0.093649
vt 0.220239 0.430206
vt 0.786772 0.061254
vt 0.224051 0.451075
vt 0.319429 0.765251
vt 0.237035 0.497161
vt 0.173008 0.514888
vt 0.730308 0.189168
vt 0.671325 0.705046
vt 0.719762 0.760284
vt 0.707845 0.742121
vt 0.777597 0.227448
vt 0.746332 0.690843
vt 0.710477 0.708830
vt 0.746287 0.725804
vt 0.764283 0.196829
vt 0.787930 0.252114
vt 0.809986 0.226529
vt 0.709149 0.680329
vt 0.743007 0.663897
vt 0.599517 0.605910
vt 0.704011 0.652257
vt 0.802101 0.199847
vt 0.579510 0.627028
vt 0.476578 0.634519
vt 0.735289 0.635299
vt 0.327621 0.997627
vt 0.205496 0.983468
vt 0.662104 0.650219
vt 0.776328 0.700110
vt 0.772936 0.676195
vt 0.669610 0.302717
vt 0.665711 0.235496
vt 0.549246 0.237481
vt 0.785533 0.175880
vt 0.324593 0.218891
vt 0.367514 0.196438
vt 0.546829 0.288867
vt 0.632425 0.264662
vt 0.661645 0.725350
vt 0.942616 0.917998
vt 0.919246 0.940953
vt 0.911233 0.916556
vt 0.969001 0.869913
vt 0.947229 0.857745
vt 0.962948 0.840953
vt 0.941403 0.882865
vt 0.912406 0.890481
vt 0.912421 0.855842
vt 0.973335 0.937567
vt 0.951666 0.953641
vt 0.564874 0.047683
vt 0.943797 0.822331
vt 0.399911 0.169060
vt 0.285846 0.183364
vt 0.328128 0.160795
vt 0.296827 0.209482
vt 0.335824 0.236328
vt 0.928350 0.847249
vt 0.973010 0.901444
vt 0.929529 0.971347
vt 0.458009 0.063817
vt 0.434969 0.097728
vt 0.185398 0.490366
vt 0.156469 0.471250
vt 0.136984 0.506021
vt 0.565902 0.018438
vt 0.792004 0.727604
vt 0.830179 0.711831
vt 0.807469 0.697049
vt 0.435792 0.635795
vt 0.437040 0.611967
vt 0.381915 0.632123
vt 0.774670 0.644178
vt 0.796040 0.673961
vt 0.808716 0.650813
vt 0.831440 0.674482
vt 0.862613 0.684131
vt 0.853950 0.725047
vt 0.506363 0.004079
vt 0.539665 0.028953
vt 0.469352 0.046427
vt 0.828378 0.875139
vt 0.857973 0.890371
vt 0.837324 0.911440
vt 0.841663 0.640467
vt 0.902139 0.742935
vt 0.939763 0.766801
vt 0.922496 0.790463
vt 0.053094 0.908395
vt 0.054980 0.944917
vt 0.080153 0.917145
vt 0.135192 0.999456
vt 0.106804 0.979823
vt 0.794337 0.298022
vt 0.808830 0.267824
vt 0.064545 0.875504
vt 0.029279 0.893343
vt 0.107850 0.936294
vt 0.088360 0.956915
vt 0.218384 0.594870
vt 0.412379 0.607642
vt 0.868271 0.925636
vt 0.841006 0.943468
vt 0.872930 0.959886
vt 0.455096 0.136024
vt 0.484802 0.682782
vt 0.439153 0.657392
vt 0.340294 0.674745
vt 0.063952 0.973697
vt 0.540536 0.707114
vt 0.995005 0.855612
vt 0.999550 0.895706
vt 0.080028 0.486928
vt 0.066873 0.454648
vt 0.045384 0.475256
vt 0.853604 0.082024
vt 0.816157 0.062699
vt 0.825758 0.097382
vt 0.340569 0.696904
vt 0.053428 0.505015
vt 0.840906 0.052803
vt 0.585662 0.000543
vt 0.315048 0.653194
vt 0.978419 0.809476
vt 0.957528 0.791450
vt 0.975520 0.764925
vt 0.306235 0.324801
vt 0.167959 0.319796
vt 0.176169 0.344025
vt 0.756538 0.760326
vt 0.161862 0.439650
vt 0.134597 0.456752
vt 0.125676 0.425762
vt 0.819032 0.746837
vt 0.052386 0.419032
vt 0.033784 0.434696
vt 0.099622 0.454804
vt 0.108545 0.480098
vt 0.084941 0.427944
vt 0.105142 0.400006
vt 0.408104 0.008876
vt 0.323199 0.006345
vt 0.358332 0.034877
vt 0.094167 0.520146
vt 0.430883 0.072995
vt 0.286155 0.079831
vt 0.348978 0.096625
vt 0.081764 0.396390
vt 0.540126 0.726281
vt 0.164819 0.812839
vt 0.326647 0.061329
vt 0.287135 0.046954
vt 0.323998 0.118560
vt 0.421222 0.119058
vt 0.883401 0.870019
vt 0.892920 0.976630
vt 0.893034 0.934079
vt 0.893257 0.836346
vt 0.872632 0.842700
vt 0.886392 0.901413
vt 0.300297 0.109447
vt 0.884234 0.609586
vt 0.886937 0.639674
vt 0.886937 0.516848
vt 0.238557 0.811976
vt 0.454215 0.157748
vt 0.441022 0.184852
vt 0.111308 0.829709
vt 0.126034 0.803709
vt 0.149188 0.356598
vt 0.158805 0.789824
vt 0.562861 0.265470
vt 0.121980 0.322669
vt 0.194074 0.454118
vt 0.187066 0.420981
vt 0.151927 0.411842
vt 0.129929 0.390730
vt 0.434886 0.153925
vt 0.533376 0.262167
vt 0.085626 0.862360
vt 0.106881 0.861811
vt 0.438054 0.022209
vt 0.356631 0.336678
vt 0.291669 0.785437
vt 0.325111 0.306355
vt 0.384620 0.319464
vt 0.594020 0.560164
vt 0.593842 0.584063
vt 0.148318 0.549254
vt 0.129357 0.531692
vt 0.105028 0.546780
vt 0.171045 0.762500
vt 0.110534 0.361920
vt 0.098298 0.801820
vt 0.711069 0.551187
vt 0.070400 0.827563
vt 0.807089 0.569305
vt 0.768938 0.558189
vt 0.797500 0.594322
vt 0.758361 0.593384
vt 0.844234 0.775196
vt 0.866738 0.818254
vt 0.835800 0.808839
vt 0.849794 0.854059
vt 0.045874 0.851426
vt 0.869273 0.787230
vt 0.864836 0.749764
vt 0.072613 0.786068
vt 0.110482 0.773659
vt 0.722456 0.603061
vt 0.721846 0.580066
vt 0.769939 0.613142
vt 0.806006 0.626753
vt 0.045358 0.817586
vt 0.835991 0.597159
vt 0.844868 0.564753
vt 0.893845 0.776855
vt 0.398848 0.139187
vt 0.129141 0.210694
vt 0.092318 0.233294
vt 0.133892 0.241938
vt 0.156192 0.223369
vt 0.164052 0.252755
vt 0.194508 0.271217
vt 0.194477 0.247427
vt 0.165690 0.200485
vt 0.739648 0.338092
vt 0.735602 0.306546
vt 0.700486 0.310023
vt 0.118315 0.265523
vt 0.162912 0.280338
vt 0.215753 0.296419
vt 0.703621 0.625599
vt 0.726713 0.525274
vt 0.738273 0.565387
vt 0.771181 0.327837
vt 0.146078 0.302717
vt 0.746562 0.364698
vt 0.771593 0.029647
vt 0.087937 0.339103
vt 0.809551 0.034313
vt 0.131181 0.178472
vt 0.156626 0.148312
vt 0.119491 0.143740
vt 0.162665 0.174978
vt 0.208902 0.172126
vt 0.076228 0.369500
vt 0.045720 0.385143
vt 0.098169 0.175328
vt 0.054974 0.347391
vt 0.584642 0.453663
vt 0.103578 0.898156
vt 0.916650 0.819052
vt 0.571545 0.961249
vt 0.574076 0.992882
vt 0.657825 0.983326
vt 0.999550 0.820489
vt 0.202668 0.617281
vt 0.597131 0.804013
vt 0.722824 0.822028
vt 0.645734 0.510628
vt 0.737359 0.513185
vt 0.729460 0.475250
vt 0.197916 0.729810
vt 0.158480 0.715719
vt 0.156233 0.751765
vt 0.248069 0.760326
vt 0.224996 0.706922
vt 0.167858 0.691335
vt 0.857173 0.158548
vt 0.881052 0.152328
vt 0.876175 0.177291
vt 0.279998 0.686407
vt 0.574146 0.801952
vt 0.903836 0.136481
vt 0.901014 0.167506
vt 0.873334 0.125787
vt 0.840271 0.137886
vt 0.886898 0.197514
vt 0.601104 0.846883
vt 0.201500 0.644420
vt 0.283749 0.662520
vt 0.286162 0.636153
vt 0.173444 0.666046
vt 0.157007 0.642136
vt 0.837891 0.177805
vt 0.813063 0.162926
vt 0.309616 0.564168
vt 0.904836 0.108591
vt 0.878492 0.094022
vt 0.846523 0.103716
vt 0.276660 0.211130
vt 0.854358 0.408485
vt 0.886937 0.406070
vt 0.881956 0.372592
vt 0.008244 0.126048
vt 0.026316 0.159199
vt 0.039209 0.127476
vt 0.057974 0.161294
vt 0.062415 0.130165
vt 0.060156 0.602586
vt 0.096882 0.606201
vt 0.084645 0.572898
vt 0.085085 0.139630
vt 0.599622 0.303804
vt 0.643266 0.333836
vt 0.214150 0.573028
vt 0.071432 0.111431
vt 0.093413 0.097561
vt 0.081726 0.075442
vt 0.104472 0.119660
vt 0.143012 0.680202
vt 0.129195 0.717165
vt 0.852355 0.352341
vt 0.858764 0.377704
vt 0.000450 0.059555
vt 0.037529 0.071091
vt 0.033030 0.044222
vt 0.118990 0.650407
vt 0.277492 0.145030
vt 0.219887 0.122850
vt 0.831448 0.379099
vt 0.814941 0.340663
vt 0.795186 0.363856
vt 0.018396 0.093469
vt 0.049538 0.091000
vt 0.068016 0.049283
vt 0.109072 0.684759
vt 0.824068 0.411669
vt 0.291402 0.018175
vt 0.127142 0.110679
vt 0.121219 0.077962
vt 0.107654 0.046388
vt 0.708268 0.800507
vt 0.159579 0.529041
vt 0.085029 0.663684
vt 0.098845 0.630645
vt 0.069535 0.023497
vt 0.114479 0.012230
vt 0.090500 0.719570
vt 0.108372 0.739027
vt 0.067443 0.697151
vt 0.786393 0.512277
vt 0.760375 0.483669
vt 0.068762 0.632815
vt 0.050979 0.656912
vt 0.049648 0.189254
vt 0.015344 0.193079
vt 0.015928 0.233123
vt 0.033607 0.212047
vt 0.088140 0.207142
vt 0.073384 0.175407
vt 0.062006 0.214100
vt 0.822399 0.199736
vt 0.590638 0.485336
vt 0.797680 0.403151
vt 0.777918 0.383222
vt 0.050723 0.241377
vt 0.893159 0.805247
vt 0.077010 0.267362
vt 0.618061 0.447276
vt 0.795507 0.939171
vt 0.771248 0.961536
vt 0.795402 0.976159
vt 0.824382 0.951753
vt 0.040872 0.266558
vt 0.566892 0.909059
vt 0.152269 0.056204
vt 0.864835 0.294393
vt 0.858308 0.254704
vt 0.883328 0.268083
vt 0.838618 0.282938
vt 0.614665 0.476237
vt 0.193964 0.034931
vt 0.193967 0.056204
vt 0.153829 0.022256
vt 0.590216 0.351409
vt 0.831982 0.928382
vt 0.759056 0.999457
vt 0.559651 0.888335
vt 0.155407 0.086244
vt 0.725521 0.971656
vt 0.741247 0.945364
vt 0.828468 0.239300
vt 0.817087 0.282767
vt 0.832698 0.483781
vt 0.867866 0.458903
vt 0.834278 0.445044
vt 0.794937 0.904928
vt 0.821867 0.872269
vt 0.792452 0.863637
vt 0.161906 0.106130
vt 0.724656 0.847156
vt 0.737497 0.875030
vt 0.759425 0.848867
vt 0.158628 0.129087
vt 0.829791 0.896444
vt 0.762042 0.883658
vt 0.723627 0.894528
vt 0.974783 0.216999
vt 0.982557 0.247177
vt 0.949794 0.244965
vt 0.780599 0.832373
vt 0.742995 0.808506
vt 0.779988 0.801103
vt 0.043013 0.625932
vt 0.914463 0.201334
vt 0.927446 0.171748
vt 0.951984 0.188333
vt 0.942158 0.217646
vt 0.892108 0.234901
vt 0.872047 0.220690
vt 0.918484 0.239911
vt 0.803639 0.477437
vt 0.806598 0.437789
vt 0.723439 0.917292
vt 0.964746 0.267960
vt 0.166938 0.571005
vt 0.932055 0.274845
vt 0.761965 0.929539
vt 0.696254 0.403626
vt 0.694085 0.427252
vt 0.189538 0.015227
vt 0.781946 0.463398
vt 0.633697 0.365245
vt 0.903077 0.270009
vt 0.809062 0.522283
vt 0.869574 0.430758
vt 0.859998 0.487408
vt 0.819912 0.838574
vt 0.722294 0.774127
vt 0.170048 0.606549
vt 0.043510 0.681371
vt 0.758961 0.906762
vt 0.914360 0.307848
vt 0.680136 0.383337
vt 0.034685 0.716000
vt 0.054346 0.739158
vt 0.595184 0.872023
vt 0.700391 0.864454
vt 0.599387 0.919822
vt 0.598718 0.896727
vt 0.962681 0.302781
vt 0.988738 0.294464
vt 0.760702 0.402276
vt 0.772422 0.430394
vt 0.752443 0.775900
vt 0.810582 0.815387
vt 0.778744 0.767937
vt 0.298834 0.730900
vt 0.858532 0.192788
vt 0.850889 0.221034
vt 0.248712 0.105765
vt 0.952138 0.153343
vt 0.923234 0.138446
vt 0.113469 0.580697
vt 0.132136 0.621868
vt 0.139325 0.591576
vt 0.885076 0.307343
vt 0.053882 0.574966
vt 0.931138 0.101123
vt 0.951270 0.116083
vt 0.936249 0.314704
vt 0.958676 0.348370
vt 0.987000 0.335393
vt 0.071955 0.546115
vt 0.744394 0.445898
vt 0.983556 0.163865
vt 0.726389 0.391986
vt 0.973905 0.129560
vt 0.731064 0.423836
vt 0.988739 0.189302
s 1
usemtl Material.018
f 2826/2826/2812 2827/2827/2813 2828/2828/2814
f 2829/2829/2815 2830/2830/2816 2831/2831/2817
f 2831/2831/2817 2830/2830/2816 2832/2832/2818
f 2827/2827/2813 2826/2826/2812 2833/2833/2819
f 2832/2832/2818 2830/2830/2816 2834/2834/2820
f 2835/2835/2821 2836/2836/2822 2837/2837/2823
f 2838/2838/2824 2839/2839/2825 2840/2840/2826
f 2827/2827/2813 2833/2833/2819 2841/2841/2827
f 2842/2842/2828 2826/2826/2812 2828/2828/2814
f 2843/2843/2829 2844/2844/2830 2845/2845/2831
f 2828/2828/2814 2846/2846/2832 2842/2842/2828
f 2847/2847/2833 2848/2848/2834 2849/2849/2835
f 2844/2844/2830 2850/2850/2836 2845/2845/2831
f 2834/2834/2820 2830/2830/2816 2829/2829/2815
f 2851/2851/2837 2852/2852/2838 2853/2853/2839
f 2834/2834/2820 2835/2835/2821 2832/2832/2818
f 2835/2835/2821 2837/2837/2823 2832/2832/2818
f 2829/2829/2815 2854/2854/2840 2834/2834/2820
f 2855/2855/2841 2849/2849/2835 2848/2848/2834
f 2842/2842/2828 2856/2856/2842 2826/2826/2812
f 2857/2857/2843 2856/2856/2842 2842/2842/2828
f 2858/2858/2844 2859/2859/2845 2860/2860/2846
f 2861/2861/2847 2862/2862/2848 2863/2863/2849
f 2864/2864/2850 2865/2865/2851 2863/2863/2849
f 2865/2865/2851 2860/2860/2846 2859/2859/2845
f 2865/2865/2851 2866/2866/2852 2863/2863/2849
f 2866/2866/2852 2865/2865/2851 2859/2859/2845
f 2867/2867/2853 2868/2868/2854 2869/2869/2855
f 2865/2865/2851 2864/2864/2850 2860/2860/2846
f 2870/2870/2856 2871/2871/2857 2872/2872/2858
f 2873/2873/2859 2874/2874/2860 2875/2875/2861
f 2870/2870/2856 2876/2876/2862 2871/2871/2857
f 2877/2877/2863 2867/2867/2853 2869/2869/2855
f 2863/2863/2849 2866/2866/2852 2861/2861/2847
f 2877/2877/2863 2869/2869/2855 2878/2878/2864
f 2879/2879/2865 2868/2868/2854 2867/2867/2853
f 2877/2877/2863 2880/2880/2866 2867/2867/2853
f 2881/2881/2867 2882/2882/2868 2883/2883/2869
f 2884/2884/2870 2829/2829/2815 2831/2831/2817
f 2877/2877/2863 2885/2885/2871 2880/2880/2866
f 2882/2882/2868 2871/2871/2857 2883/2883/2869
f 2871/2871/2857 2882/2882/2868 2872/2872/2858
f 2853/2853/2839 2886/2886/2872 2848/2848/2834
f 2881/2881/2867 2883/2883/2869 2887/2887/2873
f 2875/2875/2861 2844/2844/2830 2873/2873/2859
f 2875/2875/2861 2850/2850/2836 2844/2844/2830
f 2870/2870/2856 2872/2872/2858 2888/2888/2874
f 2874/2874/2860 2889/2889/2875 2890/2890/2876
f 2852/2852/2838 2886/2886/2872 2853/2853/2839
f 2891/2891/2877 2892/2892/2878 2893/2893/2879
f 2852/2852/2838 2875/2875/2861 2890/2890/2876
f 2852/2852/2838 2890/2890/2876 2886/2886/2872
f 2875/2875/2861 2874/2874/2860 2890/2890/2876
f 2894/2894/2880 2895/2895/2881 2837/2837/2823
f 2831/2831/2817 2832/2832/2818 2896/2896/2882
f 2897/2897/2883 2896/2896/2882 2832/2832/2818
f 2877/2877/2863 2898/2898/2884 2885/2885/2871
f 2899/2899/2885 2900/2900/2886 2843/2843/2829
f 2901/2901/2887 2902/2902/2888 2903/2903/2889
f 2891/2891/2877 2904/2904/2890 2905/2905/2891
f 2891/2891/2877 2905/2905/2891 2906/2906/2892
f 2907/2907/2893 2885/2885/2871 2898/2898/2884
f 2908/2908/2894 2892/2892/2878 2845/2845/2831
f 2896/2896/2882 2909/2909/2895 2831/2831/2817
f 2893/2893/2879 2892/2892/2878 2908/2908/2894
f 2908/2908/2894 2845/2845/2831 2850/2850/2836
f 2899/2899/2885 2843/2843/2829 2845/2845/2831
f 2906/2906/2892 2840/2840/2826 2891/2891/2877
f 2908/2908/2894 2850/2850/2836 2910/2910/2896
f 2891/2891/2877 2839/2839/2825 2899/2899/2885
f 2840/2840/2826 2839/2839/2825 2891/2891/2877
f 2891/2891/2877 2899/2899/2885 2892/2892/2878
f 2911/2911/2897 2894/2894/2880 2860/2860/2846
f 2860/2860/2846 2912/2912/2898 2911/2911/2897
f 2892/2892/2878 2899/2899/2885 2845/2845/2831
f 2839/2839/2825 2900/2900/2886 2899/2899/2885
f 2846/2846/2832 2828/2828/2814 2913/2913/2899
f 2839/2839/2825 2838/2838/2824 2900/2900/2886
f 2914/2914/2900 2915/2915/2901 2838/2838/2824
f 2914/2914/2900 2838/2838/2824 2916/2916/2902
f 2828/2828/2814 2827/2827/2813 2917/2917/2903
f 2914/2914/2900 2916/2916/2902 2918/2918/2904
f 2919/2919/2905 2838/2838/2824 2915/2915/2901
f 2920/2920/2906 2921/2921/2907 2878/2878/2864
f 2844/2844/2830 2843/2843/2829 2873/2873/2859
f 2922/2922/2908 2876/2876/2862 2921/2921/2907
f 2921/2921/2907 2920/2920/2906 2923/2923/2909
f 2876/2876/2862 2922/2922/2908 2871/2871/2857
f 2924/2924/2910 2925/2925/2911 2926/2926/2912
f 2851/2851/2837 2850/2850/2836 2852/2852/2838
f 2878/2878/2864 2921/2921/2907 2876/2876/2862
f 2854/2854/2840 2829/2829/2815 2884/2884/2870
f 2923/2923/2909 2927/2927/2913 2921/2921/2907
f 2922/2922/2908 2921/2921/2907 2927/2927/2913
f 2850/2850/2836 2875/2875/2861 2852/2852/2838
f 2848/2848/2834 2928/2928/2914 2853/2853/2839
f 2854/2854/2840 2884/2884/2870 2929/2929/2915
f 2930/2930/2916 2887/2887/2873 2883/2883/2869
f 2931/2931/2917 2932/2932/2918 2907/2907/2893
f 2933/2933/2919 2925/2925/2911 2934/2934/2920
f 2898/2898/2884 2931/2931/2917 2907/2907/2893
f 2898/2898/2884 2876/2876/2862 2931/2931/2917
f 2898/2898/2884 2877/2877/2863 2878/2878/2864
f 2935/2935/2921 2936/2936/2922 2937/2937/2923
f 2938/2938/2924 2912/2912/2898 2939/2939/2925
f 2940/2940/2926 2941/2941/2927 2942/2942/2928
f 2870/2870/2856 2888/2888/2874 2932/2932/2918
f 2870/2870/2856 2932/2932/2918 2931/2931/2917
f 2943/2943/2929 2944/2944/2930 2945/2945/2931
f 2940/2940/2926 2942/2942/2928 2946/2946/2932
f 2947/2947/2933 2942/2942/2928 2941/2941/2927
f 2930/2930/2916 2883/2883/2869 2871/2871/2857
f 2870/2870/2856 2931/2931/2917 2876/2876/2862
f 2898/2898/2884 2878/2878/2864 2876/2876/2862
f 2948/2948/2934 2895/2895/2881 2911/2911/2897
f 2949/2949/2935 2939/2939/2925 2912/2912/2898
f 2871/2871/2857 2950/2950/2936 2930/2930/2916
f 2951/2951/2937 2940/2940/2926 2952/2952/2938
f 2953/2953/2939 2947/2947/2933 2941/2941/2927
f 2940/2940/2926 2951/2951/2937 2941/2941/2927
f 2948/2948/2934 2911/2911/2897 2954/2954/2940
f 2955/2955/2941 2909/2909/2895 2896/2896/2882
f 2956/2956/2942 2957/2957/2943 2923/2923/2909
f 2897/2897/2883 2832/2832/2818 2837/2837/2823
f 2957/2957/2943 2958/2958/2944 2959/2959/2945
f 2911/2911/2897 2895/2895/2881 2894/2894/2880
f 2960/2960/2946 2897/2897/2883 2895/2895/2881
f 2957/2957/2943 2956/2956/2942 2958/2958/2944
f 2961/2961/2947 2930/2930/2916 2950/2950/2936
f 2955/2955/2941 2896/2896/2882 2962/2962/2948
f 2917/2917/2903 2913/2913/2899 2828/2828/2814
f 2896/2896/2882 2897/2897/2883 2962/2962/2948
f 2959/2959/2945 2927/2927/2913 2957/2957/2943
f 2963/2963/2949 2928/2928/2914 2847/2847/2833
f 2827/2827/2813 2841/2841/2827 2917/2917/2903
f 2923/2923/2909 2957/2957/2943 2927/2927/2913
f 2950/2950/2936 2927/2927/2913 2959/2959/2945
f 2897/2897/2883 2837/2837/2823 2895/2895/2881
f 2950/2950/2936 2922/2922/2908 2927/2927/2913
f 2961/2961/2947 2950/2950/2936 2959/2959/2945
f 2884/2884/2870 2964/2964/2950 2965/2965/2951
f 2950/2950/2936 2871/2871/2857 2922/2922/2908
f 2869/2869/2855 2947/2947/2933 2953/2953/2939
f 2953/2953/2939 2966/2966/2952 2869/2869/2855
f 2935/2935/2921 2967/2967/2953 2936/2936/2922
f 2920/2920/2906 2878/2878/2864 2966/2966/2952
f 2924/2924/2910 2968/2968/2954 2969/2969/2955
f 2953/2953/2939 2941/2941/2927 2951/2951/2937
f 2951/2951/2937 2970/2970/2956 2953/2953/2939
f 2971/2971/2957 2972/2972/2958 2973/2973/2959
f 2974/2974/2960 2920/2920/2906 2966/2966/2952
f 2878/2878/2864 2869/2869/2855 2966/2966/2952
f 2970/2970/2956 2975/2975/2961 2976/2976/2962
f 2975/2975/2961 2970/2970/2956 2951/2951/2937
f 2948/2948/2934 2960/2960/2946 2895/2895/2881
f 2977/2977/2963 2971/2971/2957 2978/2978/2964
f 2964/2964/2950 2884/2884/2870 2909/2909/2895
f 2960/2960/2946 2962/2962/2948 2897/2897/2883
f 2917/2917/2903 2841/2841/2827 2979/2979/2965
f 2977/2977/2963 2972/2972/2958 2971/2971/2957
f 2980/2980/2966 2977/2977/2963 2978/2978/2964
f 2970/2970/2956 2976/2976/2962 2981/2981/2967
f 2841/2841/2827 2982/2982/2968 2979/2979/2965
f 2841/2841/2827 2983/2983/2969 2982/2982/2968
f 2974/2974/2960 2966/2966/2952 2953/2953/2939
f 2984/2984/2970 2980/2980/2966 2978/2978/2964
f 2985/2985/2971 2916/2916/2902 2986/2986/2972
f 2936/2936/2922 2980/2980/2966 2987/2987/2973
f 2936/2936/2922 2977/2977/2963 2980/2980/2966
f 2987/2987/2973 2937/2937/2923 2936/2936/2922
f 2983/2983/2969 2987/2987/2973 2982/2982/2968
f 2936/2936/2922 2967/2967/2953 2972/2972/2958
f 2972/2972/2958 2977/2977/2963 2936/2936/2922
f 2988/2988/2974 2989/2989/2975 2971/2971/2957
f 2942/2942/2928 2990/2990/2976 2946/2946/2932
f 2868/2868/2854 2991/2991/2977 2947/2947/2933
f 2947/2947/2933 2869/2869/2855 2868/2868/2854
f 2868/2868/2854 2879/2879/2865 2992/2992/2978
f 2920/2920/2906 2974/2974/2960 2993/2993/2979
f 2868/2868/2854 2992/2992/2978 2991/2991/2977
f 2970/2970/2956 2974/2974/2960 2953/2953/2939
f 2994/2994/2980 2879/2879/2865 2995/2995/2981
f 2923/2923/2909 2920/2920/2906 2993/2993/2979
f 2970/2970/2956 2981/2981/2967 2974/2974/2960
f 2996/2996/2982 2942/2942/2928 2997/2997/2983
f 2978/2978/2964 2971/2971/2957 2989/2989/2975
f 2972/2972/2958 2998/2998/2984 2969/2969/2955
f 2974/2974/2960 2981/2981/2967 2993/2993/2979
f 2999/2999/2985 3000/3000/2986 3001/3001/2987
f 3002/3002/2988 3003/3003/2989 3004/3004/2990
f 2969/2969/2955 2973/2973/2959 2972/2972/2958
f 3005/3005/2991 3006/3006/2992 3007/3007/2993
f 2999/2999/2985 3008/3008/2994 3009/3009/2995
f 2999/2999/2985 3001/3001/2987 3006/3006/2992
f 3006/3006/2992 3005/3005/2991 2999/2999/2985
f 2996/2996/2982 2990/2990/2976 2942/2942/2928
f 2947/2947/2933 2991/2991/2977 2997/2997/2983
f 2882/2882/2868 3010/3010/2996 2872/2872/2858
f 2956/2956/2942 2993/2993/2979 2981/2981/2967
f 2967/2967/2953 2935/2935/2921 2998/2998/2984
f 3003/3003/2989 3011/3011/2997 3004/3004/2990
f 2956/2956/2942 2923/2923/2909 2993/2993/2979
f 3012/3012/2998 3013/3013/2999 2995/2995/2981
f 3012/3012/2998 3014/3014/3000 3013/3013/2999
f 2947/2947/2933 2997/2997/2983 2942/2942/2928
f 3002/3002/2988 3005/3005/2991 3003/3003/2989
f 2994/2994/2980 3015/3015/3001 3016/3016/3002
f 3005/3005/2991 3007/3007/2993 3017/3017/3003
f 2879/2879/2865 2994/2994/2980 3016/3016/3002
f 2994/2994/2980 2995/2995/2981 3015/3015/3001
f 3005/3005/2991 3018/3018/3004 2999/2999/2985
f 2918/2918/2904 2916/2916/2902 2985/2985/2971
f 2919/2919/2905 2873/2873/2859 2843/2843/2829
f 3000/3000/2986 2999/2999/2985 3009/3009/2995
f 3000/3000/2986 3009/3009/2995 3019/3019/3005
f 3008/3008/2994 2999/2999/2985 3018/3018/3004
f 3015/3015/3001 2995/2995/2981 3013/3013/2999
f 3003/3003/2989 3017/3017/3003 3011/3011/2997
f 2872/2872/2858 3020/3020/3006 2888/2888/2874
f 3021/3021/3007 2932/2932/2918 2888/2888/2874
f 2919/2919/2905 2900/2900/2886 2838/2838/2824
f 3005/3005/2991 3002/3002/2988 3018/3018/3004
f 3022/3022/3008 3023/3023/3009 3024/3024/3010
f 3017/3017/3003 3003/3003/2989 3005/3005/2991
f 2919/2919/2905 2843/2843/2829 2900/2900/2886
f 3010/3010/2996 2881/2881/2867 3025/3025/3011
f 2881/2881/2867 3010/3010/2996 2882/2882/2868
f 2973/2973/2959 2969/2969/2955 2968/2968/2954
f 3022/3022/3008 3024/3024/3010 2965/2965/2951
f 2967/2967/2953 2998/2998/2984 2972/2972/2958
f 3026/3026/3012 3027/3027/3013 3028/3028/3014
f 2988/2988/2974 2971/2971/2957 2973/2973/2959
f 3029/3029/3015 3030/3030/3016 3031/3031/3017
f 2965/2965/2951 2964/2964/2950 3022/3022/3008
f 3032/3032/3018 3033/3033/3019 3034/3034/3020
f 2988/2988/2974 3028/3028/3014 3033/3033/3019
f 3035/3035/3021 3034/3034/3020 3033/3033/3019
f 3028/3028/3014 2988/2988/2974 3026/3026/3012
f 2983/2983/2969 2841/2841/2827 3030/3030/3016
f 3030/3030/3016 3029/3029/3015 2983/2983/2969
f 3028/3028/3014 3035/3035/3021 3033/3033/3019
f 2833/2833/2819 3030/3030/3016 2841/2841/2827
f 3033/3033/3019 2989/2989/2975 2988/2988/2974
f 3036/3036/3022 3027/3027/3013 3037/3037/3023
f 3038/3038/3024 3039/3039/3025 3025/3025/3011
f 3010/3010/2996 3039/3039/3025 3040/3040/3026
f 3010/3010/2996 3025/3025/3011 3039/3039/3025
f 3041/3041/3027 3042/3042/3028 3043/3043/3029
f 3034/3034/3020 3035/3035/3021 3044/3044/3030
f 3045/3045/3031 3046/3046/3032 3047/3047/3033
f 2872/2872/2858 3010/3010/2996 3040/3040/3026
f 3036/3036/3022 3035/3035/3021 3027/3027/3013
f 2989/2989/2975 3032/3032/3018 2978/2978/2964
f 3044/3044/3030 3035/3035/3021 3036/3036/3022
f 3048/3048/3034 3049/3049/3035 3050/3050/3036
f 3051/3051/3037 2905/2905/2891 3052/3052/3038
f 3032/3032/3018 2989/2989/2975 3033/3033/3019
f 3035/3035/3021 3028/3028/3014 3027/3027/3013
f 3053/3053/3039 3054/3054/3040 2952/2952/2938
f 3055/3055/3041 3056/3056/3042 3048/3048/3034
f 3057/3057/3043 3058/3058/3044 3052/3052/3038
f 3059/3059/3045 3060/3060/3046 2833/2833/2819
f 2976/2976/2962 2975/2975/2961 3054/3054/3040
f 2909/2909/2895 2884/2884/2870 2831/2831/2817
f 3055/3055/3041 3048/3048/3034 3050/3050/3036
f 3050/3050/3036 3049/3049/3035 3058/3058/3044
f 3054/3054/3040 2975/2975/2961 2952/2952/2938
f 3061/3061/3047 3062/3062/3048 3043/3043/3029
f 2833/2833/2819 3060/3060/3046 3030/3030/3016
f 3062/3062/3048 3061/3061/3047 3063/3063/3049
f 3050/3050/3036 3058/3058/3044 3057/3057/3043
f 3064/3064/3050 2885/2885/2871 2907/2907/2893
f 3065/3065/3051 3066/3066/3052 3067/3067/3053
f 2975/2975/2961 2951/2951/2937 2952/2952/2938
f 3066/3066/3052 2937/2937/2923 2987/2987/2973
f 3030/3030/3016 3060/3060/3046 3031/3031/3017
f 3066/3066/3052 2983/2983/2969 3029/3029/3015
f 3049/3049/3035 3068/3068/3054 3058/3058/3044
f 2934/2934/2920 3069/3069/3055 3065/3065/3051
f 3070/3070/3056 3071/3071/3057 3018/3018/3004
f 3018/3018/3004 3002/3002/2988 3070/3070/3056
f 3072/3072/3058 3073/3073/3059 3074/3074/3060
f 3002/3002/2988 3004/3004/2990 3070/3070/3056
f 3075/3075/3061 3076/3076/3062 3077/3077/3063
f 3065/3065/3051 3067/3067/3053 3078/3078/3064
f 3072/3072/3058 3074/3074/3060 3079/3079/3065
f 3075/3075/3061 3080/3080/3066 3076/3076/3062
f 2881/2881/2867 2887/2887/2873 3081/3081/3067
f 3066/3066/3052 3029/3029/3015 3031/3031/3017
f 3066/3066/3052 3031/3031/3017 3082/3082/3068
f 3083/3083/3069 3084/3084/3070 3085/3085/3071
f 3086/3086/3072 3087/3087/3073 3088/3088/3074
f 2939/2939/2925 3086/3086/3072 3088/3088/3074
f 2968/2968/2954 3089/3089/3075 2973/2973/2959
f 3090/3090/3076 3091/3091/3077 3023/3023/3009
f 3091/3091/3077 3090/3090/3076 3092/3092/3078
f 3093/3093/3079 3027/3027/3013 3026/3026/3012
f 3073/3073/3059 3094/3094/3080 3095/3095/3081
f 3091/3091/3077 3096/3096/3082 3097/3097/3083
f 3098/3098/3084 3092/3092/3078 3099/3099/3085
f 3095/3095/3081 3074/3074/3060 3073/3073/3059
f 3065/3065/3051 3078/3078/3064 2934/2934/2920
f 3073/3073/3059 3096/3096/3082 3098/3098/3084
f 3023/3023/3009 3097/3097/3083 3024/3024/3010
f 3072/3072/3058 3096/3096/3082 3073/3073/3059
f 3092/3092/3078 3098/3098/3084 3096/3096/3082
f 3096/3096/3082 3072/3072/3058 3097/3097/3083
f 3096/3096/3082 3091/3091/3077 3092/3092/3078
f 3100/3100/3086 3101/3101/3087 3102/3102/3088
f 3023/3023/3009 3091/3091/3077 3097/3097/3083
f 3066/3066/3052 3082/3082/3068 3067/3067/3053
f 3072/3072/3058 3103/3103/3089 3097/3097/3083
f 3024/3024/3010 3097/3097/3083 3103/3103/3089
f 3104/3104/3090 3105/3105/3091 3106/3106/3092
f 3094/3094/3080 3098/3098/3084 3107/3107/3093
f 3094/3094/3080 3073/3073/3059 3098/3098/3084
f 2879/2879/2865 2867/2867/2853 2880/2880/2866
f 2973/2973/2959 3026/3026/3012 2988/2988/2974
f 3026/3026/3012 2973/2973/2959 3089/3089/3075
f 3108/3108/3094 2934/2934/2920 2925/2925/2911
f 3108/3108/3094 3069/3069/3055 2934/2934/2920
f 2955/2955/2941 2964/2964/2950 2909/2909/2895
f 3065/3065/3051 2937/2937/2923 3066/3066/3052
f 2851/2851/2837 3109/3109/3095 2910/2910/2896
f 2910/2910/2896 2850/2850/2836 2851/2851/2837
f 3110/3110/3096 3111/3111/3097 3105/3105/3091
f 2987/2987/2973 2983/2983/2969 3066/3066/3052
f 3112/3112/3098 3113/3113/3099 3106/3106/3092
f 2935/2935/2921 2937/2937/2923 3065/3065/3051
f 2969/2969/2955 2925/2925/2911 2924/2924/2910
f 3114/3114/3100 3007/3007/2993 3006/3006/2992
f 3115/3115/3101 3063/3063/3049 3116/3116/3102
f 3110/3110/3096 3040/3040/3026 3102/3102/3088
f 3114/3114/3100 3117/3117/3103 3007/3007/2993
f 3116/3116/3102 3001/3001/2987 3000/3000/2986
f 3116/3116/3102 3063/3063/3049 3061/3061/3047
f 3114/3114/3100 3118/3118/3104 3117/3117/3103
f 3065/3065/3051 3069/3069/3055 2935/2935/2921
f 3119/3119/3105 3042/3042/3028 3114/3114/3100
f 3115/3115/3101 3116/3116/3102 3000/3000/2986
f 3120/3120/3106 3106/3106/3092 3105/3105/3091
f 3121/3121/3107 3122/3122/3107 3123/3123/3107
f 2851/2851/2837 3124/3124/3108 3109/3109/3095
f 3116/3116/3102 3061/3061/3047 3119/3119/3105
f 3119/3119/3105 3006/3006/2992 3001/3001/2987
f 3115/3115/3101 3000/3000/2986 3019/3019/3005
f 3119/3119/3105 3114/3114/3100 3006/3006/2992
f 3125/3125/3109 3126/3126/3110 2880/2880/2866
f 3119/3119/3105 3001/3001/2987 3116/3116/3102
f 2991/2991/2977 2992/2992/2978 2997/2997/2983
f 3106/3106/3092 3120/3120/3106 3112/3112/3098
f 3109/3109/3095 3127/3127/3111 2910/2910/2896
f 3109/3109/3095 3128/3128/3112 3127/3127/3111
f 2880/2880/2866 2885/2885/2871 3125/3125/3109
f 2925/2925/2911 2969/2969/2955 3108/3108/3094
f 3129/3129/3113 2954/2954/2940 2938/2938/2924
f 2853/2853/2839 3124/3124/3108 2851/2851/2837
f 3069/3069/3055 2998/2998/2984 2935/2935/2921
f 2998/2998/2984 3108/3108/3094 2969/2969/2955
f 3130/3130/3114 3109/3109/3095 3124/3124/3108
f 2998/2998/2984 3069/3069/3055 3108/3108/3094
f 3104/3104/3090 3020/3020/3006 3040/3040/3026
f 2992/2992/2978 3131/3131/3115 2997/2997/2983
f 3129/3129/3113 3088/3088/3074 3087/3087/3073
f 3129/3129/3113 3087/3087/3073 3132/3132/3116
f 2881/2881/2867 3081/3081/3067 3025/3025/3011
f 3133/3133/3117 3134/3134/3118 3090/3090/3076
f 3090/3090/3076 3134/3134/3118 3135/3135/3119
f 2954/2954/2940 3135/3135/3119 3134/3134/3118
f 2872/2872/2858 3040/3040/3026 3020/3020/3006
f 3136/3136/3120 3135/3135/3119 2954/2954/2940
f 2938/2938/2924 3088/3088/3074 3129/3129/3113
f 3136/3136/3120 2954/2954/2940 3129/3129/3113
f 3125/3125/3109 3137/3137/3121 3126/3126/3110
f 2992/2992/2978 3138/3138/3122 3131/3131/3115
f 2939/2939/2925 3088/3088/3074 2938/2938/2924
f 3134/3134/3118 2948/2948/2934 2954/2954/2940
f 2954/2954/2940 2911/2911/2897 2912/2912/2898
f 3131/3131/3115 3138/3138/3122 2996/2996/2982
f 2912/2912/2898 2938/2938/2924 2954/2954/2940
f 3126/3126/3110 2879/2879/2865 2880/2880/2866
f 2944/2944/2930 3138/3138/3122 2992/2992/2978
f 2997/2997/2983 3131/3131/3115 2996/2996/2982
f 2960/2960/2946 3134/3134/3118 3133/3133/3117
f 2944/2944/2930 2943/2943/2929 2996/2996/2982
f 2960/2960/2946 3133/3133/3117 2962/2962/2948
f 3139/3139/3123 3140/3140/3124 3127/3127/3111
f 3134/3134/3118 2960/2960/2946 2948/2948/2934
f 3141/3141/3125 3102/3102/3088 3040/3040/3026
f 2848/2848/2834 2847/2847/2833 2928/2928/2914
f 3102/3102/3088 3141/3141/3125 3100/3100/3086
f 3140/3140/3124 2908/2908/2894 2910/2910/2896
f 3140/3140/3124 2910/2910/2896 3127/3127/3111
f 2949/2949/2935 3142/3142/3126 2939/2939/2925
f 3143/3143/3127 2928/2928/2914 2963/2963/2949
f 3142/3142/3126 3086/3086/3072 2939/2939/2925
f 2996/2996/2982 3138/3138/3122 2944/2944/2930
f 3143/3143/3127 3124/3124/3108 2928/2928/2914
f 3039/3039/3025 3141/3141/3125 3040/3040/3026
f 2995/2995/2981 3126/3126/3110 3012/3012/2998
f 3142/3142/3126 3144/3144/3128 3086/3086/3072
f 3144/3144/3128 3142/3142/3126 3145/3145/3129
f 3126/3126/3110 3137/3137/3121 3012/3012/2998
f 3146/3146/3130 2917/2917/2903 3147/3147/3131
f 3126/3126/3110 2995/2995/2981 2879/2879/2865
f 3148/3148/3132 3149/3149/3133 3150/3150/3134
f 3151/3151/3135 3143/3143/3127 2963/2963/2949
f 2917/2917/2903 3146/3146/3130 2913/2913/2899
f 3092/3092/3078 3135/3135/3119 3136/3136/3120
f 3107/3107/3093 3099/3099/3085 3152/3152/3136
f 3152/3152/3136 3099/3099/3085 3136/3136/3120
f 3132/3132/3116 3152/3152/3136 3129/3129/3113
f 3136/3136/3120 3129/3129/3113 3152/3152/3136
f 2840/2840/2826 2986/2986/2972 2916/2916/2902
f 3128/3128/3112 3153/3153/3137 3127/3127/3111
f 2913/2913/2899 3146/3146/3130 3154/3154/3138
f 3092/3092/3078 3136/3136/3120 3099/3099/3085
f 2928/2928/2914 3124/3124/3108 2853/2853/2839
f 3155/3155/3139 3139/3139/3123 3127/3127/3111
f 3090/3090/3076 3135/3135/3119 3092/3092/3078
f 3156/3156/3140 3157/3157/3141 3158/3158/3142
f 3159/3159/3143 3158/3158/3142 3157/3157/3141
f 3160/3160/3144 3161/3161/3145 3162/3162/3146
f 3162/3162/3146 3161/3161/3145 3163/3163/3147
f 3127/3127/3111 3153/3153/3137 3155/3155/3139
f 2840/2840/2826 2916/2916/2902 2838/2838/2824
f 3143/3143/3127 3130/3130/3114 3124/3124/3108
f 3164/3164/3148 3056/3056/3042 3055/3055/3041
f 3165/3165/3149 3160/3160/3144 3166/3166/3150
f 3167/3167/3151 3155/3155/3139 3153/3153/3137
f 3055/3055/3041 3139/3139/3123 3155/3155/3139
f 3160/3160/3144 3165/3165/3149 3161/3161/3145
f 2840/2840/2826 2906/2906/2892 2986/2986/2972
f 3167/3167/3151 3153/3153/3137 3168/3168/3152
f 3155/3155/3139 3164/3164/3148 3055/3055/3041
f 3169/3169/3153 3170/3170/3154 3147/3147/3131
f 3042/3042/3028 3041/3041/3027 3163/3163/3147
f 3159/3159/3143 3171/3171/3155 3158/3158/3142
f 3128/3128/3112 3168/3168/3152 3153/3153/3137
f 3171/3171/3155 3172/3172/3156 3158/3158/3142
f 2860/2860/2846 2864/2864/2850 2949/2949/2935
f 3172/3172/3156 3171/3171/3155 3032/3032/3018
f 3164/3164/3148 3155/3155/3139 3173/3173/3157
f 3044/3044/3030 3172/3172/3156 3034/3034/3020
f 2992/2992/2978 3016/3016/3002 2944/2944/2930
f 3061/3061/3047 3043/3043/3029 3042/3042/3028
f 3042/3042/3028 3163/3163/3147 3114/3114/3100
f 2863/2863/2849 3142/3142/3126 2949/2949/2935
f 3119/3119/3105 3061/3061/3047 3042/3042/3028
f 2992/2992/2978 2879/2879/2865 3016/3016/3002
f 3156/3156/3140 3174/3174/3158 3175/3175/3159
f 3176/3176/3160 3166/3166/3150 3045/3045/3031
f 3174/3174/3158 3156/3156/3140 3158/3158/3142
f 3167/3167/3151 3173/3173/3157 3155/3155/3139
f 3100/3100/3086 3141/3141/3125 3038/3038/3024
f 2862/2862/2848 3145/3145/3129 2863/2863/2849
f 3032/3032/3018 3034/3034/3020 3172/3172/3156
f 3118/3118/3104 3114/3114/3100 3163/3163/3147
f 2949/2949/2935 2864/2864/2850 2863/2863/2849
f 3047/3047/3033 3176/3176/3160 3045/3045/3031
f 3165/3165/3149 3166/3166/3150 3176/3176/3160
f 3172/3172/3156 3044/3044/3030 3174/3174/3158
f 3174/3174/3158 3158/3158/3142 3172/3172/3156
f 3147/3147/3131 2917/2917/2903 2979/2979/2965
f 2888/2888/2874 3104/3104/3090 3021/3021/3007
f 3146/3146/3130 3147/3147/3131 3170/3170/3154
f 3146/3146/3130 3170/3170/3154 3154/3154/3138
f 3137/3137/3121 3125/3125/3109 3064/3064/3050
f 3177/3177/3161 3014/3014/3000 3012/3012/2998
f 3021/3021/3007 2907/2907/2893 2932/2932/2918
f 3137/3137/3121 3064/3064/3050 3113/3113/3099
f 2907/2907/2893 3021/3021/3007 3113/3113/3099
f 3113/3113/3099 3064/3064/3050 2907/2907/2893
f 3143/3143/3127 3151/3151/3135 3130/3130/3114
f 3142/3142/3126 2863/2863/2849 3145/3145/3129
f 3113/3113/3099 3112/3112/3098 3177/3177/3161
f 3178/3178/3162 3179/3179/3163 3180/3180/3164
f 3141/3141/3125 3039/3039/3025 3038/3038/3024
f 2888/2888/2874 3020/3020/3006 3104/3104/3090
f 3181/3181/3165 3180/3180/3164 3182/3182/3166
f 3064/3064/3050 3125/3125/3109 2885/2885/2871
f 3183/3183/3167 3184/3184/3168 3182/3182/3166
f 3090/3090/3076 3023/3023/3009 3133/3133/3117
f 3178/3178/3162 3181/3181/3165 3185/3185/3169
f 3180/3180/3164 3181/3181/3165 3178/3178/3162
f 3186/3186/3170 3187/3187/3171 3188/3188/3172
f 3182/3182/3166 3184/3184/3168 3181/3181/3165
f 3182/3182/3166 3180/3180/3164 3189/3189/3173
f 3183/3183/3167 3190/3190/3174 3191/3191/3175
f 3182/3182/3166 3190/3190/3174 3183/3183/3167
f 3190/3190/3174 3182/3182/3166 3189/3189/3173
f 2979/2979/2965 2982/2982/2968 3192/3192/3176
f 3104/3104/3090 3110/3110/3096 3105/3105/3091
f 3193/3193/3177 3154/3154/3138 3194/3194/3178
f 3110/3110/3096 3104/3104/3090 3040/3040/3026
f 3195/3195/3179 3187/3187/3171 3186/3186/3170
f 3170/3170/3154 3194/3194/3178 3154/3154/3138
f 3189/3189/3173 3196/3196/3180 3190/3190/3174
f 3195/3195/3179 3186/3186/3170 3197/3197/3181
f 3193/3193/3177 3194/3194/3178 3157/3157/3141
f 3128/3128/3112 3109/3109/3095 3130/3130/3114
f 3198/3198/3182 2887/2887/2873 2930/2930/2916
f 3133/3133/3117 3022/3022/3008 2955/2955/2941
f 2955/2955/2941 2962/2962/2948 3133/3133/3117
f 3128/3128/3112 3130/3130/3114 3168/3168/3152
f 3157/3157/3141 3194/3194/3178 3159/3159/3143
f 3159/3159/3143 3194/3194/3178 3170/3170/3154
f 3106/3106/3092 3021/3021/3007 3104/3104/3090
f 3132/3132/3116 3199/3199/3183 3152/3152/3136
f 3022/3022/3008 3133/3133/3117 3023/3023/3009
f 3200/3200/3184 3076/3076/3062 3080/3080/3066
f 3076/3076/3062 2961/2961/2947 2959/2959/2945
f 3201/3201/3185 3202/3202/3186 3203/3203/3187
f 2964/2964/2950 2955/2955/2941 3022/3022/3008
f 3137/3137/3121 3113/3113/3099 3177/3177/3161
f 3201/3201/3185 3204/3204/3188 3202/3202/3186
f 3204/3204/3188 3205/3205/3189 3202/3202/3186
f 2959/2959/2945 3077/3077/3063 3076/3076/3062
f 3205/3205/3189 3204/3204/3188 3185/3185/3169
f 2961/2961/2947 3076/3076/3062 3200/3200/3184
f 3107/3107/3093 3206/3206/3190 3207/3207/3191
f 3203/3203/3187 3208/3208/3192 3201/3201/3185
f 2930/2930/2916 2961/2961/2947 3198/3198/3182
f 2961/2961/2947 3200/3200/3184 3198/3198/3182
f 3113/3113/3099 3021/3021/3007 3106/3106/3092
f 3185/3185/3169 3201/3201/3185 3178/3178/3162
f 3177/3177/3161 3012/3012/2998 3137/3137/3121
f 3178/3178/3162 3201/3201/3185 3208/3208/3192
f 3094/3094/3080 3107/3107/3093 3207/3207/3191
f 3185/3185/3169 3204/3204/3188 3201/3201/3185
f 3192/3192/3176 2980/2980/2966 2984/2984/2970
f 2893/2893/2879 2904/2904/2890 2891/2891/2877
f 3107/3107/3093 3098/3098/3084 3099/3099/3085
f 3206/3206/3190 3209/3209/3193 3207/3207/3191
f 2906/2906/2892 2905/2905/2891 3051/3051/3037
f 3206/3206/3190 3199/3199/3183 3209/3209/3193
f 2860/2860/2846 2949/2949/2935 2912/2912/2898
f 3199/3199/3183 3206/3206/3190 3152/3152/3136
f 3152/3152/3136 3206/3206/3190 3107/3107/3093
f 3052/3052/3038 2905/2905/2891 2904/2904/2890
f 3169/3169/3153 3192/3192/3176 2984/2984/2970
f 3046/3046/3032 3085/3085/3071 3084/3084/3070
f 2835/2835/2821 3210/3210/3194 2836/2836/2822
f 2893/2893/2879 2908/2908/2894 3211/3211/3195
f 3084/3084/3070 3047/3047/3033 3046/3046/3032
f 3159/3159/3143 3169/3169/3153 3171/3171/3155
f 3169/3169/3153 3147/3147/3131 2979/2979/2965
f 3171/3171/3155 3169/3169/3153 2984/2984/2970
f 3011/3011/2997 3084/3084/3070 3083/3083/3069
f 3011/3011/2997 3212/3212/3196 3047/3047/3033
f 3011/3011/2997 3017/3017/3003 3212/3212/3196
f 2835/2835/2821 2834/2834/2820 3210/3210/3194
f 3047/3047/3033 3084/3084/3070 3011/3011/2997
f 2979/2979/2965 3192/3192/3176 3169/3169/3153
f 3159/3159/3143 3170/3170/3154 3169/3169/3153
f 2987/2987/2973 3192/3192/3176 2982/2982/2968
f 3083/3083/3069 3004/3004/2990 3011/3011/2997
f 2894/2894/2880 2836/2836/2822 2858/2858/2844
f 3213/3213/3197 3214/3214/3198 3215/3215/3199
f 2860/2860/2846 2894/2894/2880 2858/2858/2844
f 2836/2836/2822 2894/2894/2880 2837/2837/2823
f 2980/2980/2966 3192/3192/3176 2987/2987/2973
f 3070/3070/3056 3004/3004/2990 3083/3083/3069
f 3083/3083/3069 3216/3216/3200 3070/3070/3056
f 3057/3057/3043 2893/2893/2879 3211/3211/3195
f 3060/3060/3046 3217/3217/3201 3031/3031/3017
f 3211/3211/3195 3050/3050/3036 3057/3057/3043
f 3055/3055/3041 3050/3050/3036 3211/3211/3195
f 2984/2984/2970 3032/3032/3018 3171/3171/3155
f 3218/3218/3202 2886/2886/2872 3219/3219/3203
f 3060/3060/3046 3059/3059/3045 3217/3217/3201
f 2984/2984/2970 2978/2978/2964 3032/3032/3018
f 3211/3211/3195 3139/3139/3123 3055/3055/3041
f 2959/2959/2945 2958/2958/2944 3077/3077/3063
f 3052/3052/3038 2904/2904/2890 3057/3057/3043
f 3140/3140/3124 3211/3211/3195 2908/2908/2894
f 3220/3220/3204 3221/3221/3205 3222/3222/3206
f 3223/3223/3207 3224/3224/3208 3225/3225/3209
f 3223/3223/3207 3225/3225/3209 3226/3226/3210
f 3057/3057/3043 2904/2904/2890 2893/2893/2879
f 3211/3211/3195 3140/3140/3124 3139/3139/3123
f 3227/3227/3211 3224/3224/3208 3223/3223/3207
f 3224/3224/3208 3227/3227/3211 3228/3228/3212
f 3229/3229/3213 3230/3230/3214 3231/3231/3215
f 3232/3232/3216 3228/3228/3212 3227/3227/3211
f 2848/2848/2834 3233/3233/3217 2855/2855/2841
f 3234/3234/3218 3235/3235/3219 3230/3230/3214
f 3233/3233/3217 2848/2848/2834 2886/2886/2872
f 3236/3236/3220 3229/3229/3213 3237/3237/3221
f 3235/3235/3219 3238/3238/3222 3231/3231/3215
f 3230/3230/3214 3229/3229/3213 3236/3236/3220
f 3231/3231/3215 3230/3230/3214 3235/3235/3219
f 2886/2886/2872 2890/2890/2876 2889/2889/2875
f 2889/2889/2875 3239/3239/3223 2886/2886/2872
f 3240/3240/3224 3241/3241/3225 3242/3242/3226
f 3240/3240/3224 3243/3243/3227 3241/3241/3225
f 3240/3240/3224 3244/3244/3228 3243/3243/3227
f 3232/3232/3216 3243/3243/3227 3228/3228/3212
f 3232/3232/3216 3241/3241/3225 3243/3243/3227
f 2856/2856/2842 2857/2857/2843 3148/3148/3132
f 3245/3245/3229 3246/3246/3230 3237/3237/3221
f 3245/3245/3229 3237/3237/3221 3229/3229/3213
f 2856/2856/2842 3148/3148/3132 3247/3247/3231
f 3247/3247/3231 2833/2833/2819 2826/2826/2812
f 3248/3248/3232 3236/3236/3220 3249/3249/3233
f 3236/3236/3220 3248/3248/3232 3234/3234/3218
f 3250/3250/3234 3236/3236/3220 3237/3237/3221
f 2856/2856/2842 3247/3247/3231 2826/2826/2812
f 3015/3015/3001 3251/3251/3235 3016/3016/3002
f 3252/3252/3236 3253/3253/3237 3254/3254/3238
f 3234/3234/3218 3230/3230/3214 3236/3236/3220
f 3255/3255/3239 3256/3256/3240 3257/3257/3241
f 3258/3258/3242 3259/3259/3243 3257/3257/3241
f 3016/3016/3002 3251/3251/3235 3181/3181/3165
f 3260/3260/3244 3261/3261/3245 3262/3262/3246
f 3263/3263/3247 3259/3259/3243 3258/3258/3242
f 3188/3188/3172 3264/3264/3248 3265/3265/3249
f 2833/2833/2819 3266/3266/3250 3059/3059/3045
f 3250/3250/3234 3249/3249/3233 3236/3236/3220
f 3188/3188/3172 3265/3265/3249 3186/3186/3170
f 3267/3267/3251 3259/3259/3243 3263/3263/3247
f 3267/3267/3251 3268/3268/3252 3269/3269/3253
f 3270/3270/3254 3268/3268/3252 3267/3267/3251
f 3251/3251/3235 3013/3013/2999 3185/3185/3169
f 3224/3224/3208 3228/3228/3212 3271/3271/3255
f 3217/3217/3201 3242/3242/3226 3031/3031/3017
f 3271/3271/3255 3272/3272/3256 3224/3224/3208
f 3183/3183/3167 2945/2945/2931 2944/2944/2930
f 3185/3185/3169 3013/3013/2999 3205/3205/3189
f 3273/3273/3257 3274/3274/3258 3254/3254/3238
f 3275/3275/3259 3276/3276/3260 3277/3277/3261
f 3183/3183/3167 2944/2944/2930 3184/3184/3168
f 3184/3184/3168 2944/2944/2930 3016/3016/3002
f 3271/3271/3255 3244/3244/3228 3278/3278/3262
f 3279/3279/3263 3177/3177/3161 3280/3280/3264
f 3281/3281/3265 3282/3282/3266 3283/3283/3267
f 3183/3183/3167 3191/3191/3175 2945/2945/2931
f 3275/3275/3259 3284/3284/3268 3276/3276/3260
f 3251/3251/3235 3185/3185/3169 3181/3181/3165
f 3285/3285/3269 3269/3269/3253 3286/3286/3270
f 3252/3252/3236 3274/3274/3258 3281/3281/3265
f 3272/3272/3256 3271/3271/3255 3287/3287/3271
f 3281/3281/3265 3288/3288/3272 3252/3252/3236
f 3218/3218/3202 3233/3233/3217 2886/2886/2872
f 3181/3181/3165 3184/3184/3168 3016/3016/3002
f 3289/3289/3273 3102/3102/3088 3101/3101/3087
f 3203/3203/3187 3263/3263/3247 3208/3208/3192
f 3203/3203/3187 3270/3270/3254 3263/3263/3247
f 3267/3267/3251 3263/3263/3247 3270/3270/3254
f 3268/3268/3252 3290/3290/3274 3291/3291/3275
f 3291/3291/3275 3292/3292/3276 3269/3269/3253
f 3269/3269/3253 3268/3268/3252 3291/3291/3275
f 3285/3285/3269 3267/3267/3251 3269/3269/3253
f 3285/3285/3269 3276/3276/3260 3284/3284/3268
f 3268/3268/3252 3270/3270/3254 3290/3290/3274
f 3218/3218/3202 3219/3219/3203 3293/3293/3277
f 3273/3273/3257 3281/3281/3265 3274/3274/3258
f 2857/2857/2843 3294/3294/3278 3148/3148/3132
f 3295/3295/3279 3278/3278/3262 3296/3296/3280
f 3278/3278/3262 3295/3295/3279 3287/3287/3271
f 3257/3257/3241 3259/3259/3243 3267/3267/3251
f 3297/3297/3281 3286/3286/3270 3292/3292/3276
f 3254/3254/3238 3274/3274/3258 3252/3252/3236
f 3266/3266/3250 2833/2833/2819 3247/3247/3231
f 3257/3257/3241 3267/3267/3251 3285/3285/3269
f 3251/3251/3235 3015/3015/3001 3013/3013/2999
f 3277/3277/3261 3276/3276/3260 3286/3286/3270
f 3297/3297/3281 3292/3292/3276 3298/3298/3282
f 3272/3272/3256 3299/3299/3283 3300/3300/3284
f 3287/3287/3271 3299/3299/3283 3272/3272/3256
f 3284/3284/3268 3255/3255/3239 3257/3257/3241
f 3284/3284/3268 3257/3257/3241 3285/3285/3269
f 3225/3225/3209 3224/3224/3208 3272/3272/3256
f 3205/3205/3189 3014/3014/3000 3279/3279/3263
f 3279/3279/3263 3202/3202/3186 3205/3205/3189
f 3287/3287/3271 3295/3295/3279 3301/3301/3285
f 3225/3225/3209 3272/3272/3256 3300/3300/3284
f 3014/3014/3000 3205/3205/3189 3013/3013/2999
f 3302/3302/3286 3303/3303/3287 3221/3221/3205
f 3292/3292/3276 3286/3286/3270 3269/3269/3253
f 3286/3286/3270 3276/3276/3260 3285/3285/3269
f 3299/3299/3283 3287/3287/3271 3301/3301/3285
f 3278/3278/3262 3287/3287/3271 3271/3271/3255
f 3233/3233/3217 3218/3218/3202 2855/2855/2841
f 3277/3277/3261 3286/3286/3270 3297/3297/3281
f 3271/3271/3255 3243/3243/3227 3244/3244/3228
f 3271/3271/3255 3228/3228/3212 3243/3243/3227
f 3295/3295/3279 3304/3304/3288 3305/3305/3289
f 3306/3306/3290 3256/3256/3240 3307/3307/3291
f 3295/3295/3279 3296/3296/3280 3304/3304/3288
f 3308/3308/3292 3309/3309/3293 3307/3307/3291
f 3281/3281/3265 3273/3273/3257 3282/3282/3266
f 3310/3310/3294 3208/3208/3192 3311/3311/3295
f 3306/3306/3290 3307/3307/3291 3309/3309/3293
f 3306/3306/3290 3309/3309/3293 3312/3312/3296
f 3311/3311/3295 3312/3312/3296 3310/3310/3294
f 3311/3311/3295 3258/3258/3242 3306/3306/3290
f 3310/3310/3294 3178/3178/3162 3208/3208/3192
f 3311/3311/3295 3306/3306/3290 3312/3312/3296
f 3263/3263/3247 3258/3258/3242 3311/3311/3295
f 3246/3246/3230 3245/3245/3229 3313/3313/3297
f 3263/3263/3247 3311/3311/3295 3208/3208/3192
f 3258/3258/3242 3257/3257/3241 3256/3256/3240
f 3256/3256/3240 3306/3306/3290 3258/3258/3242
f 2854/2854/2840 3314/3314/3298 2834/2834/2820
f 3281/3281/3265 3315/3315/3299 3288/3288/3272
f 3197/3197/3181 3283/3283/3267 3195/3195/3179
f 3197/3197/3181 3316/3316/3300 3283/3283/3267
f 3315/3315/3299 3281/3281/3265 3283/3283/3267
f 3309/3309/3293 3317/3317/3301 3312/3312/3296
f 3282/3282/3266 3195/3195/3179 3283/3283/3267
f 3318/3318/3302 3165/3165/3149 3176/3176/3160
f 3117/3117/3103 3161/3161/3145 3318/3318/3302
f 3212/3212/3196 3017/3017/3003 3007/3007/2993
f 3165/3165/3149 3318/3318/3302 3161/3161/3145
f 3117/3117/3103 3118/3118/3104 3161/3161/3145
f 3317/3317/3301 3309/3309/3293 3308/3308/3292
f 3318/3318/3302 3047/3047/3033 3212/3212/3196
f 3212/3212/3196 3117/3117/3103 3318/3318/3302
f 3212/3212/3196 3007/3007/2993 3117/3117/3103
f 3319/3319/3303 3189/3189/3173 3179/3179/3163
f 3318/3318/3302 3176/3176/3160 3047/3047/3033
f 3210/3210/3194 3320/3320/3304 2836/2836/2822
f 3283/3283/3267 3316/3316/3300 3315/3315/3299
f 3189/3189/3173 3180/3180/3164 3179/3179/3163
f 3161/3161/3145 3118/3118/3104 3163/3163/3147
f 2834/2834/2820 3314/3314/3298 3210/3210/3194
f 3179/3179/3163 3317/3317/3301 3319/3319/3303
f 3321/3321/3305 3322/3322/3306 3323/3323/3307
f 3321/3321/3305 3323/3323/3307 3324/3324/3308
f 3319/3319/3303 3317/3317/3301 3325/3325/3309
f 3326/3326/3310 2919/2919/2905 2915/2915/2901
f 3178/3178/3162 3310/3310/3294 3179/3179/3163
f 3179/3179/3163 3310/3310/3294 3312/3312/3296
f 2866/2866/2852 3265/3265/3249 2861/2861/2847
f 2861/2861/2847 3265/3265/3249 3264/3264/3248
f 3179/3179/3163 3312/3312/3296 3317/3317/3301
f 3292/3292/3276 3291/3291/3275 3327/3327/3311
f 3328/3328/3312 3329/3329/3313 3330/3330/3314
f 3328/3328/3312 3331/3331/3315 3329/3329/3313
f 3332/3332/3316 3320/3320/3304 3210/3210/3194
f 3210/3210/3194 3314/3314/3298 3332/3332/3316
f 3333/3333/3317 3327/3327/3311 3334/3334/3318
f 3191/3191/3175 3190/3190/3174 3196/3196/3180
f 3292/3292/3276 3327/3327/3311 3335/3335/3319
f 2866/2866/2852 3336/3336/3320 3265/3265/3249
f 3321/3321/3305 3324/3324/3308 3337/3337/3321
f 3322/3322/3306 3338/3338/3322 3323/3323/3307
f 3339/3339/3323 2874/2874/2860 2873/2873/2859
f 2866/2866/2852 2859/2859/2845 3336/3336/3320
f 2873/2873/2859 3326/3326/3310 3339/3339/3323
f 3326/3326/3310 2873/2873/2859 2919/2919/2905
f 3334/3334/3318 3327/3327/3311 3340/3340/3324
f 3308/3308/3292 3325/3325/3309 3317/3317/3301
f 3322/3322/3306 3341/3341/3325 3338/3338/3322
f 3322/3322/3306 3342/3342/3326 3341/3341/3325
f 3332/3332/3316 3314/3314/3298 3220/3220/3204
f 3343/3343/3327 3331/3331/3315 3344/3344/3328
f 3345/3345/3329 3346/3346/3330 3347/3347/3331
f 3335/3335/3319 3298/3298/3282 3292/3292/3276
f 3348/3348/3332 3349/3349/3333 3350/3350/3334
f 2889/2889/2875 2874/2874/2860 3339/3339/3323
f 3290/3290/3274 3351/3351/3335 3340/3340/3324
f 3352/3352/3336 3353/3353/3337 3354/3354/3338
f 3290/3290/3274 3340/3340/3324 3291/3291/3275
f 3329/3329/3313 3331/3331/3315 3343/3343/3327
f 3354/3354/3338 3219/3219/3203 3352/3352/3336
f 3280/3280/3264 3355/3355/3339 3202/3202/3186
f 3356/3356/3340 3348/3348/3332 3337/3337/3321
f 3348/3348/3332 3356/3356/3340 3349/3349/3333
f 3241/3241/3225 3067/3067/3053 3082/3082/3068
f 3357/3357/3341 3353/3353/3337 3358/3358/3342
f 3220/3220/3204 3222/3222/3206 3332/3332/3316
f 3241/3241/3225 3082/3082/3068 3242/3242/3226
f 3290/3290/3274 3355/3355/3339 3351/3351/3335
f 3350/3350/3334 3354/3354/3338 3357/3357/3341
f 3354/3354/3338 3353/3353/3337 3357/3357/3341
f 3242/3242/3226 3082/3082/3068 3031/3031/3017
f 3359/3359/3343 3360/3360/3344 3361/3361/3345
f 3362/3362/3346 3363/3363/3347 3354/3354/3338
f 3362/3362/3346 3364/3364/3348 3363/3363/3347
f 3260/3260/3244 3365/3365/3349 3304/3304/3288
f 3366/3366/3350 3367/3367/3351 3368/3368/3352
f 3290/3290/3274 3270/3270/3254 3203/3203/3187
f 3341/3341/3325 2903/2903/2889 3215/3215/3199
f 3368/3368/3352 3369/3369/3353 3366/3366/3350
f 3370/3370/3354 3371/3371/3355 3238/3238/3222
f 3370/3370/3354 3238/3238/3222 3366/3366/3350
f 3366/3366/3350 3372/3372/3356 3370/3370/3354
f 3341/3341/3325 2901/2901/2887 2903/2903/2889
f 3373/3373/3357 3347/3347/3331 3374/3374/3358
f 3359/3359/3343 3361/3361/3345 3369/3369/3353
f 2901/2901/2887 3341/3341/3325 3342/3342/3326
f 2855/2855/2841 3218/3218/3202 3293/3293/3277
f 3342/3342/3326 3375/3375/3359 2901/2901/2887
f 3360/3360/3344 3376/3376/3360 3361/3361/3345
f 3377/3377/3361 3059/3059/3045 3266/3266/3250
f 3376/3376/3360 3378/3378/3362 3361/3361/3345
f 3375/3375/3359 3342/3342/3326 3379/3379/3363
f 3380/3380/3364 2858/2858/2844 2836/2836/2822
f 3333/3333/3317 3335/3335/3319 3327/3327/3311
f 3320/3320/3304 3381/3381/3365 2836/2836/2822
f 3333/3333/3317 3382/3382/3366 3335/3335/3319
f 3291/3291/3275 3340/3340/3324 3327/3327/3311
f 3373/3373/3357 3383/3383/3367 3303/3303/3287
f 3303/3303/3287 3302/3302/3286 3373/3373/3357
f 3265/3265/3249 3384/3384/3368 3197/3197/3181
f 3197/3197/3181 3186/3186/3170 3265/3265/3249
f 3385/3385/3369 3330/3330/3314 3370/3370/3354
f 3386/3386/3370 3345/3345/3329 3373/3373/3357
f 3373/3373/3357 3302/3302/3286 3386/3386/3370
f 3347/3347/3331 3387/3387/3371 3252/3252/3236
f 3345/3345/3329 3388/3388/3372 3346/3346/3330
f 3359/3359/3343 3369/3369/3353 3368/3368/3352
f 3320/3320/3304 3332/3332/3316 3222/3222/3206
f 3389/3389/3373 3362/3362/3346 3350/3350/3334
f 3202/3202/3186 3355/3355/3339 3203/3203/3187
f 3363/3363/3347 3390/3390/3374 3293/3293/3277
f 3350/3350/3334 3362/3362/3346 3354/3354/3338
f 3078/3078/3064 3067/3067/3053 3232/3232/3216
f 3372/3372/3356 3366/3366/3350 3369/3369/3353
f 3347/3347/3331 3252/3252/3236 3288/3288/3272
f 3059/3059/3045 3391/3391/3375 3217/3217/3201
f 3241/3241/3225 3232/3232/3216 3067/3067/3053
f 3203/3203/3187 3355/3355/3339 3290/3290/3274
f 3227/3227/3211 3078/3078/3064 3232/3232/3216
f 3288/3288/3272 3374/3374/3358 3347/3347/3331
f 3305/3305/3289 3392/3392/3376 3301/3301/3285
f 3377/3377/3361 3391/3391/3375 3059/3059/3045
f 3301/3301/3285 3295/3295/3279 3305/3305/3289
f 3358/3358/3342 3393/3393/3377 3357/3357/3341
f 2855/2855/2841 3293/3293/3277 3390/3390/3374
f 3372/3372/3356 3369/3369/3353 3361/3361/3345
f 3240/3240/3224 3242/3242/3226 3217/3217/3201
f 3350/3350/3334 3357/3357/3341 3348/3348/3332
f 3357/3357/3341 3393/3393/3377 3348/3348/3332
f 3385/3385/3369 3370/3370/3354 3372/3372/3356
f 3355/3355/3339 3280/3280/3264 3351/3351/3335
f 3372/3372/3356 3361/3361/3345 3378/3378/3362
f 3378/3378/3362 3394/3394/3378 3385/3385/3369
f 3219/3219/3203 3354/3354/3338 3363/3363/3347
f 3265/3265/3249 3336/3336/3320 3384/3384/3368
f 3372/3372/3356 3378/3378/3362 3385/3385/3369
f 3395/3395/3379 3384/3384/3368 2859/2859/2845
f 3217/3217/3201 3391/3391/3375 3244/3244/3228
f 3266/3266/3250 3247/3247/3231 3148/3148/3132
f 3217/3217/3201 3244/3244/3228 3240/3240/3224
f 3384/3384/3368 3336/3336/3320 2859/2859/2845
f 3301/3301/3285 3396/3396/3380 3397/3397/3381
f 3395/3395/3379 2859/2859/2845 2858/2858/2844
f 3301/3301/3285 3392/3392/3376 3396/3396/3380
f 3345/3345/3329 3347/3347/3331 3373/3373/3357
f 3397/3397/3381 3299/3299/3283 3301/3301/3285
f 3148/3148/3132 3377/3377/3361 3266/3266/3250
f 2854/2854/2840 2929/2929/2915 3220/3220/3204
f 3398/3398/3382 3239/3239/3223 2889/2889/2875
f 3214/3214/3198 2914/2914/2900 2918/2918/2904
f 3214/3214/3198 3213/3213/3197 2914/2914/2900
f 3398/3398/3382 2889/2889/2875 3339/3339/3323
f 2914/2914/2900 3213/3213/3197 2915/2915/2901
f 3102/3102/3088 3289/3289/3273 3111/3111/3097
f 3110/3110/3096 3102/3102/3088 3111/3111/3097
f 3220/3220/3204 3314/3314/3298 2854/2854/2840
f 2933/2933/2919 2926/2926/2912 2925/2925/2911
f 3239/3239/3223 3399/3399/3383 3352/3352/3336
f 3239/3239/3223 3398/3398/3382 3399/3399/3383
f 3400/3400/3384 3358/3358/3342 3401/3401/3385
f 2915/2915/2901 3213/3213/3197 2902/2902/2888
f 3402/3402/3386 3376/3376/3360 3403/3403/3387
f 2903/2903/2889 2902/2902/2888 3213/3213/3197
f 3315/3315/3299 3404/3404/3388 3405/3405/3389
f 3364/3364/3348 3406/3406/3390 3363/3363/3347
f 3334/3334/3318 3340/3340/3324 3105/3105/3091
f 3400/3400/3384 2901/2901/2887 3375/3375/3359
f 3402/3402/3386 3378/3378/3362 3376/3376/3360
f 2886/2886/2872 3239/3239/3223 3352/3352/3336
f 2886/2886/2872 3352/3352/3336 3219/3219/3203
f 3329/3329/3313 3371/3371/3355 3370/3370/3354
f 3370/3370/3354 3330/3330/3314 3329/3329/3313
f 3400/3400/3384 3326/3326/3310 2915/2915/2901
f 2902/2902/2888 3400/3400/3384 2915/2915/2901
f 3362/3362/3346 3407/3407/3391 3364/3364/3348
f 3364/3364/3348 3408/3408/3392 3406/3406/3390
f 3362/3362/3346 3389/3389/3373 3407/3407/3391
f 3315/3315/3299 3316/3316/3300 3404/3404/3388
f 3374/3374/3358 3315/3315/3299 3405/3405/3389
f 3213/3213/3197 3215/3215/3199 2903/2903/2889
f 2926/2926/2912 2933/2933/2919 3409/3409/3393
f 2926/2926/2912 3409/3409/3393 3226/3226/3210
f 3245/3245/3229 3229/3229/3213 3410/3410/3394
f 3197/3197/3181 3384/3384/3368 3395/3395/3379
f 3410/3410/3394 3238/3238/3222 3371/3371/3355
f 3229/3229/3213 3231/3231/3215 3410/3410/3394
f 3358/3358/3342 3400/3400/3384 3375/3375/3359
f 3410/3410/3394 3231/3231/3215 3238/3238/3222
f 3238/3238/3222 3235/3235/3219 3366/3366/3350
f 3404/3404/3388 3316/3316/3300 3197/3197/3181
f 3322/3322/3306 3379/3379/3363 3342/3342/3326
f 3329/3329/3313 3411/3411/3395 3371/3371/3355
f 3411/3411/3395 3329/3329/3313 3343/3343/3327
f 3410/3410/3394 3411/3411/3395 3313/3313/3297
f 3411/3411/3395 3343/3343/3327 3313/3313/3297
f 3410/3410/3394 3371/3371/3355 3411/3411/3395
f 3313/3313/3297 3245/3245/3229 3410/3410/3394
f 3226/3226/3210 3409/3409/3393 3223/3223/3207
f 3412/3412/3396 3120/3120/3106 3105/3105/3091
f 3221/3221/3205 3303/3303/3287 3222/3222/3206
f 3413/3413/3397 3368/3368/3352 3367/3367/3351
f 3379/3379/3363 3321/3321/3305 3348/3348/3332
f 3414/3414/3398 3413/3413/3397 3367/3367/3351
f 3148/3148/3132 3150/3150/3134 3415/3415/3399
f 2933/2933/2919 2934/2934/2920 3409/3409/3393
f 3252/3252/3236 3387/3387/3371 3253/3253/3237
f 3348/3348/3332 3393/3393/3377 3379/3379/3363
f 3391/3391/3375 3416/3416/3400 3244/3244/3228
f 3416/3416/3400 3391/3391/3375 3417/3417/3401
f 3321/3321/3305 3337/3337/3321 3348/3348/3332
f 3385/3385/3369 3394/3394/3378 3418/3418/3402
f 3262/3262/3246 3419/3419/3403 3260/3260/3244
f 3363/3363/3347 3293/3293/3277 3219/3219/3203
f 3375/3375/3359 3379/3379/3363 3393/3393/3377
f 3248/3248/3232 3420/3420/3404 3414/3414/3398
f 3333/3333/3317 3289/3289/3273 3382/3382/3366
f 3333/3333/3317 3111/3111/3097 3289/3289/3273
f 3414/3414/3398 3420/3420/3404 3421/3421/3405
f 3393/3393/3377 3358/3358/3342 3375/3375/3359
f 3389/3389/3373 3350/3350/3334 3349/3349/3333
f 3333/3333/3317 3334/3334/3318 3111/3111/3097
f 3398/3398/3382 3401/3401/3385 3358/3358/3342
f 3353/3353/3337 3352/3352/3336 3399/3399/3383
f 3321/3321/3305 3379/3379/3363 3322/3322/3306
f 3416/3416/3400 3296/3296/3280 3278/3278/3262
f 3339/3339/3323 3326/3326/3310 3401/3401/3385
f 3402/3402/3386 3422/3422/3406 3378/3378/3362
f 3416/3416/3400 3278/3278/3262 3244/3244/3228
f 3334/3334/3318 3105/3105/3091 3111/3111/3097
f 3400/3400/3384 3401/3401/3385 3326/3326/3310
f 3422/3422/3406 3394/3394/3378 3378/3378/3362
f 3401/3401/3385 3398/3398/3382 3339/3339/3323
f 3377/3377/3361 3417/3417/3401 3391/3391/3375
f 3353/3353/3337 3399/3399/3383 3358/3358/3342
f 3415/3415/3399 3150/3150/3134 3262/3262/3246
f 3402/3402/3386 3423/3423/3407 3422/3422/3406
f 3402/3402/3386 3424/3424/3408 3423/3423/3407
f 3425/3425/3409 3262/3262/3246 3150/3150/3134
f 3383/3383/3367 3405/3405/3389 3426/3426/3410
f 3427/3427/3411 3368/3368/3352 3413/3413/3397
f 3395/3395/3379 3428/3428/3412 3197/3197/3181
f 3374/3374/3358 3383/3383/3367 3373/3373/3357
f 3426/3426/3410 3303/3303/3287 3383/3383/3367
f 3383/3383/3367 3374/3374/3358 3405/3405/3389
f 3374/3374/3358 3288/3288/3272 3315/3315/3299
f 3365/3365/3349 3305/3305/3289 3304/3304/3288
f 3414/3414/3398 3421/3421/3405 3413/3413/3397
f 3421/3421/3405 3429/3429/3413 3413/3413/3397
f 3078/3078/3064 3227/3227/3211 3409/3409/3393
f 3430/3430/3414 3428/3428/3412 3380/3380/3364
f 3368/3368/3352 3427/3427/3411 3431/3431/3415
f 3380/3380/3364 3381/3381/3365 3430/3430/3414
f 3395/3395/3379 3380/3380/3364 3428/3428/3412
f 3261/3261/3245 3416/3416/3400 3417/3417/3401
f 3417/3417/3401 3415/3415/3399 3261/3261/3245
f 3368/3368/3352 3431/3431/3415 3359/3359/3343
f 3412/3412/3396 3340/3340/3324 3351/3351/3335
f 3148/3148/3132 3415/3415/3399 3417/3417/3401
f 3351/3351/3335 3280/3280/3264 3412/3412/3396
f 3409/3409/3393 2934/2934/2920 3078/3078/3064
f 3261/3261/3245 3415/3415/3399 3262/3262/3246
f 3406/3406/3390 3390/3390/3374 3363/3363/3347
f 3294/3294/3278 3149/3149/3133 3148/3148/3132
f 3380/3380/3364 2836/2836/2822 3381/3381/3365
f 3328/3328/3312 3330/3330/3314 3418/3418/3402
f 3404/3404/3388 3197/3197/3181 3428/3428/3412
f 3248/3248/3232 3414/3414/3398 3234/3234/3218
f 3235/3235/3219 3234/3234/3218 3414/3414/3398
f 3398/3398/3382 3358/3358/3342 3399/3399/3383
f 3303/3303/3287 3426/3426/3410 3222/3222/3206
f 3404/3404/3388 3428/3428/3412 3430/3430/3414
f 3430/3430/3414 3405/3405/3389 3404/3404/3388
f 3330/3330/3314 3385/3385/3369 3418/3418/3402
f 3405/3405/3389 3430/3430/3414 3426/3426/3410
f 3387/3387/3371 3347/3347/3331 3346/3346/3330
f 3320/3320/3304 3222/3222/3206 3426/3426/3410
f 3417/3417/3401 3377/3377/3361 3148/3148/3132
f 3340/3340/3324 3412/3412/3396 3105/3105/3091
f 3320/3320/3304 3426/3426/3410 3381/3381/3365
f 3235/3235/3219 3414/3414/3398 3367/3367/3351
f 3235/3235/3219 3367/3367/3351 3366/3366/3350
f 3413/3413/3397 3429/3429/3413 3427/3427/3411
f 3416/3416/3400 3261/3261/3245 3296/3296/3280
f 3177/3177/3161 3120/3120/3106 3280/3280/3264
f 3304/3304/3288 3296/3296/3280 3261/3261/3245
f 3223/3223/3207 3409/3409/3393 3227/3227/3211
f 3260/3260/3244 3304/3304/3288 3261/3261/3245
f 3280/3280/3264 3202/3202/3186 3279/3279/3263
f 3120/3120/3106 3412/3412/3396 3280/3280/3264
f 3279/3279/3263 3014/3014/3000 3177/3177/3161
f 3426/3426/3410 3430/3430/3414 3381/3381/3365
f 3400/3400/3384 2902/2902/2888 2901/2901/2887
f 2858/2858/2844 3380/3380/3364 3395/3395/3379
o wing_left
v -0.695582 -0.280133 2.631135
v -0.671515 -0.155155 2.740702
v -0.701976 -0.201710 2.662468
v -0.707365 -0.108939 2.661801
v -0.728775 -0.072730 2.552359
v -0.695491 -0.125718 2.601328
v -0.661645 -0.162543 2.563946
v -0.618207 -0.147194 2.576930
v -0.634511 -0.227454 2.499350
v -0.703232 -0.168813 2.642289
v -0.730453 -0.241854 2.541739
v -0.743233 -0.283688 2.549456
v -0.651196 -0.124359 2.568117
v -0.695079 -0.162013 2.596984
v -0.695079 -0.162013 2.596984
v -0.741101 -0.347166 2.543618
v -0.695582 -0.280133 2.631135
v -0.719185 -0.346575 2.568215
v -0.682762 -0.347501 2.583964
v -0.656229 -0.297997 2.629683
v -0.710049 -0.220205 2.521980
v -0.675607 -0.222934 2.497183
v -0.719185 -0.346575 2.568215
v -0.710049 -0.220205 2.521980
v -0.695491 -0.125718 2.601328
v -0.728775 -0.072730 2.552359
v -0.701239 -0.073895 2.516178
v -0.651001 -0.348443 2.580484
v -0.645244 -0.071189 2.512736
v -0.651196 -0.124359 2.568117
v -0.581272 -0.161165 2.597168
v -0.695079 -0.162013 2.596984
v -0.645244 -0.071189 2.512736
v -0.612291 -0.051775 2.528468
v -0.579199 -0.098591 2.596669
v -0.691228 -0.018885 2.488834
v -0.618567 -0.109657 2.567476
v -0.618567 -0.109657 2.567476
v -0.618207 -0.147194 2.576930
v -0.579199 -0.098591 2.596669
v -0.582079 -0.034310 2.664629
v -0.590731 -0.025488 2.585068
v -0.611322 0.003442 2.613772
v -0.618207 -0.147194 2.576930
v -0.619947 -0.557423 2.483451
v -0.578968 -0.576898 2.575268
v -0.624832 -0.597757 2.547149
v -0.585792 -0.526475 2.509726
v -0.653343 -0.304480 2.441840
v -0.690678 -0.388066 2.412909
v -0.703337 -0.296799 2.444744
v -0.665898 -0.596449 2.550019
v -0.712509 -0.572837 2.535198
v -0.679680 -0.573412 2.482826
v -0.622108 -0.480377 2.446374
v -0.660126 -0.503346 2.429754
v -0.624832 -0.597757 2.547149
v -0.736322 -0.501410 2.463758
v -0.679680 -0.573412 2.482826
v -0.712509 -0.572837 2.535198
v -0.619947 -0.557423 2.483451
v -0.606480 -0.332892 2.502548
v -0.616711 -0.426554 2.454930
v -0.613131 -0.290806 2.483480
v -0.634850 -0.389223 2.432825
v -0.699906 -0.503107 2.431571
v -0.699906 -0.503107 2.431571
v -0.679680 -0.573412 2.482826
v -0.703337 -0.296799 2.444744
v -0.736467 -0.304172 2.468998
v -0.653343 -0.304480 2.441840
v -0.634511 -0.227454 2.499350
v -0.588004 -0.482808 2.540109
v -0.726643 -0.537033 2.565916
v -0.711396 -0.494367 2.587588
v -0.737082 -0.440355 2.537946
v -0.543385 0.425973 2.840701
v -0.526156 0.450013 2.818327
v -0.492735 0.457564 2.944254
v -0.686649 0.280540 2.748296
v -0.695794 0.333534 2.736442
v -0.715353 0.338806 2.704654
v -0.721874 0.336587 2.669044
v -0.714310 0.272657 2.687802
v -0.543385 0.425973 2.840701
v -0.492735 0.457564 2.944254
v -0.526494 0.440117 2.968860
v -0.575330 0.411425 2.853305
v -0.643120 0.334156 2.764403
v -0.695794 0.333534 2.736442
v -0.686649 0.280540 2.748296
v -0.585573 -0.266194 2.579839
v -0.545361 -0.168892 2.701555
v -0.600234 -0.289729 2.600638
v -0.547201 0.445135 3.022231
v -0.581852 0.434620 2.925553
v -0.616142 -0.350217 2.546033
v -0.673232 0.321212 2.607678
v -0.636598 0.324173 2.602647
v -0.649551 0.271046 2.610060
v -0.703297 0.294531 2.629584
v -0.581075 -0.207962 2.710893
v -0.628212 -0.301313 2.618544
v -0.600234 -0.289729 2.600638
v -0.545361 -0.168892 2.701555
v -0.614620 0.454976 2.930675
v -0.616142 -0.350217 2.546033
v -0.681120 0.384987 2.770758
v -0.640306 0.383318 2.613758
v -0.636598 0.324173 2.602647
v -0.673232 0.321212 2.607678
v -0.697062 0.377881 2.631857
v -0.673232 0.321212 2.607678
v -0.703297 0.294531 2.629584
v -0.697062 0.377881 2.631857
v -0.705156 0.403944 2.739794
v -0.706107 0.428514 2.698765
v -0.581272 -0.161165 2.597168
v -0.564706 -0.195209 2.614227
v -0.679129 0.445733 2.667938
v -0.451016 0.460569 3.053324
v -0.485737 0.440682 3.074404
v -0.679129 0.445733 2.667938
v -0.651048 0.445720 2.651303
v -0.611311 -0.203641 2.734129
v -0.749353 -0.488661 2.501098
v -0.610192 -0.422227 2.496012
v -0.632254 -0.403007 2.544693
v -0.612170 -0.452339 2.547791
v -0.711701 -0.022062 2.640075
v -0.722930 0.023735 2.621184
v -0.748737 0.028785 2.583171
v -0.753753 -0.394161 2.460454
v -0.731012 -0.395093 2.425455
v -0.757678 -0.408878 2.499711
v -0.751206 -0.313347 2.498744
v -0.660608 -0.392777 2.415975
v -0.598032 0.272488 2.625506
v -0.649551 0.271046 2.610060
v -0.636598 0.324173 2.602647
v -0.593250 0.345998 2.623815
v -0.592937 0.359836 2.755125
v -0.597031 0.308983 2.748992
v -0.574077 0.337942 2.711045
v -0.565501 0.286583 2.714682
v -0.640306 0.383318 2.613758
v -0.710821 0.072717 2.657698
v -0.690678 -0.388066 2.412909
v -0.703555 0.163757 2.704819
v -0.752142 0.039393 2.534837
v -0.742432 -0.048218 2.581533
v -0.740850 0.099205 2.601601
v -0.738456 0.000624 2.513635
v -0.605634 0.438197 2.652711
v -0.572089 0.419684 2.678770
v -0.565691 0.381494 2.736715
v -0.605634 0.438197 2.652711
v -0.739006 0.109780 2.572733
v -0.710281 0.056444 2.493325
v -0.738456 0.000624 2.513635
v -0.752142 0.039393 2.534837
v -0.690678 -0.388066 2.412909
v -0.660608 -0.392777 2.415975
v -0.696945 0.192003 2.665309
v -0.718256 0.128527 2.545753
v -0.710281 0.056444 2.493325
v -0.752142 0.039393 2.534837
v -0.642736 -0.460669 2.776754
v -0.606541 -0.496817 2.789201
v -0.597663 -0.440905 2.827398
v -0.718256 0.128527 2.545753
v -0.648612 -0.533589 2.710587
v -0.686950 -0.498601 2.657359
v -0.641768 -0.421134 2.778228
v -0.617952 -0.555884 2.702377
v -0.600334 -0.583598 2.644808
v -0.557016 -0.521020 2.751033
v -0.606541 -0.496817 2.789201
v -0.549275 -0.477139 2.807347
v -0.597663 -0.440905 2.827398
v -0.648612 -0.533589 2.710587
v -0.603706 -0.393093 2.809548
v -0.597663 -0.440905 2.827398
v -0.564598 -0.429613 2.829599
v -0.547785 -0.388142 2.811093
v -0.592938 -0.369762 2.785792
v -0.603706 -0.393093 2.809548
v -0.631237 -0.389922 2.757136
v -0.592938 -0.369762 2.785792
v -0.594109 -0.363811 2.734609
v -0.452278 0.545361 2.999730
v -0.513682 0.498091 2.830379
v -0.511216 0.548488 2.880243
v -0.632972 -0.410175 2.682732
v -0.593018 -0.407105 2.664862
v -0.473299 0.500258 2.935745
v -0.428676 0.502276 3.038573
v -0.631237 -0.389922 2.757136
v -0.592938 -0.369762 2.785792
v -0.452278 0.545361 2.999730
v -0.511216 0.548488 2.880243
v -0.507254 0.578195 2.956383
v -0.453263 0.566339 3.037080
v -0.480843 0.585475 3.050501
v -0.451016 0.460569 3.053324
v -0.547323 0.554914 2.842240
v -0.582535 0.565499 2.846377
v -0.644281 0.475300 2.893157
v -0.594926 0.503905 3.027453
v -0.599882 0.537951 3.001609
v -0.613810 0.558829 2.866729
v -0.558232 0.575846 3.043009
v -0.547332 0.584106 2.959751
v -0.520734 0.587521 3.061467
v -0.653770 0.502662 2.874600
v -0.614620 0.454976 2.930675
v -0.626247 0.547773 2.890553
v -0.558232 0.575846 3.043009
v -0.543985 0.485796 2.761934
v -0.565173 0.501766 2.747540
v -0.626247 0.547773 2.890553
v -0.600601 0.503210 2.725360
v -0.565173 0.501766 2.747540
v -0.582143 0.473068 3.023243
v -0.518319 0.562714 3.122463
v -0.560897 0.538104 3.100472
v -0.518319 0.562714 3.122463
v -0.671873 -0.000864 2.649400
v -0.711701 -0.022062 2.640075
v -0.653069 -0.052956 2.723956
v -0.559887 0.477012 3.092343
v -0.647887 0.299010 2.764298
v -0.539731 0.510029 3.125407
v -0.565350 0.140914 2.660248
v -0.544501 0.175303 2.697099
v -0.548784 0.150492 2.742232
v -0.694550 -0.120816 2.710845
v -0.635089 0.364219 2.784870
v -0.592937 0.359836 2.755125
v -0.643120 0.334156 2.764403
v -0.478930 0.573292 3.109246
v -0.505647 0.471711 3.127718
v -0.495182 0.524347 3.144842
v -0.610943 0.400178 2.837000
v -0.542700 -0.098503 2.670796
v -0.610202 -0.036095 2.707209
v -0.608262 -0.078420 2.746360
v -0.558367 -0.080877 2.716635
v -0.582240 -0.145664 2.752850
v -0.632519 -0.108503 2.756983
v -0.677839 -0.089129 2.726860
v -0.597031 0.308983 2.748992
v -0.677839 -0.089129 2.726860
v -0.543605 0.222009 2.720501
v -0.546396 0.214675 2.763609
v -0.632519 -0.108503 2.756983
v -0.635089 0.364219 2.784870
v -0.635089 0.364219 2.784870
v -0.671515 -0.155155 2.740702
v -0.634805 -0.153855 2.755789
v -0.632519 -0.108503 2.756983
v -0.642900 0.414456 2.840132
v -0.582079 -0.034310 2.664629
v -0.578370 0.181267 2.645839
v -0.559468 0.242055 2.677709
v -0.427671 0.530012 3.078500
v -0.453263 0.566339 3.037080
v -0.582240 -0.145664 2.752850
v -0.592937 0.359836 2.755125
v -0.448138 0.556732 3.107461
v -0.576631 0.159089 2.792051
v -0.581972 0.112618 2.746190
v -0.548784 0.150492 2.742232
v -0.642900 0.414456 2.840132
v -0.444282 0.487910 3.122831
v -0.448138 0.556732 3.107461
v -0.685273 0.476202 2.764528
v -0.448138 0.556732 3.107461
v -0.495182 0.524347 3.144842
v -0.444282 0.487910 3.122831
v -0.478930 0.573292 3.109246
v -0.681120 0.384987 2.770758
v -0.427671 0.530012 3.078500
v -0.505647 0.471711 3.127718
v -0.685441 -0.476138 2.633127
v -0.665092 -0.455374 2.618282
v -0.650819 -0.433762 2.567812
v -0.518319 0.562714 3.122463
v -0.645542 -0.207857 2.724103
v -0.689360 -0.454231 2.574528
v -0.565691 0.381494 2.736715
v -0.630644 -0.444332 2.600062
v -0.632254 -0.403007 2.544693
v -0.686431 -0.405902 2.566405
v -0.650819 -0.433762 2.567812
v -0.689360 -0.454231 2.574528
v -0.555656 0.417403 2.723065
v -0.689360 -0.454231 2.574528
v -0.686431 -0.405902 2.566405
v -0.685441 -0.476138 2.633127
v -0.629746 0.507291 2.731636
v -0.655610 0.504300 2.745466
v -0.633669 0.005677 2.639286
v -0.611322 0.003442 2.613772
v -0.550090 -0.144095 2.641825
v -0.633669 0.005677 2.639286
v -0.609209 0.048982 2.619792
v -0.643920 0.041306 2.648086
v -0.582874 0.230529 2.797075
v -0.546396 0.214675 2.763609
v -0.576631 0.159089 2.792051
v -0.699669 0.240780 2.734071
v -0.698187 0.224513 2.673052
v -0.688484 0.208412 2.769048
v -0.658178 0.226428 2.633879
v -0.658178 0.226428 2.633879
v -0.576631 0.159089 2.792051
v -0.614648 0.119735 2.776036
v -0.698187 0.224513 2.673052
v -0.658178 0.226428 2.633879
v -0.660120 0.201487 2.625703
v -0.696945 0.192003 2.665309
v -0.673291 0.134522 2.528667
v -0.614297 0.196870 2.625327
v -0.669578 0.167031 2.785818
v -0.632502 0.115448 2.528574
v -0.597989 0.113137 2.571503
v -0.680912 0.046555 2.653190
v -0.722930 0.023735 2.621184
v -0.710821 0.072717 2.657698
v -0.722930 0.023735 2.621184
v -0.680912 0.046555 2.653190
v -0.650768 0.125439 2.769478
v -0.578370 0.181267 2.645839
v -0.632502 0.115448 2.528574
v -0.558367 -0.080877 2.716635
v -0.650768 0.125439 2.769478
v -0.587626 -0.458574 2.589748
v -0.588004 -0.482808 2.540109
v -0.612170 -0.452339 2.547791
v -0.612170 -0.452339 2.547791
v -0.553102 -0.379971 2.710550
v -0.582240 -0.145664 2.752850
v -0.690386 -0.541507 2.643488
v -0.644766 0.020871 2.486621
v -0.674929 -0.583324 2.622184
v -0.607039 0.228724 2.634090
v -0.636883 0.232596 2.802213
v -0.688484 0.208412 2.769048
v -0.669578 0.167031 2.785818
v -0.607039 0.228724 2.634090
v -0.658178 0.226428 2.633879
v -0.674929 -0.583324 2.622184
v -0.637739 -0.596233 2.615397
v -0.650768 0.125439 2.769478
v -0.621305 0.172499 2.807957
v -0.602374 0.026605 2.562210
v -0.621305 0.172499 2.807957
v -0.655610 0.504300 2.745466
v -0.610522 0.038922 2.526468
v -0.595627 0.073752 2.589652
v -0.611322 0.003442 2.613772
v -0.561823 -0.476658 2.604501
v -0.527497 -0.392793 2.715634
v -0.644766 0.020871 2.486621
v -0.613810 0.558829 2.866729
v -0.609209 0.048982 2.619792
v -0.644766 0.020871 2.486621
v -0.668963 0.068926 2.492631
v -0.578968 -0.576898 2.575268
v -0.555813 -0.544425 2.677747
v -0.546196 -0.512816 2.614673
v -0.533387 -0.514248 2.676215
v -0.507344 -0.422102 2.722260
v -0.533387 -0.514248 2.676215
v -0.561823 -0.476658 2.604501
v -0.529381 0.449880 3.082233
v -0.559887 0.477012 3.092343
v -0.505647 0.471711 3.127718
v -0.582143 0.473068 3.023243
v -0.444282 0.487910 3.122831
v -0.549275 -0.477139 2.807347
v -0.503781 -0.455287 2.747342
v -0.520999 -0.488209 2.758774
v -0.520999 -0.488209 2.758774
v -0.518836 -0.441847 2.804263
v -0.518836 -0.441847 2.804263
v -0.510162 -0.411054 2.784026
v -0.535025 -0.369286 2.769046
v -0.535025 -0.369286 2.769046
v -0.518836 -0.441847 2.804263
v -0.535025 -0.369286 2.769046
v -0.510162 -0.411054 2.784026
v -0.527497 -0.392793 2.715634
v -0.574640 0.346821 2.663025
vn -0.7430 -0.3019 0.5973
vn -0.7699 -0.0583 0.6355
vn -0.9207 -0.1184 0.3720
vn -0.9824 -0.0982 0.1586
vn -0.9108 -0.3993 -0.1049
vn -0.9545 -0.2789 -0.1051
vn -0.2907 0.5740 -0.7655
vn 0.3933 0.3622 -0.8451
vn 0.1385 0.6503 -0.7470
vn -0.9966 0.0794 -0.0226
vn -0.9005 0.4095 -0.1462
vn -0.9749 0.1180 0.1888
vn -0.1093 0.1374 -0.9845
vn -0.5655 0.5847 -0.5817
vn -0.9469 0.2871 -0.1448
vn -0.8451 -0.1096 0.5233
vn -0.3034 -0.6216 0.7222
vn -0.3695 -0.4177 0.8300
vn -0.1317 -0.5164 0.8462
vn -0.0412 -0.6975 0.7154
vn -0.4023 0.6971 -0.5935
vn -0.1407 0.6795 -0.7200
vn -0.6652 -0.2542 0.7021
vn -0.7906 0.5165 -0.3290
vn -0.5716 -0.4040 -0.7142
vn -0.6484 -0.5956 -0.4743
vn -0.3876 -0.5863 -0.7113
vn 0.2982 -0.6010 0.7416
vn 0.0671 -0.5725 -0.8172
vn -0.0900 -0.6217 -0.7780
vn 0.5327 0.2274 -0.8152
vn -0.5993 0.0884 -0.7957
vn 0.5708 -0.3699 -0.7331
vn 0.7300 -0.2340 -0.6422
vn 0.8436 -0.0618 -0.5334
vn -0.1996 -0.2243 -0.9539
vn 0.6188 -0.3615 -0.6974
vn 0.2195 -0.5231 -0.8235
vn 0.0903 -0.2424 -0.9660
vn 0.4738 -0.0227 -0.8804
vn 0.8436 0.5369 -0.0050
vn 0.9543 0.2844 -0.0921
vn 0.9439 0.2931 0.1521
vn 0.6185 -0.1863 -0.7634
vn 0.5730 -0.5030 -0.6471
vn 0.8282 -0.4378 -0.3500
vn 0.5730 -0.7116 -0.4066
vn 0.8877 -0.1492 -0.4355
vn 0.0405 0.4472 -0.8935
vn 0.0976 0.2863 -0.9532
vn -0.0385 0.4886 -0.8716
vn -0.2464 -0.9655 -0.0849
vn -0.4242 -0.9001 -0.0999
vn -0.0497 -0.9210 -0.3863
vn 0.6824 -0.1392 -0.7176
vn 0.2186 -0.3620 -0.9062
vn 0.1260 -0.9808 -0.1489
vn -0.7924 -0.3900 -0.4692
vn -0.6342 -0.6209 -0.4606
vn -0.8385 -0.5432 -0.0432
vn 0.2276 -0.8305 -0.5084
vn 0.9896 -0.0792 -0.1199
vn 0.8980 0.0543 -0.4367
vn 0.8059 0.2007 -0.5569
vn 0.6788 0.0904 -0.7288
vn -0.5797 -0.3897 -0.7156
vn -0.0445 -0.3774 -0.9250
vn 0.1156 -0.6200 -0.7760
vn -0.5595 0.4174 -0.7161
vn -0.7558 0.3868 -0.5283
vn 0.6321 0.2625 -0.7291
vn 0.6586 0.3843 -0.6470
vn 0.9314 0.3102 -0.1905
vn -0.9202 -0.2608 0.2920
vn -0.8361 0.2284 0.4988
vn -0.8002 0.0138 0.5995
vn 0.7830 -0.6189 -0.0621
vn 0.9071 -0.3851 -0.1696
vn 0.8409 -0.4737 -0.2618
vn -0.8343 0.0587 0.5481
vn -0.8131 -0.1171 0.5702
vn -0.9460 -0.0244 0.3232
vn -0.9866 0.0378 -0.1586
vn -0.9820 -0.1888 0.0005
vn 0.4911 -0.8555 0.1640
vn 0.4392 -0.8973 -0.0445
vn 0.2008 -0.9792 0.0289
vn 0.2817 -0.9144 0.2906
vn -0.1734 -0.1812 0.9680
vn -0.4687 -0.0133 0.8833
vn -0.5074 0.2209 0.8329
vn 0.9365 -0.3490 0.0344
vn 0.9846 -0.0880 0.1509
vn 0.8914 -0.4307 0.1409
vn -0.3511 -0.9182 0.1836
vn -0.2674 -0.9079 0.3228
vn 0.9481 -0.2495 0.1970
vn -0.2837 -0.1786 -0.9421
vn -0.1268 -0.1067 -0.9862
vn -0.3780 -0.2727 -0.8847
vn -0.4348 -0.2847 -0.8544
vn 0.5712 -0.6138 0.5449
vn 0.3909 -0.7105 0.5852
vn 0.5941 -0.6602 0.4596
vn 0.6870 -0.5026 0.5247
vn -0.4613 -0.8007 0.3822
vn 0.6292 -0.4386 0.6416
vn -0.7267 -0.3131 0.6115
vn -0.2177 0.3727 -0.9021
vn -0.1477 0.1736 -0.9737
vn -0.2277 0.2137 -0.9500
vn -0.8546 0.2188 -0.4709
vn -0.6263 0.0680 -0.7766
vn -0.8533 -0.1391 -0.5025
vn -0.3352 0.3745 -0.8645
vn -0.9493 0.0102 0.3141
vn -0.9095 0.3882 -0.1490
vn 0.8266 0.1107 -0.5518
vn 0.9444 -0.0478 -0.3252
vn -0.7573 0.5464 -0.3575
vn 0.5113 -0.8588 0.0320
vn 0.2205 -0.9495 0.2232
vn -0.3809 0.6734 -0.6337
vn -0.1521 0.6550 -0.7402
vn 0.1490 -0.5875 0.7954
vn -0.9770 -0.2122 0.0187
vn 0.9899 0.1381 0.0326
vn 0.9082 -0.0167 0.4182
vn 0.8231 0.4767 0.3087
vn -0.8214 0.1011 0.5613
vn -0.8296 -0.0816 0.5524
vn -0.9635 -0.0286 0.2662
vn -0.9335 0.0221 -0.3578
vn -0.6013 0.0369 -0.7981
vn -0.9889 -0.0490 0.1404
vn -0.9642 0.2239 -0.1420
vn 0.3676 -0.0153 -0.9299
vn 0.5625 -0.1674 -0.8096
vn 0.2122 -0.2958 -0.9314
vn 0.3811 -0.0065 -0.9245
vn 0.6618 0.1193 -0.7401
vn 0.8144 -0.2993 0.4971
vn 0.8472 0.1725 0.5025
vn 0.9708 -0.0511 0.2343
vn 0.9370 0.2870 0.1991
vn 0.4054 0.2763 -0.8714
vn -0.8210 -0.2274 0.5237
vn 0.0528 -0.1307 -0.9900
vn -0.9821 0.0505 0.1815
vn -0.9975 0.0024 -0.0704
vn -0.9660 -0.2502 0.0650
vn -0.9686 0.1834 0.1679
vn -0.9495 -0.2256 -0.2179
vn 0.6375 0.3558 -0.6834
vn 0.8273 0.2286 -0.5132
vn 0.9328 -0.3479 0.0939
vn 0.1613 0.6523 -0.7406
vn -0.9084 0.3916 -0.1468
vn -0.4402 0.0277 -0.8975
vn -0.6198 -0.1144 -0.7763
vn -0.7230 0.1172 -0.6809
vn -0.3096 0.0866 -0.9469
vn 0.1392 0.2678 -0.9534
vn -0.9730 0.2308 -0.0028
vn -0.4447 0.6408 -0.6258
vn -0.4037 0.3751 -0.8345
vn -0.7277 0.3490 -0.5905
vn -0.8067 -0.1988 0.5565
vn -0.6443 -0.4265 0.6348
vn -0.7029 -0.0608 0.7087
vn -0.8168 0.5063 -0.2764
vn -0.7325 -0.4337 0.5247
vn -0.9457 0.1179 0.3028
vn -0.8597 0.2514 0.4446
vn -0.1380 -0.8428 0.5202
vn 0.3041 -0.9153 0.2640
vn 0.3815 -0.8198 0.4271
vn -0.0293 -0.7441 0.6674
vn 0.3284 -0.6780 0.6576
vn -0.0720 -0.5548 0.8289
vn -0.3924 -0.7405 0.5457
vn -0.1002 0.5501 0.8290
vn -0.0727 0.0184 0.9972
vn 0.1647 0.0347 0.9857
vn 0.3299 0.5875 0.7389
vn -0.0028 0.8066 0.5910
vn -0.7132 0.4378 0.5474
vn -0.6161 0.7841 -0.0746
vn -0.2257 0.9671 0.1176
vn -0.2253 0.9548 -0.1938
vn 0.9145 0.2322 -0.3313
vn 0.8994 0.1534 -0.4093
vn 0.8290 0.3723 -0.4173
vn -0.5226 0.7966 -0.3038
vn -0.0674 0.8559 -0.5127
vn 0.9245 -0.1690 -0.3418
vn 0.9699 -0.1597 -0.1836
vn -0.8134 0.5074 0.2845
vn -0.6357 0.6749 0.3747
vn 0.6650 0.6652 -0.3395
vn 0.5450 0.7587 -0.3567
vn 0.3993 0.8846 -0.2409
vn 0.5816 0.8011 -0.1416
vn 0.3282 0.9446 0.0110
vn 0.8617 -0.4973 -0.1011
vn 0.4087 0.8105 -0.4196
vn -0.0591 0.9517 -0.3012
vn -0.8798 -0.2172 0.4228
vn -0.9212 -0.1200 0.3701
vn -0.8814 0.3622 0.3032
vn -0.3765 0.9202 -0.1071
vn -0.3728 0.9195 0.1249
vn -0.1287 0.9894 -0.0666
vn -0.1714 0.9663 0.1920
vn -0.9316 0.2289 0.2823
vn -0.8092 -0.4306 0.3996
vn -0.8280 0.5436 0.1376
vn -0.7510 0.5763 0.3223
vn 0.8211 0.3374 -0.4604
vn 0.7170 0.4560 -0.5271
vn -0.5538 0.8272 0.0948
vn 0.1999 0.7909 -0.5783
vn 0.3899 0.7482 -0.5368
vn -0.8517 -0.3994 0.3393
vn -0.2096 0.9028 0.3755
vn -0.7782 0.3067 0.5480
vn -0.5589 0.4073 0.7223
vn -0.2273 0.4305 0.8735
vn -0.4552 0.4588 0.7631
vn -0.3139 0.6058 0.7311
vn -0.8024 -0.2180 0.5556
vn -0.1661 0.2514 0.9535
vn -0.5802 -0.0808 0.8105
vn 0.9451 -0.1010 -0.3109
vn 0.9634 -0.1095 -0.2446
vn 0.9654 -0.2179 0.1434
vn -0.8876 0.0071 0.4605
vn 0.0203 -0.7925 0.6095
vn 0.4781 -0.7882 0.3875
vn 0.4266 -0.5841 0.6906
vn 0.2049 0.9445 0.2567
vn -0.4247 -0.3268 0.8443
vn -0.4055 0.0212 0.9139
vn -0.1322 -0.8380 0.5294
vn 0.9746 0.2169 -0.0562
vn 0.2549 0.7831 0.5672
vn 0.2004 0.4648 0.8624
vn 0.5078 0.5327 0.6771
vn 0.3821 0.2342 0.8939
vn -0.0486 0.3104 0.9494
vn -0.7430 0.1509 0.6520
vn 0.3011 0.2346 0.9243
vn -0.5164 0.4138 0.7497
vn 0.9847 0.1647 -0.0561
vn 0.9679 0.0781 0.2388
vn -0.5099 0.1295 0.8504
vn -0.4189 -0.4319 0.7987
vn -0.4319 -0.4120 0.8024
vn -0.4129 -0.3318 0.8482
vn -0.1578 -0.2211 0.9624
vn -0.1225 -0.0199 0.9923
vn -0.3496 -0.7713 0.5319
vn 0.4999 0.7866 0.3623
vn 0.8177 0.1351 -0.5595
vn 0.8948 0.1035 -0.4342
vn 0.9764 0.2160 -0.0045
vn 0.8787 0.4552 -0.1437
vn 0.3095 -0.3288 0.8923
vn 0.2468 -0.1356 0.9595
vn 0.8052 0.5926 0.0223
vn 0.3992 -0.5798 0.7103
vn 0.5435 -0.7343 0.4068
vn 0.7217 -0.5955 0.3530
vn -0.6742 -0.4939 0.5491
vn 0.9320 -0.3442 0.1139
vn 0.5157 0.8467 0.1312
vn -0.8837 0.4674 0.0237
vn 0.5917 0.3086 0.7447
vn 0.3147 0.1739 0.9331
vn 0.5304 0.0113 0.8477
vn 0.2404 0.5174 0.8213
vn -0.4776 -0.6827 0.5531
vn 0.8683 0.1540 0.4716
vn 0.1622 -0.3343 0.9284
vn -0.6637 0.7472 0.0351
vn -0.6013 0.7989 -0.0111
vn 0.0240 0.9765 0.2141
vn 0.1265 0.5556 0.8218
vn -0.3203 -0.5732 0.7542
vn -0.3927 0.8525 0.3450
vn 0.6785 -0.7167 0.1610
vn 0.0170 0.9892 -0.1455
vn 0.4765 0.0167 0.8790
vn 0.1864 -0.0246 0.9822
vn 0.3285 0.3101 0.8921
vn 0.0863 0.1600 0.9833
vn 0.9614 -0.1153 -0.2497
vn -0.6115 0.4132 0.6748
vn -0.4509 -0.0719 0.8897
vn -0.9076 0.3399 0.2465
vn -0.1681 0.8613 -0.4795
vn -0.3136 0.8610 -0.4003
vn 0.2920 0.7489 0.5949
vn 0.4673 0.8170 0.3378
vn 0.9404 -0.0365 -0.3382
vn 0.5844 -0.1019 0.8050
vn 0.6640 -0.4905 0.5644
vn 0.3039 -0.5670 0.7656
vn 0.4420 0.2918 0.8482
vn 0.7097 0.2207 0.6690
vn 0.8404 -0.1992 0.5041
vn -0.9599 -0.0110 0.2802
vn -0.9494 -0.2402 -0.2022
vn -0.9309 -0.0768 0.3571
vn -0.6144 -0.4480 -0.6494
vn -0.4513 -0.3508 -0.8205
vn 0.4714 -0.0208 0.8817
vn 0.0668 -0.7071 0.7040
vn -0.7253 0.1719 -0.6667
vn -0.3613 0.3065 -0.8806
vn -0.3240 0.6288 -0.7069
vn -0.7111 0.4263 -0.5591
vn -0.0422 0.6760 -0.7357
vn 0.3469 0.4718 -0.8106
vn -0.8050 -0.3236 0.4973
vn 0.7412 0.2706 -0.6144
vn 0.8685 0.1801 -0.4619
vn -0.2833 -0.1299 0.9502
vn -0.4625 0.0551 0.8849
vn -0.4272 -0.6043 0.6726
vn -0.3275 -0.5113 0.7945
vn -0.2495 -0.6571 0.7113
vn -0.2566 -0.6894 0.6775
vn 0.5796 0.4048 -0.7072
vn 0.3266 0.5615 -0.7603
vn 0.9179 0.2627 0.2975
vn -0.6310 -0.5137 0.5813
vn 0.5107 0.7684 -0.3856
vn 0.6893 0.6489 -0.3221
vn 0.5365 0.8300 -0.1526
vn 0.5422 0.2707 0.7955
vn 0.2963 0.8344 -0.4648
vn 0.8164 0.0218 0.5771
vn -0.8394 -0.3188 0.4402
vn 0.0321 -0.0929 -0.9952
vn -0.7735 -0.5052 0.3827
vn 0.2185 0.2122 -0.9525
vn -0.2306 0.2674 0.9356
vn -0.5843 0.1539 0.7968
vn -0.4383 -0.1864 0.8793
vn 0.4884 -0.1902 -0.8517
vn 0.0249 -0.4745 -0.8799
vn -0.3191 -0.9011 0.2936
vn -0.0384 -0.9749 0.2195
vn -0.3237 -0.4692 0.8216
vn -0.0890 -0.0879 0.9921
vn 0.9964 0.0491 -0.0696
vn 0.0186 -0.5158 0.8565
vn -0.7238 0.6741 -0.1475
vn 0.8558 0.0931 -0.5089
vn 0.9779 -0.1783 -0.1092
vn 0.7414 -0.1217 0.6600
vn 0.6555 0.5865 -0.4757
vn 0.4679 0.7477 -0.4711
vn 0.7117 0.0175 -0.7022
vn -0.7188 0.6929 -0.0576
vn 0.9407 -0.2766 0.1965
vn 0.2051 0.2225 -0.9531
vn 0.1085 0.3314 -0.9372
vn 0.4979 -0.8658 0.0502
vn 0.6895 -0.7067 0.1586
vn 0.9421 -0.0708 -0.3279
vn 0.9542 -0.2310 -0.1901
vn 0.9322 0.2510 -0.2606
vn 0.7716 -0.6243 0.1218
vn 0.8580 0.2618 -0.4419
vn -0.3498 -0.8678 0.3529
vn -0.5443 -0.7507 0.3744
vn -0.0158 -0.8285 0.5598
vn -0.5907 -0.7497 0.2984
vn 0.3954 -0.8035 0.4451
vn 0.2983 -0.3242 0.8977
vn 0.9816 -0.1879 0.0327
vn 0.6169 -0.6902 0.3783
vn 0.8965 -0.4202 0.1402
vn 0.9392 -0.1817 0.2913
vn 0.6717 -0.5345 0.5129
vn 0.6828 0.3955 0.6143
vn 0.4299 0.7679 0.4748
vn 0.2135 0.9696 -0.1198
vn 0.5448 0.0341 0.8379
vn 0.8549 0.5134 -0.0738
vn 0.9734 0.2097 0.0923
vn 0.8154 0.4915 -0.3059
vn 0.9603 0.0371 -0.2765
vt 0.164044 0.140206
vt 0.245234 0.171065
vt 0.207405 0.137371
vt 0.254767 0.119350
vt 0.255936 0.054246
vt 0.233318 0.091706
vt 0.148965 0.191978
vt 0.133346 0.212889
vt 0.193379 0.220979
vt 0.219768 0.121004
vt 0.164207 0.086423
vt 0.145425 0.097342
vt 0.127495 0.193618
vt 0.144592 0.166941
vt 0.215208 0.096899
vt 0.115868 0.105755
vt 0.259559 0.929103
vt 0.311796 0.934460
vt 0.304622 0.912880
vt 0.263004 0.905376
vt 0.194333 0.177441
vt 0.198593 0.199556
vt 0.120264 0.120935
vt 0.173297 0.071267
vt 0.989517 0.082055
vt 0.991272 0.127078
vt 0.967093 0.130668
vt 0.302514 0.893740
vt 0.937928 0.122729
vt 0.958113 0.084529
vt 0.125134 0.235367
vt 0.986776 0.061418
vt 0.514457 0.281657
vt 0.498269 0.297251
vt 0.516097 0.342342
vt 0.953446 0.159038
vt 0.529796 0.318263
vt 0.937905 0.082445
vt 0.948622 0.063545
vt 0.097672 0.215107
vt 0.472118 0.372016
vt 0.477237 0.328094
vt 0.454520 0.339385
vt 0.549096 0.327540
vt 0.775175 0.307428
vt 0.788292 0.358073
vt 0.804239 0.333135
vt 0.758720 0.328639
vt 0.246831 0.225460
vt 0.299668 0.218694
vt 0.249870 0.197941
vt 0.679878 0.914925
vt 0.699255 0.937537
vt 0.719451 0.909471
vt 0.734435 0.293414
vt 0.747662 0.274589
vt 0.672454 0.893714
vt 0.040925 0.083980
vt 0.000416 0.091205
vt 0.010143 0.117513
vt 0.711101 0.875932
vt 0.653613 0.316056
vt 0.707075 0.297724
vt 0.633241 0.301163
vt 0.689451 0.280413
vt 0.031896 0.064758
vt 0.753251 0.255726
vt 0.792073 0.280818
vt 0.126056 0.045386
vt 0.124488 0.064679
vt 0.644002 0.271316
vt 0.596555 0.294720
vt 0.736527 0.343927
vt 0.028930 0.129709
vt 0.048483 0.141834
vt 0.072796 0.114638
vt 0.168545 0.364542
vt 0.159021 0.345375
vt 0.112831 0.405068
vt 0.497677 0.102027
vt 0.526670 0.082491
vt 0.520694 0.060072
vt 0.510959 0.040957
vt 0.479615 0.064909
vt 0.934185 0.629734
vt 0.942795 0.694316
vt 0.918410 0.699515
vt 0.913201 0.627751
vt 0.634041 0.473098
vt 0.664895 0.486810
vt 0.670354 0.456625
vt 0.609083 0.351554
vt 0.542166 0.408604
vt 0.622136 0.365176
vt 0.898380 0.723444
vt 0.895927 0.667090
vt 0.660025 0.341021
vt 0.613759 0.614566
vt 0.619701 0.633553
vt 0.589582 0.633553
vt 0.593259 0.599753
vt 0.191292 0.879796
vt 0.265165 0.888587
vt 0.263683 0.869178
vt 0.174548 0.856966
vt 0.874169 0.666960
vt 0.309438 0.866558
vt 0.567311 0.088907
vt 0.646607 0.863393
vt 0.678834 0.874279
vt 0.685370 0.854593
vt 0.524747 0.007465
vt 0.484948 0.000412
vt 0.477614 0.027228
vt 0.656391 0.831465
vt 0.566486 0.061925
vt 0.568253 0.033372
vt 0.550016 0.347612
vt 0.566068 0.363768
vt 0.573500 0.007226
vt 0.943890 0.756164
vt 0.920784 0.757666
vt 0.612028 0.825381
vt 0.611330 0.843207
vt 0.185334 0.897714
vt 0.049610 0.099223
vt 0.702762 0.319599
vt 0.688782 0.346768
vt 0.716695 0.348420
vt 0.298854 0.096242
vt 0.321568 0.078405
vt 0.316855 0.052408
vt 0.085558 0.075062
vt 0.080836 0.058301
vt 0.083340 0.092928
vt 0.124314 0.080047
vt 0.692822 0.264545
vt 0.308267 0.290668
vt 0.321684 0.264455
vt 0.291767 0.256908
vt 0.270653 0.276777
vt 0.227841 0.345275
vt 0.254357 0.356288
vt 0.251556 0.325762
vt 0.279481 0.340210
vt 0.260245 0.245260
vt 0.357359 0.090417
vt 0.693390 0.248712
vt 0.419060 0.097540
vt 0.314121 0.024004
vt 0.275667 0.064522
vt 0.359725 0.050341
vt 0.288082 0.019667
vt 0.220526 0.258754
vt 0.219629 0.284528
vt 0.221477 0.324632
vt 0.604091 0.867342
vt 0.360642 0.032867
vt 0.956423 0.200742
vt 0.980992 0.172715
vt 0.991272 0.196724
vt 0.079664 0.039609
vt 0.297192 0.235367
vt 0.428217 0.069374
vt 0.938688 0.936802
vt 0.957550 0.982722
vt 0.923658 0.987852
vt 0.053201 0.232319
vt 0.033480 0.244132
vt 0.058120 0.262572
vt 0.370217 0.012381
vt 0.021843 0.202762
vt 0.042426 0.175562
vt 0.069697 0.234978
vt 0.590914 0.925978
vt 0.618923 0.904960
vt 0.549327 0.906201
vt 0.534771 0.939706
vt 0.510682 0.914186
vt 0.497247 0.946826
vt 0.588134 0.946826
vt 0.873723 0.295478
vt 0.891989 0.319456
vt 0.903544 0.304481
vt 0.899472 0.280536
vt 0.870740 0.275197
vt 0.080806 0.256868
vt 0.376131 0.993164
vt 0.351124 0.979033
vt 0.374979 0.967541
vt 0.046930 0.403736
vt 0.130769 0.336555
vt 0.089986 0.340302
vt 0.414972 0.977281
vt 0.415145 0.953277
vt 0.091102 0.388250
vt 0.052792 0.437988
vt 0.086075 0.230373
vt 0.096060 0.251843
vt 0.381299 0.874279
vt 0.453549 0.862900
vt 0.412383 0.846275
vt 0.361451 0.861283
vt 0.360545 0.841927
vt 0.071998 0.457687
vt 0.478413 0.848590
vt 0.481829 0.829220
vt 0.659433 0.124180
vt 0.727131 0.185057
vt 0.734559 0.159633
vt 0.479364 0.808939
vt 0.377965 0.803007
vt 0.417826 0.825456
vt 0.362245 0.820331
vt 0.666198 0.103943
vt 0.664362 0.156288
vt 0.700018 0.097935
vt 0.776554 0.169110
vt 0.161017 0.305241
vt 0.159048 0.288307
vt 0.470329 0.795960
vt 0.553564 0.848386
vt 0.536567 0.863842
vt 0.711162 0.198402
vt 0.328263 0.809219
vt 0.772863 0.209201
vt 0.803408 0.217051
vt 0.338249 0.129379
vt 0.364505 0.128178
vt 0.343296 0.180555
vt 0.743157 0.230170
vt 0.643722 0.455032
vt 0.773546 0.232817
vt 0.368676 0.341099
vt 0.342324 0.355328
vt 0.347159 0.382921
vt 0.256811 0.147157
vt 0.893886 0.573550
vt 0.921907 0.565361
vt 0.892198 0.552762
vt 0.329288 0.832942
vt 0.767686 0.262572
vt 0.799639 0.247855
vt 0.896752 0.611331
vt 0.509643 0.385036
vt 0.318422 0.176102
vt 0.327216 0.204311
vt 0.295761 0.205472
vt 0.318857 0.242786
vt 0.344621 0.217218
vt 0.276686 0.153851
vt 0.613245 0.451375
vt 0.364505 0.190810
vt 0.314320 0.357974
vt 0.309611 0.381599
vt 0.275861 0.184210
vt 0.617155 0.486810
vt 0.562893 0.122286
vt 0.168439 0.934460
vt 0.160479 0.914209
vt 0.135910 0.918191
vt 0.876975 0.611007
vt 0.293849 0.164501
vt 0.351383 0.323116
vt 0.312034 0.330258
vt 0.027868 0.448346
vt 0.023909 0.413489
vt 0.151961 0.886686
vt 0.602789 0.477493
vt 0.002078 0.448421
vt 0.284884 0.404476
vt 0.250706 0.414971
vt 0.270592 0.433787
vt 0.608540 0.122601
vt 0.037567 0.483512
vt 0.322943 0.851446
vt 0.614183 0.053685
vt 0.739772 0.753163
vt 0.752883 0.716671
vt 0.779302 0.743770
vt 0.726101 0.739143
vt 0.865752 0.566223
vt 0.755809 0.767931
vt 0.779302 0.710223
vt 0.462608 0.999588
vt 0.462327 0.982276
vt 0.484273 0.963058
vt 0.726827 0.715002
vt 0.193292 0.913423
vt 0.490025 0.984254
vt 0.943890 0.566990
vt 0.462999 0.958870
vt 0.338036 0.877191
vt 0.339954 0.909919
vt 0.357556 0.891227
vt 0.367830 0.914146
vt 0.206477 0.307689
vt 0.070681 0.143276
vt 0.093418 0.138933
vt 0.054387 0.166635
vt 0.556020 0.832181
vt 0.556527 0.816014
vt 0.315428 0.132471
vt 0.297646 0.126291
vt 0.535695 0.374569
vt 0.156030 0.423949
vt 0.177467 0.441467
vt 0.175637 0.416209
vt 0.626714 0.404734
vt 0.602244 0.393263
vt 0.333415 0.411692
vt 0.470248 0.098835
vt 0.447980 0.067376
vt 0.458525 0.126348
vt 0.429373 0.039107
vt 0.561513 0.631962
vt 0.631224 0.367820
vt 0.256330 0.392194
vt 0.923809 0.847073
vt 0.950799 0.856112
vt 0.951343 0.869799
vt 0.921446 0.864097
vt 0.964526 0.932920
vt 0.977019 0.864132
vt 0.438628 0.147873
vt 0.409650 0.268616
vt 0.402526 0.297959
vt 0.330571 0.102834
vt 0.361369 0.101814
vt 0.172065 0.373866
vt 0.140898 0.388116
vt 0.171623 0.395802
vt 0.247717 0.374183
vt 0.999584 0.856254
vt 0.988793 0.933672
vt 0.493077 0.406225
vt 0.409985 0.154637
vt 0.461994 0.931900
vt 0.490025 0.919165
vt 0.487679 0.939765
vt 0.365951 0.866037
vt 0.380329 0.943192
vt 0.520788 0.438214
vt 0.023647 0.167656
vt 0.923940 0.174132
vt 0.002636 0.160116
vt 0.973442 0.847116
vt 0.651816 0.414215
vt 0.686795 0.418491
vt 0.684638 0.390932
vt 0.331703 0.298903
vt 0.348038 0.275596
vt 0.645841 0.937026
vt 0.642174 0.915902
vt 0.690357 0.363149
vt 0.655281 0.381396
vt 0.450788 0.307961
vt 0.286367 0.376594
vt 0.630655 0.031556
vt 0.449655 0.286490
vt 0.420009 0.314955
vt 0.153380 0.441467
vt 0.453281 0.914674
vt 0.374882 0.928637
vt 0.466020 0.260641
vt 0.702719 0.080032
vt 0.429812 0.335815
vt 0.999584 0.991344
vt 0.977934 0.970255
vt 0.645584 0.876355
vt 0.586786 0.888661
vt 0.756844 0.385048
vt 0.761483 0.415801
vt 0.719235 0.444724
vt 0.575173 0.871805
vt 0.737269 0.379293
vt 0.898672 0.755971
vt 0.876916 0.759799
vt 0.902307 0.784646
vt 0.874073 0.720642
vt 0.934719 0.795136
vt 0.930085 0.319456
vt 0.735787 0.454764
vt 0.529242 0.888170
vt 0.754076 0.458523
vt 0.733233 0.483512
vt 0.493350 0.894692
vt 0.925069 0.269894
vt 0.899134 0.255153
vt 0.347049 0.946382
vt 0.930590 0.292029
vt 0.691814 0.468497
vt 0.716369 0.474611
vt 0.702312 0.440789
vt 0.259782 0.298193
s 1
usemtl Material.019
f 3432/3432/3416 3433/3433/3417 3434/3434/3418
f 3435/3435/3419 3436/3436/3420 3437/3437/3421
f 3438/3438/3422 3439/3439/3423 3440/3440/3424
f 3441/3441/3425 3442/3442/3426 3443/3443/3427
f 3444/3444/3428 3438/3438/3422 3445/3445/3429
f 3441/3441/3425 3446/3446/3430 3442/3442/3426
f 3434/3434/3418 3443/3443/3427 3447/3447/3431
f 3447/3447/3431 3432/3432/3416 3434/3434/3418
f 3448/3448/3432 3449/3449/3433 3450/3450/3434
f 3441/3441/3425 3437/3437/3421 3446/3446/3430
f 3443/3443/3427 3434/3434/3418 3441/3441/3425
f 3448/3448/3432 3450/3450/3434 3451/3451/3435
f 3452/3452/3436 3445/3445/3429 3438/3438/3422
f 3452/3452/3436 3438/3438/3422 3453/3453/3437
f 3447/3447/3431 3454/3454/3438 3432/3432/3416
f 3455/3455/3439 3442/3442/3426 3446/3446/3430
f 3456/3456/3440 3457/3457/3441 3458/3458/3442
f 3450/3450/3434 3459/3459/3443 3451/3451/3435
f 3458/3458/3442 3460/3460/3444 3461/3461/3445
f 3458/3458/3442 3461/3461/3445 3456/3456/3440
f 3441/3441/3425 3435/3435/3419 3437/3437/3421
f 3439/3439/3423 3462/3462/3446 3440/3440/3424
f 3438/3438/3422 3440/3440/3424 3453/3453/3437
f 3461/3461/3445 3463/3463/3447 3456/3456/3440
f 3464/3464/3448 3465/3465/3449 3466/3466/3450
f 3467/3467/3451 3460/3460/3444 3458/3458/3442
f 3466/3466/3450 3468/3468/3452 3464/3464/3448
f 3469/3469/3453 3470/3470/3454 3461/3461/3445
f 3471/3471/3455 3462/3462/3446 3439/3439/3423
f 3460/3460/3444 3469/3469/3453 3461/3461/3445
f 3472/3472/3456 3473/3473/3457 3474/3474/3458
f 3438/3438/3422 3444/3444/3428 3439/3439/3423
f 3475/3475/3459 3468/3468/3452 3466/3466/3450
f 3476/3476/3460 3477/3477/3461 3478/3478/3462
f 3476/3476/3460 3479/3479/3463 3477/3477/3461
f 3480/3480/3464 3481/3481/3465 3482/3482/3466
f 3483/3483/3467 3484/3484/3468 3485/3485/3469
f 3486/3486/3470 3476/3476/3460 3487/3487/3471
f 3483/3483/3467 3485/3485/3469 3488/3488/3472
f 3489/3489/3473 3490/3490/3474 3491/3491/3475
f 3488/3488/3472 3485/3485/3469 3492/3492/3476
f 3493/3493/3477 3494/3494/3478 3495/3495/3479
f 3496/3496/3480 3495/3495/3479 3494/3494/3478
f 3479/3479/3463 3476/3476/3460 3486/3486/3470
f 3489/3489/3473 3497/3497/3481 3490/3490/3474
f 3486/3486/3470 3494/3494/3478 3479/3479/3463
f 3498/3498/3482 3487/3487/3471 3499/3499/3483
f 3452/3452/3436 3453/3453/3437 3482/3482/3466
f 3500/3500/3484 3501/3501/3485 3455/3455/3439
f 3487/3487/3471 3476/3476/3460 3499/3499/3483
f 3495/3495/3479 3502/3502/3486 3503/3503/3487
f 3494/3494/3478 3504/3504/3488 3479/3479/3463
f 3496/3496/3480 3502/3502/3486 3495/3495/3479
f 3453/3453/3437 3480/3480/3464 3482/3482/3466
f 3480/3480/3464 3453/3453/3437 3440/3440/3424
f 3505/3505/3489 3506/3506/3490 3507/3507/3491
f 3454/3454/3438 3447/3447/3431 3507/3507/3491
f 3508/3508/3492 3509/3509/3493 3510/3510/3494
f 3511/3511/3495 3512/3512/3496 3513/3513/3497
f 3513/3513/3497 3514/3514/3498 3515/3515/3499
f 3516/3516/3500 3517/3517/3501 3518/3518/3502
f 3516/3516/3500 3518/3518/3502 3519/3519/3503
f 3520/3520/3504 3521/3521/3505 3522/3522/3506
f 3523/3523/3507 3524/3524/3508 3525/3525/3509
f 3518/3518/3502 3526/3526/3510 3527/3527/3511
f 3523/3523/3507 3525/3525/3509 3528/3528/3512
f 3527/3527/3511 3519/3519/3503 3518/3518/3502
f 3529/3529/3513 3530/3530/3514 3531/3531/3515
f 3529/3529/3513 3531/3531/3515 3532/3532/3516
f 3533/3533/3517 3534/3534/3518 3535/3535/3519
f 3533/3533/3517 3535/3535/3519 3536/3536/3520
f 3526/3526/3510 3537/3537/3521 3527/3527/3511
f 3534/3534/3518 3538/3538/3522 3535/3535/3519
f 3538/3538/3522 3534/3534/3518 3459/3459/3443
f 3512/3512/3496 3539/3539/3523 3513/3513/3497
f 3540/3540/3524 3541/3541/3525 3542/3542/3526
f 3543/3543/3527 3544/3544/3528 3545/3545/3529
f 3515/3515/3499 3514/3514/3498 3545/3545/3529
f 3540/3540/3524 3542/3542/3526 3546/3546/3530
f 3547/3547/3531 3548/3548/3532 3514/3514/3498
f 3549/3549/3533 3550/3550/3534 3495/3495/3479
f 3459/3459/3443 3534/3534/3518 3451/3451/3435
f 3543/3543/3527 3514/3514/3498 3548/3548/3532
f 3548/3548/3532 3551/3551/3535 3543/3543/3527
f 3517/3517/3501 3552/3552/3536 3553/3553/3537
f 3518/3518/3502 3517/3517/3501 3553/3553/3537
f 3514/3514/3498 3513/3513/3497 3547/3547/3531
f 3546/3546/3530 3554/3554/3538 3555/3555/3539
f 3540/3540/3524 3546/3546/3530 3555/3555/3539
f 3523/3523/3507 3550/3550/3534 3524/3524/3508
f 3543/3543/3527 3545/3545/3529 3514/3514/3498
f 3550/3550/3534 3523/3523/3507 3493/3493/3477
f 3495/3495/3479 3550/3550/3534 3493/3493/3477
f 3503/3503/3487 3549/3549/3533 3495/3495/3479
f 3534/3534/3518 3556/3556/3540 3451/3451/3435
f 3556/3556/3540 3534/3534/3518 3533/3533/3517
f 3557/3557/3541 3505/3505/3489 3507/3507/3491
f 3558/3558/3542 3559/3559/3543 3560/3560/3544
f 3560/3560/3544 3504/3504/3488 3558/3558/3542
f 3561/3561/3545 3562/3562/3546 3563/3563/3547
f 3489/3489/3473 3564/3564/3548 3565/3565/3549
f 3493/3493/3477 3528/3528/3512 3558/3558/3542
f 3507/3507/3491 3566/3566/3550 3557/3557/3541
f 3564/3564/3548 3489/3489/3473 3557/3557/3541
f 3566/3566/3550 3447/3447/3431 3443/3443/3427
f 3447/3447/3431 3566/3566/3550 3507/3507/3491
f 3504/3504/3488 3494/3494/3478 3558/3558/3542
f 3489/3489/3473 3565/3565/3549 3497/3497/3481
f 3557/3557/3541 3566/3566/3550 3564/3564/3548
f 3528/3528/3512 3559/3559/3543 3558/3558/3542
f 3486/3486/3470 3496/3496/3480 3494/3494/3478
f 3501/3501/3485 3564/3564/3548 3567/3567/3551
f 3564/3564/3548 3566/3566/3550 3567/3567/3551
f 3568/3568/3552 3496/3496/3480 3486/3486/3470
f 3569/3569/3553 3570/3570/3554 3571/3571/3555
f 3567/3567/3551 3566/3566/3550 3443/3443/3427
f 3569/3569/3553 3571/3571/3555 3572/3572/3556
f 3568/3568/3552 3486/3486/3470 3487/3487/3471
f 3558/3558/3542 3494/3494/3478 3493/3493/3477
f 3564/3564/3548 3501/3501/3485 3565/3565/3549
f 3573/3573/3557 3574/3574/3558 3575/3575/3559
f 3576/3576/3560 3575/3575/3559 3574/3574/3558
f 3572/3572/3556 3571/3571/3555 3577/3577/3561
f 3563/3563/3547 3562/3562/3546 3578/3578/3562
f 3579/3579/3563 3487/3487/3471 3498/3498/3482
f 3578/3578/3562 3580/3580/3564 3563/3563/3547
f 3563/3563/3547 3581/3581/3565 3582/3582/3566
f 3579/3579/3563 3568/3568/3552 3487/3487/3471
f 3580/3580/3564 3583/3583/3567 3563/3563/3547
f 3582/3582/3566 3581/3581/3565 3584/3584/3568
f 3585/3585/3569 3586/3586/3570 3572/3572/3556
f 3572/3572/3556 3577/3577/3561 3585/3585/3569
f 3575/3575/3559 3587/3587/3571 3573/3573/3557
f 3555/3555/3539 3588/3588/3572 3540/3540/3524
f 3583/3583/3567 3589/3589/3573 3581/3581/3565
f 3590/3590/3574 3591/3591/3575 3592/3592/3576
f 3500/3500/3484 3593/3593/3577 3565/3565/3549
f 3497/3497/3481 3565/3565/3549 3593/3593/3577
f 3480/3480/3464 3594/3594/3578 3481/3481/3465
f 3496/3496/3480 3568/3568/3552 3502/3502/3486
f 3589/3589/3573 3583/3583/3567 3595/3595/3579
f 3583/3583/3567 3580/3580/3564 3595/3595/3579
f 3581/3581/3565 3563/3563/3547 3583/3583/3567
f 3596/3596/3580 3597/3597/3581 3598/3598/3582
f 3599/3599/3583 3600/3600/3584 3601/3601/3585
f 3581/3581/3565 3589/3589/3573 3602/3602/3586
f 3599/3599/3583 3603/3603/3587 3600/3600/3584
f 3604/3604/3588 3599/3599/3583 3605/3605/3589
f 3606/3606/3590 3607/3607/3591 3608/3608/3592
f 3606/3606/3590 3608/3608/3592 3609/3609/3593
f 3610/3610/3594 3611/3611/3595 3609/3609/3593
f 3610/3610/3594 3609/3609/3593 3608/3608/3592
f 3523/3523/3507 3528/3528/3512 3493/3493/3477
f 3606/3606/3590 3609/3609/3593 3612/3612/3596
f 3613/3613/3597 3614/3614/3598 3615/3615/3599
f 3616/3616/3600 3617/3617/3601 3613/3613/3597
f 3618/3618/3602 3605/3605/3589 3601/3601/3585
f 3613/3613/3597 3615/3615/3599 3616/3616/3600
f 3491/3491/3475 3505/3505/3489 3557/3557/3541
f 3619/3619/3603 3620/3620/3604 3621/3621/3605
f 3599/3599/3583 3601/3601/3585 3605/3605/3589
f 3491/3491/3475 3557/3557/3541 3489/3489/3473
f 3622/3622/3606 3623/3623/3607 3624/3624/3608
f 3621/3621/3605 3625/3625/3609 3619/3619/3603
f 3626/3626/3610 3625/3625/3609 3621/3621/3605
f 3509/3509/3493 3627/3627/3611 3510/3510/3494
f 3628/3628/3612 3627/3627/3611 3622/3622/3606
f 3622/3622/3606 3627/3627/3611 3623/3623/3607
f 3629/3629/3613 3618/3618/3602 3630/3630/3614
f 3618/3618/3602 3629/3629/3613 3605/3605/3589
f 3631/3631/3615 3632/3632/3616 3633/3633/3617
f 3634/3634/3618 3633/3633/3617 3635/3635/3619
f 3510/3510/3494 3627/3627/3611 3628/3628/3612
f 3628/3628/3612 3636/3636/3620 3510/3510/3494
f 3632/3632/3616 3637/3637/3621 3633/3633/3617
f 3633/3633/3617 3637/3637/3621 3638/3638/3622
f 3639/3639/3623 3640/3640/3624 3641/3641/3625
f 3633/3633/3617 3634/3634/3618 3631/3631/3615
f 3642/3642/3626 3643/3643/3627 3644/3644/3628
f 3644/3644/3628 3635/3635/3619 3633/3633/3617
f 3644/3644/3628 3633/3633/3617 3638/3638/3622
f 3644/3644/3628 3645/3645/3629 3635/3635/3619
f 3644/3644/3628 3643/3643/3627 3645/3645/3629
f 3641/3641/3625 3646/3646/3630 3639/3639/3623
f 3644/3644/3628 3638/3638/3622 3642/3642/3626
f 3640/3640/3624 3639/3639/3623 3647/3647/3631
f 3641/3641/3625 3648/3648/3632 3646/3646/3630
f 3648/3648/3632 3641/3641/3625 3649/3649/3633
f 3623/3623/3607 3650/3650/3634 3651/3651/3635
f 3642/3642/3626 3652/3652/3636 3643/3643/3627
f 3653/3653/3637 3637/3637/3621 3654/3654/3638
f 3647/3647/3631 3655/3655/3639 3640/3640/3624
f 3654/3654/3638 3637/3637/3621 3632/3632/3616
f 3627/3627/3611 3509/3509/3493 3623/3623/3607
f 3651/3651/3635 3624/3624/3608 3623/3623/3607
f 3656/3656/3640 3645/3645/3629 3643/3643/3627
f 3649/3649/3633 3657/3657/3641 3658/3658/3642
f 3659/3659/3643 3660/3660/3644 3661/3661/3645
f 3657/3657/3641 3640/3640/3624 3662/3662/3646
f 3522/3522/3506 3663/3663/3647 3520/3520/3504
f 3662/3662/3646 3664/3664/3648 3657/3657/3641
f 3665/3665/3649 3666/3666/3650 3667/3667/3651
f 3561/3561/3545 3435/3435/3419 3668/3668/3652
f 3519/3519/3503 3669/3669/3653 3670/3670/3654
f 3670/3670/3654 3669/3669/3653 3671/3671/3655
f 3656/3656/3640 3672/3672/3656 3645/3645/3629
f 3670/3670/3654 3516/3516/3500 3519/3519/3503
f 3673/3673/3657 3664/3664/3648 3662/3662/3646
f 3664/3664/3648 3674/3674/3658 3658/3658/3642
f 3664/3664/3648 3658/3658/3642 3657/3657/3641
f 3519/3519/3503 3675/3675/3659 3669/3669/3653
f 3472/3472/3456 3676/3676/3660 3473/3473/3457
f 3677/3677/3661 3678/3678/3662 3679/3679/3663
f 3678/3678/3662 3680/3680/3664 3679/3679/3663
f 3664/3664/3648 3673/3673/3657 3674/3674/3658
f 3678/3678/3662 3681/3681/3665 3680/3680/3664
f 3668/3668/3652 3682/3682/3666 3561/3561/3545
f 3520/3520/3504 3663/3663/3647 3683/3683/3667
f 3661/3661/3645 3660/3660/3644 3684/3684/3668
f 3666/3666/3650 3685/3685/3669 3686/3686/3670
f 3666/3666/3650 3686/3686/3670 3667/3667/3651
f 3687/3687/3671 3682/3682/3666 3433/3433/3417
f 3547/3547/3531 3513/3513/3497 3539/3539/3523
f 3661/3661/3645 3681/3681/3665 3678/3678/3662
f 3681/3681/3665 3661/3661/3645 3684/3684/3668
f 3521/3521/3505 3520/3520/3504 3688/3688/3672
f 3512/3512/3496 3689/3689/3673 3539/3539/3523
f 3690/3690/3674 3691/3691/3675 3692/3692/3676
f 3675/3675/3659 3693/3693/3677 3669/3669/3653
f 3679/3679/3663 3694/3694/3678 3677/3677/3661
f 3639/3639/3623 3646/3646/3630 3547/3547/3531
f 3527/3527/3511 3675/3675/3659 3519/3519/3503
f 3666/3666/3650 3665/3665/3649 3695/3695/3679
f 3695/3695/3679 3696/3696/3680 3666/3666/3650
f 3635/3635/3619 3645/3645/3629 3672/3672/3656
f 3697/3697/3681 3622/3622/3606 3698/3698/3682
f 3661/3661/3645 3678/3678/3662 3677/3677/3661
f 3574/3574/3558 3686/3686/3670 3576/3576/3560
f 3692/3692/3676 3691/3691/3675 3699/3699/3683
f 3700/3700/3684 3520/3520/3504 3683/3683/3667
f 3701/3701/3685 3697/3697/3681 3698/3698/3682
f 3622/3622/3606 3697/3697/3681 3628/3628/3612
f 3702/3702/3686 3703/3703/3687 3704/3704/3688
f 3705/3705/3689 3647/3647/3631 3639/3639/3623
f 3706/3706/3690 3636/3636/3620 3628/3628/3612
f 3707/3707/3691 3634/3634/3618 3635/3635/3619
f 3693/3693/3677 3675/3675/3659 3527/3527/3511
f 3708/3708/3692 3548/3548/3532 3547/3547/3531
f 3685/3685/3669 3696/3696/3680 3576/3576/3560
f 3639/3639/3623 3539/3539/3523 3705/3705/3689
f 3685/3685/3669 3666/3666/3650 3696/3696/3680
f 3693/3693/3677 3527/3527/3511 3537/3537/3521
f 3628/3628/3612 3697/3697/3681 3706/3706/3690
f 3682/3682/3666 3668/3668/3652 3433/3433/3417
f 3639/3639/3623 3547/3547/3531 3539/3539/3523
f 3709/3709/3693 3710/3710/3694 3711/3711/3695
f 3710/3710/3694 3709/3709/3693 3712/3712/3696
f 3576/3576/3560 3686/3686/3670 3685/3685/3669
f 3693/3693/3677 3713/3713/3697 3669/3669/3653
f 3635/3635/3619 3672/3672/3656 3707/3707/3691
f 3711/3711/3695 3714/3714/3698 3709/3709/3693
f 3710/3710/3694 3715/3715/3699 3711/3711/3695
f 3716/3716/3700 3717/3717/3701 3718/3718/3702
f 3710/3710/3694 3712/3712/3696 3719/3719/3703
f 3448/3448/3432 3720/3720/3704 3690/3690/3674
f 3720/3720/3704 3448/3448/3432 3451/3451/3435
f 3716/3716/3700 3718/3718/3702 3721/3721/3705
f 3670/3670/3654 3722/3722/3706 3516/3516/3500
f 3717/3717/3701 3723/3723/3707 3718/3718/3702
f 3724/3724/3708 3450/3450/3434 3725/3725/3709
f 3726/3726/3710 3725/3725/3709 3727/3727/3711
f 3720/3720/3704 3451/3451/3435 3556/3556/3540
f 3728/3728/3712 3623/3623/3607 3509/3509/3493
f 3507/3507/3491 3729/3729/3713 3730/3730/3714
f 3728/3728/3712 3509/3509/3493 3587/3587/3571
f 3724/3724/3708 3459/3459/3443 3450/3450/3434
f 3587/3587/3571 3509/3509/3493 3508/3508/3492
f 3726/3726/3710 3724/3724/3708 3725/3725/3709
f 3434/3434/3418 3668/3668/3652 3435/3435/3419
f 3668/3668/3652 3434/3434/3418 3433/3433/3417
f 3435/3435/3419 3441/3441/3425 3434/3434/3418
f 3731/3731/3715 3605/3605/3589 3629/3629/3613
f 3725/3725/3709 3450/3450/3434 3449/3449/3433
f 3554/3554/3538 3732/3732/3716 3555/3555/3539
f 3730/3730/3714 3454/3454/3438 3507/3507/3491
f 3625/3625/3609 3716/3716/3700 3619/3619/3603
f 3625/3625/3609 3717/3717/3701 3716/3716/3700
f 3507/3507/3491 3506/3506/3490 3729/3729/3713
f 3653/3653/3637 3588/3588/3572 3555/3555/3539
f 3732/3732/3716 3554/3554/3538 3733/3733/3717
f 3555/3555/3539 3732/3732/3716 3653/3653/3637
f 3691/3691/3675 3556/3556/3540 3699/3699/3683
f 3691/3691/3675 3720/3720/3704 3556/3556/3540
f 3734/3734/3718 3694/3694/3678 3735/3735/3719
f 3694/3694/3678 3734/3734/3718 3677/3677/3661
f 3653/3653/3637 3654/3654/3638 3588/3588/3572
f 3550/3550/3534 3736/3736/3720 3524/3524/3508
f 3699/3699/3683 3556/3556/3540 3533/3533/3517
f 3720/3720/3704 3691/3691/3675 3690/3690/3674
f 3659/3659/3643 3661/3661/3645 3677/3677/3661
f 3586/3586/3570 3585/3585/3569 3651/3651/3635
f 3677/3677/3661 3734/3734/3718 3659/3659/3643
f 3737/3737/3721 3738/3738/3722 3739/3739/3723
f 3683/3683/3667 3740/3740/3724 3741/3741/3725
f 3739/3739/3723 3738/3738/3722 3703/3703/3687
f 3742/3742/3726 3667/3667/3651 3686/3686/3670
f 3743/3743/3727 3595/3595/3579 3580/3580/3564
f 3744/3744/3728 3743/3743/3727 3515/3515/3499
f 3738/3738/3722 3704/3704/3688 3703/3703/3687
f 3745/3745/3729 3580/3580/3564 3578/3578/3562
f 3746/3746/3730 3744/3744/3728 3545/3545/3529
f 3532/3532/3516 3531/3531/3515 3747/3747/3731
f 3748/3748/3732 3741/3741/3725 3740/3740/3724
f 3513/3513/3497 3515/3515/3499 3743/3743/3727
f 3739/3739/3723 3703/3703/3687 3749/3749/3733
f 3750/3750/3734 3751/3751/3735 3752/3752/3736
f 3752/3752/3736 3753/3753/3737 3750/3750/3734
f 3511/3511/3495 3743/3743/3727 3745/3745/3729
f 3754/3754/3738 3752/3752/3736 3755/3755/3739
f 3596/3596/3580 3753/3753/3737 3752/3752/3736
f 3578/3578/3562 3756/3756/3740 3745/3745/3729
f 3580/3580/3564 3745/3745/3729 3743/3743/3727
f 3511/3511/3495 3513/3513/3497 3743/3743/3727
f 3596/3596/3580 3752/3752/3736 3754/3754/3738
f 3515/3515/3499 3545/3545/3529 3744/3744/3728
f 3757/3757/3741 3695/3695/3679 3758/3758/3742
f 3659/3659/3643 3759/3759/3743 3760/3760/3744
f 3761/3761/3745 3762/3762/3746 3763/3763/3747
f 3763/3763/3747 3764/3764/3748 3761/3761/3745
f 3763/3763/3747 3749/3749/3733 3764/3764/3748
f 3743/3743/3727 3744/3744/3728 3595/3595/3579
f 3765/3765/3749 3766/3766/3750 3755/3755/3739
f 3501/3501/3485 3500/3500/3484 3565/3565/3549
f 3755/3755/3739 3766/3766/3750 3754/3754/3738
f 3749/3749/3733 3763/3763/3747 3739/3739/3723
f 3737/3737/3721 3739/3739/3723 3763/3763/3747
f 3759/3759/3743 3659/3659/3643 3734/3734/3718
f 3443/3443/3427 3442/3442/3426 3567/3567/3551
f 3472/3472/3456 3767/3767/3751 3676/3676/3660
f 3455/3455/3439 3501/3501/3485 3442/3442/3426
f 3578/3578/3562 3768/3768/3752 3756/3756/3740
f 3769/3769/3753 3770/3770/3754 3771/3771/3755
f 3772/3772/3756 3724/3724/3708 3726/3726/3710
f 3442/3442/3426 3501/3501/3485 3567/3567/3551
f 3524/3524/3508 3676/3676/3660 3767/3767/3751
f 3769/3769/3753 3771/3771/3755 3723/3723/3707
f 3650/3650/3634 3586/3586/3570 3651/3651/3635
f 3728/3728/3712 3650/3650/3634 3623/3623/3607
f 3723/3723/3707 3717/3717/3701 3625/3625/3609
f 3724/3724/3708 3538/3538/3522 3459/3459/3443
f 3769/3769/3753 3626/3626/3610 3773/3773/3757
f 3625/3625/3609 3626/3626/3610 3723/3723/3707
f 3718/3718/3702 3723/3723/3707 3771/3771/3755
f 3769/3769/3753 3723/3723/3707 3626/3626/3610
f 3524/3524/3508 3736/3736/3720 3676/3676/3660
f 3524/3524/3508 3767/3767/3751 3774/3774/3758
f 3605/3605/3589 3731/3731/3715 3604/3604/3588
f 3775/3775/3759 3604/3604/3588 3505/3505/3489
f 3590/3590/3574 3776/3776/3760 3467/3467/3451
f 3775/3775/3759 3777/3777/3761 3603/3603/3587
f 3599/3599/3583 3604/3604/3588 3775/3775/3759
f 3751/3751/3735 3778/3778/3762 3755/3755/3739
f 3779/3779/3763 3663/3663/3647 3522/3522/3506
f 3731/3731/3715 3506/3506/3490 3505/3505/3489
f 3505/3505/3489 3604/3604/3588 3731/3731/3715
f 3522/3522/3506 3780/3780/3764 3779/3779/3763
f 3755/3755/3739 3752/3752/3736 3751/3751/3735
f 3729/3729/3713 3506/3506/3490 3731/3731/3715
f 3779/3779/3763 3780/3780/3764 3781/3781/3765
f 3602/3602/3586 3589/3589/3573 3595/3595/3579
f 3777/3777/3761 3505/3505/3489 3491/3491/3475
f 3777/3777/3761 3775/3775/3759 3505/3505/3489
f 3570/3570/3554 3782/3782/3766 3783/3783/3767
f 3696/3696/3680 3695/3695/3679 3782/3782/3766
f 3483/3483/3467 3784/3784/3768 3484/3484/3468
f 3483/3483/3467 3785/3785/3769 3784/3784/3768
f 3778/3778/3762 3765/3765/3749 3755/3755/3739
f 3696/3696/3680 3569/3569/3553 3572/3572/3556
f 3696/3696/3680 3782/3782/3766 3569/3569/3553
f 3665/3665/3649 3758/3758/3742 3695/3695/3679
f 3570/3570/3554 3569/3569/3553 3782/3782/3766
f 3786/3786/3770 3787/3787/3771 3781/3781/3765
f 3473/3473/3457 3788/3788/3772 3474/3474/3458
f 3599/3599/3583 3775/3775/3759 3603/3603/3587
f 3748/3748/3732 3740/3740/3724 3787/3787/3771
f 3740/3740/3724 3779/3779/3763 3787/3787/3771
f 3663/3663/3647 3740/3740/3724 3683/3683/3667
f 3779/3779/3763 3781/3781/3765 3787/3787/3771
f 3749/3749/3733 3702/3702/3686 3789/3789/3773
f 3790/3790/3774 3551/3551/3535 3548/3548/3532
f 3663/3663/3647 3779/3779/3763 3740/3740/3724
f 3791/3791/3775 3473/3473/3457 3466/3466/3450
f 3791/3791/3775 3758/3758/3742 3792/3792/3776
f 3738/3738/3722 3737/3737/3721 3793/3793/3777
f 3791/3791/3775 3466/3466/3450 3465/3465/3449
f 3790/3790/3774 3548/3548/3532 3708/3708/3692
f 3466/3466/3450 3473/3473/3457 3676/3676/3660
f 3791/3791/3775 3788/3788/3772 3473/3473/3457
f 3788/3788/3772 3792/3792/3776 3474/3474/3458
f 3794/3794/3778 3773/3773/3757 3795/3795/3779
f 3465/3465/3449 3796/3796/3780 3791/3791/3775
f 3757/3757/3741 3758/3758/3742 3791/3791/3775
f 3708/3708/3692 3797/3797/3781 3790/3790/3774
f 3708/3708/3692 3648/3648/3632 3797/3797/3781
f 3646/3646/3630 3648/3648/3632 3708/3708/3692
f 3794/3794/3778 3769/3769/3753 3773/3773/3757
f 3626/3626/3610 3621/3621/3605 3773/3773/3757
f 3788/3788/3772 3791/3791/3775 3792/3792/3776
f 3792/3792/3776 3798/3798/3782 3474/3474/3458
f 3646/3646/3630 3708/3708/3692 3547/3547/3531
f 3792/3792/3776 3665/3665/3649 3667/3667/3651
f 3465/3465/3449 3464/3464/3448 3796/3796/3780
f 3792/3792/3776 3667/3667/3651 3798/3798/3782
f 3799/3799/3783 3800/3800/3784 3766/3766/3750
f 3606/3606/3590 3612/3612/3596 3784/3784/3768
f 3606/3606/3590 3785/3785/3769 3607/3607/3591
f 3606/3606/3590 3784/3784/3768 3785/3785/3769
f 3466/3466/3450 3736/3736/3720 3549/3549/3533
f 3607/3607/3591 3785/3785/3769 3488/3488/3472
f 3792/3792/3776 3758/3758/3742 3665/3665/3649
f 3801/3801/3785 3802/3802/3786 3607/3607/3591
f 3549/3549/3533 3736/3736/3720 3550/3550/3534
f 3479/3479/3463 3803/3803/3787 3477/3477/3461
f 3607/3607/3591 3488/3488/3472 3801/3801/3785
f 3676/3676/3660 3736/3736/3720 3466/3466/3450
f 3757/3757/3741 3791/3791/3775 3796/3796/3780
f 3733/3733/3717 3642/3642/3626 3732/3732/3716
f 3653/3653/3637 3732/3732/3716 3638/3638/3622
f 3653/3653/3637 3638/3638/3622 3637/3637/3621
f 3770/3770/3754 3769/3769/3753 3794/3794/3778
f 3732/3732/3716 3642/3642/3626 3638/3638/3622
f 3504/3504/3488 3803/3803/3787 3479/3479/3463
f 3760/3760/3744 3660/3660/3644 3659/3659/3643
f 3460/3460/3444 3467/3467/3451 3776/3776/3760
f 3804/3804/3788 3803/3803/3787 3805/3805/3789
f 3608/3608/3592 3802/3802/3786 3806/3806/3790
f 3802/3802/3786 3608/3608/3592 3607/3607/3591
f 3504/3504/3488 3807/3807/3791 3803/3803/3787
f 3806/3806/3790 3802/3802/3786 3801/3801/3785
f 3488/3488/3472 3785/3785/3769 3483/3483/3467
f 3803/3803/3787 3807/3807/3791 3805/3805/3789
f 3803/3803/3787 3804/3804/3788 3477/3477/3461
f 3597/3597/3581 3800/3800/3784 3799/3799/3783
f 3526/3526/3510 3808/3808/3792 3809/3809/3793
f 3467/3467/3451 3591/3591/3575 3590/3590/3574
f 3809/3809/3793 3808/3808/3792 3810/3810/3794
f 3597/3597/3581 3596/3596/3580 3754/3754/3738
f 3800/3800/3784 3754/3754/3738 3766/3766/3750
f 3553/3553/3537 3808/3808/3792 3526/3526/3510
f 3811/3811/3795 3526/3526/3510 3809/3809/3793
f 3582/3582/3566 3584/3584/3568 3436/3436/3420
f 3553/3553/3537 3526/3526/3510 3518/3518/3502
f 3458/3458/3442 3457/3457/3441 3591/3591/3575
f 3436/3436/3420 3435/3435/3419 3582/3582/3566
f 3754/3754/3738 3800/3800/3784 3597/3597/3581
f 3810/3810/3794 3808/3808/3792 3553/3553/3537
f 3810/3810/3794 3553/3553/3537 3812/3812/3796
f 3591/3591/3575 3467/3467/3451 3458/3458/3442
f 3553/3553/3537 3552/3552/3536 3812/3812/3796
f 3563/3563/3547 3435/3435/3419 3561/3561/3545
f 3563/3563/3547 3582/3582/3566 3435/3435/3419
f 3699/3699/3683 3533/3533/3517 3536/3536/3520
f 3813/3813/3797 3615/3615/3599 3614/3614/3598
f 3814/3814/3798 3804/3804/3788 3805/3805/3789
f 3806/3806/3790 3815/3815/3799 3608/3608/3592
f 3815/3815/3799 3610/3610/3594 3608/3608/3592
f 3814/3814/3798 3816/3816/3800 3804/3804/3788
f 3817/3817/3801 3816/3816/3800 3814/3814/3798
f 3526/3526/3510 3811/3811/3795 3537/3537/3521
f 3815/3815/3799 3818/3818/3802 3610/3610/3594
f 3819/3819/3803 3820/3820/3804 3616/3616/3600
f 3617/3617/3601 3616/3616/3600 3820/3820/3804
f 3821/3821/3805 3621/3621/3605 3620/3620/3604
f 3821/3821/3805 3773/3773/3757 3621/3621/3605
f 3821/3821/3805 3795/3795/3779 3773/3773/3757
f 3822/3822/3806 3616/3616/3600 3615/3615/3599
f 3813/3813/3797 3822/3822/3806 3615/3615/3599
f 3616/3616/3600 3822/3822/3806 3819/3819/3803
f 3805/3805/3789 3823/3823/3807 3824/3824/3808
f 3805/3805/3789 3825/3825/3809 3823/3823/3807
f 3789/3789/3773 3764/3764/3748 3749/3749/3733
f 3807/3807/3791 3825/3825/3809 3805/3805/3789
f 3814/3814/3798 3824/3824/3808 3817/3817/3801
f 3572/3572/3556 3826/3826/3810 3696/3696/3680
f 3702/3702/3686 3749/3749/3733 3703/3703/3687
f 3824/3824/3808 3814/3814/3798 3805/3805/3789
f 3576/3576/3560 3696/3696/3680 3826/3826/3810
f 3576/3576/3560 3826/3826/3810 3575/3575/3559
f 3826/3826/3810 3587/3587/3571 3575/3575/3559
f 3826/3826/3810 3572/3572/3556 3586/3586/3570
f 3586/3586/3570 3728/3728/3712 3826/3826/3810
f 3728/3728/3712 3586/3586/3570 3650/3650/3634
f 3728/3728/3712 3587/3587/3571 3826/3826/3810
f 3657/3657/3641 3641/3641/3625 3640/3640/3624
f 3640/3640/3624 3655/3655/3639 3662/3662/3646
f 3657/3657/3641 3649/3649/3633 3641/3641/3625
o tale_line
v 0.066646 -1.261632 2.829937
v 0.085291 -1.281179 2.854315
v 0.105418 -1.236022 2.842183
v 0.297166 -1.290201 2.761023
v 0.278898 -1.325744 2.766137
v 0.305609 -1.316934 2.740789
v 0.120016 -1.267296 2.855383
v 0.291176 -1.254389 2.761807
v 0.253831 -1.303409 2.784445
v 0.097992 -1.218970 2.819600
v 0.077796 -1.229469 2.794872
v 0.066646 -1.261632 2.829937
v 0.270503 -1.226723 2.759670
v 0.241291 -1.268071 2.781889
v 0.063100 -1.265852 2.782268
v 0.059712 -1.263250 2.801978
v 0.228839 -1.238506 2.766394
v 0.211481 -1.224661 2.747197
v 0.195670 -1.229274 2.763092
v 0.210640 -1.252328 2.783792
v 0.208974 -1.280717 2.798456
v 0.249527 -1.214058 2.754961
v 0.317949 -1.280180 2.710531
v 0.319495 -1.237168 2.715028
v 0.312310 -1.257687 2.743455
v 0.284660 -1.145774 2.733777
v 0.297166 -1.290201 2.761023
v 0.305609 -1.316934 2.740789
v 0.314031 -1.209960 2.675740
v 0.292421 -1.343726 2.720449
v 0.304384 -1.319293 2.701352
v 0.312310 -1.257687 2.743455
v 0.304347 -1.289652 2.684176
v 0.197168 -1.318651 2.793443
v 0.234180 -1.338059 2.778797
v 0.249527 -1.214058 2.754961
v 0.227119 -1.199826 2.734624
v 0.211481 -1.224661 2.747197
v 0.238108 -1.114099 2.719925
v 0.097992 -1.218970 2.819600
v 0.267233 -1.103401 2.725377
v 0.223876 -1.144345 2.716989
v 0.238108 -1.114099 2.719925
v 0.215299 -1.201556 2.715440
v -0.151172 -1.289318 2.689190
v -0.188860 -1.230242 2.690710
v -0.148461 -1.253789 2.709462
v -0.185646 -1.230756 2.757690
v -0.205687 -1.247268 2.772249
v -0.171111 -1.234274 2.773914
v 0.212697 -1.123661 2.684220
v -0.148461 -1.253789 2.709462
v -0.174036 -1.225174 2.733168
v -0.154160 -1.227239 2.738863
v -0.111690 -1.282706 2.717077
v -0.171883 -1.317059 2.672241
v -0.186613 -1.214893 2.708614
v -0.148461 -1.253789 2.709462
v -0.188860 -1.230242 2.690710
v -0.114560 -1.205916 2.786487
v -0.154160 -1.227239 2.738863
v 0.228646 -1.094018 2.696318
v 0.264339 -1.063313 2.693908
v 0.235468 -1.073889 2.664175
v 0.264339 -1.063313 2.693908
v -0.174036 -1.225174 2.733168
v -0.200915 -1.239571 2.673884
v -0.265237 -1.108186 2.593328
v -0.305369 -1.127779 2.589572
v -0.322515 -1.106227 2.591395
v -0.174036 -1.225174 2.733168
v 0.277045 -1.045959 2.648745
v -0.288527 -1.059255 2.612071
v -0.282033 -1.077426 2.599365
v -0.219721 -1.097524 2.615685
v -0.217964 -1.064875 2.647354
v -0.192363 -1.097164 2.662196
v 0.296328 -1.081682 2.712677
v 0.226569 -1.096451 2.643608
v 0.326911 -1.093482 2.704937
v 0.038128 -1.337691 2.795332
v 0.036933 -1.334746 2.822567
v -0.192363 -1.097164 2.662196
v -0.186288 -1.142482 2.662288
v -0.200062 -1.131688 2.634833
v -0.313117 -1.054982 2.645202
v -0.354724 -1.088367 2.632176
v -0.349165 -1.088928 2.657890
v -0.338058 -1.148973 2.577083
v -0.363134 -1.096501 2.601666
v -0.336928 -1.087282 2.611029
v -0.347325 -1.122550 2.578408
v -0.219721 -1.097524 2.615685
v 0.327576 -1.068716 2.690114
v 0.312032 -1.047614 2.665118
v 0.291169 -1.055375 2.687354
v -0.244003 -1.076952 2.607811
v -0.247640 -1.055921 2.626533
v -0.346021 -1.102582 2.678031
v -0.390878 -1.113429 2.653007
v 0.516533 -1.120430 2.541047
v 0.518767 -1.089811 2.566109
v 0.507853 -1.141353 2.590032
v -0.270337 -1.041214 2.647648
v 0.505086 -1.085179 2.588712
v -0.313117 -1.054982 2.645202
v -0.354724 -1.088367 2.632176
v -0.265237 -1.108186 2.593328
v -0.258059 -1.142075 2.605504
v -0.294140 -1.150552 2.598965
v -0.305369 -1.127779 2.589572
v 0.481275 -1.139676 2.629435
v 0.467429 -1.105612 2.621279
v 0.307659 -1.177398 2.725258
v 0.307659 -1.177398 2.725258
v 0.319123 -1.204431 2.698099
v 0.476128 -1.040889 2.585531
v 0.291169 -1.055375 2.687354
v 0.312032 -1.047614 2.665118
v 0.277045 -1.045959 2.648745
v -0.224480 -1.130432 2.615546
v 0.482952 -1.013194 2.572628
v 0.264339 -1.063313 2.693908
v -0.383574 -1.097958 2.630478
v -0.403699 -1.049044 2.579407
v -0.396590 -1.081247 2.592950
v -0.381481 -1.092616 2.574016
v 0.329035 -1.158245 2.705784
v -0.383574 -1.097958 2.630478
v -0.376987 -1.118671 2.553549
v -0.381481 -1.092616 2.574016
v -0.363134 -1.096501 2.601666
v -0.410715 -1.090536 2.610265
v 0.486652 -0.974324 2.551683
v -0.347325 -1.122550 2.578408
v -0.338058 -1.148973 2.577083
v -0.386278 -1.147503 2.542415
v -0.396590 -1.081247 2.592950
v 0.206763 -1.221537 2.713003
v 0.184538 -1.234048 2.731868
v 0.211481 -1.224661 2.747197
v 0.114115 -1.206662 2.790696
v 0.135282 -1.216233 2.824014
v 0.211778 -1.147367 2.668510
v 0.215644 -1.217816 2.686462
v 0.204951 -1.247907 2.690543
v 0.206763 -1.221537 2.713003
v 0.181908 -1.335043 2.688143
v 0.134327 -1.293120 2.722364
v 0.154765 -1.275991 2.706796
v 0.188456 -1.299155 2.679665
v 0.143221 -1.209806 2.771536
v 0.195670 -1.229274 2.763092
v -0.103594 -1.384985 2.830385
v -0.119198 -1.339929 2.810859
v -0.112902 -1.351026 2.786389
v -0.097130 -1.405875 2.795738
v 0.498494 -0.991543 2.539638
v 0.156886 -1.212903 2.796648
v 0.082972 -1.276397 2.751516
v 0.085679 -1.317089 2.754691
v 0.411867 -1.103117 2.642749
v 0.441678 -1.086535 2.607206
v -0.098192 -1.324676 2.852072
v -0.165600 -1.307372 2.798755
v -0.113348 -1.333544 2.834113
v -0.113348 -1.333544 2.834113
v 0.121829 -1.326185 2.747628
v -0.119198 -1.339929 2.810859
v -0.113348 -1.333544 2.834113
v -0.165600 -1.307372 2.798755
v -0.385486 -0.821505 2.492294
v -0.433017 -0.922303 2.488856
v -0.441724 -0.912069 2.515048
v 0.149091 -1.325460 2.726575
v -0.073996 -1.404878 2.859647
v -0.397913 -0.935621 2.471340
v -0.414328 -0.928595 2.475353
v -0.376588 -0.851231 2.476759
v -0.360844 -0.909210 2.572429
v -0.402110 -0.969858 2.577094
v -0.378602 -0.980946 2.567471
v -0.381851 -0.890228 2.577426
v -0.086468 -1.425048 2.833131
v -0.363843 -0.992413 2.542952
v -0.344285 -0.917344 2.560897
v -0.378602 -0.980946 2.567471
v -0.332320 -0.918047 2.540040
v 0.421089 -1.131274 2.665235
v -0.385486 -0.821505 2.492294
v -0.433017 -0.922303 2.488856
v -0.360844 -0.909210 2.572429
v -0.073724 -1.448303 2.805347
v -0.102371 -1.254019 2.725766
v -0.067376 -1.233935 2.757765
v -0.062083 -1.272385 2.747714
v 0.128704 -1.248560 2.727094
v 0.177112 -1.249890 2.713514
v 0.177112 -1.249890 2.713514
v 0.128704 -1.248560 2.727094
v 0.129833 -1.220972 2.749868
v 0.447873 -1.036661 2.586141
v -0.157717 -1.359062 2.714788
v -0.156651 -1.340506 2.690293
v -0.116913 -1.316070 2.723789
v 0.095047 -1.232362 2.759955
v 0.063100 -1.265852 2.782268
v 0.095047 -1.232362 2.759955
v -0.103594 -1.384985 2.830385
v 0.418221 -1.081097 2.586139
v 0.447873 -1.036661 2.586141
v 0.422957 -1.046560 2.572778
v -0.320679 -0.834085 2.574339
v -0.350882 -0.840544 2.581755
v -0.402543 -0.827390 2.533896
v -0.405235 -0.836271 2.510473
v -0.441724 -0.912069 2.515048
v -0.375812 -0.821797 2.570984
v -0.405235 -0.836271 2.510473
v -0.046856 -1.234909 2.800690
v -0.040220 -1.262957 2.774368
v 0.215644 -1.217816 2.686462
v 0.227510 -1.128866 2.633487
v 0.233437 -1.216445 2.661693
v -0.045821 -1.308106 2.761188
v 0.375623 -1.104158 2.677288
v 0.380943 -1.092330 2.658702
v 0.340801 -1.061305 2.667586
v 0.441678 -1.086535 2.607206
v 0.227510 -1.128866 2.633487
v 0.255901 -1.253346 2.659613
v 0.254379 -1.182443 2.639856
v 0.281284 -1.194007 2.642716
v -0.176325 -1.371324 2.734109
v -0.133818 -1.339769 2.764405
v -0.152501 -1.334234 2.783614
v -0.187875 -1.358131 2.763575
v -0.071550 -1.213443 2.791922
v 0.231429 -1.250057 2.668302
v 0.355089 -1.116727 2.694171
v -0.434814 -0.942493 2.563265
v 0.444106 -0.966466 2.577476
v -0.320679 -0.834085 2.574339
v -0.213787 -1.375734 2.733829
v -0.157717 -1.359062 2.714788
v 0.413518 -0.976893 2.572347
v -0.223036 -1.335455 2.777976
v -0.045821 -1.308106 2.761188
v -0.079729 -1.320855 2.747901
v 0.250427 -1.133396 2.616925
v -0.379900 -0.793080 2.520010
v -0.300402 -0.857726 2.539117
v -0.307985 -0.851133 2.557982
v -0.388671 -0.814414 2.554799
v -0.192342 -1.372777 2.698142
v -0.334542 -0.781400 2.541271
v -0.342904 -0.798267 2.566952
v -0.315581 -0.797517 2.555876
v -0.313366 -0.788983 2.517081
v -0.334542 -0.781400 2.541271
v -0.315581 -0.797517 2.555876
v 0.413518 -0.976893 2.572347
v -0.313366 -0.788983 2.517081
v -0.298314 -0.814926 2.540216
v -0.297278 -0.817812 2.513801
v -0.315581 -0.797517 2.555876
v 0.355985 -1.160957 2.690077
v 0.142612 -1.241027 2.840878
v -0.360600 -0.782754 2.543537
v -0.422772 -1.187259 2.642541
v -0.423782 -1.202751 2.610804
v -0.393697 -1.206057 2.636438
v -0.129420 -1.338139 2.739742
v -0.342425 -0.780183 2.512771
v -0.371671 -1.179954 2.670774
v -0.420813 -1.159391 2.656304
v -0.422772 -1.187259 2.642541
v -0.463805 -1.149427 2.618270
v -0.256438 -1.316701 2.673510
v -0.224076 -1.324380 2.663622
v -0.222563 -1.364186 2.684399
v -0.439092 -1.193400 2.578171
v -0.450947 -1.185438 2.606934
v -0.342425 -0.780183 2.512771
v -0.403272 -1.198007 2.568246
v -0.397802 -1.210003 2.597004
v -0.268507 -1.144058 2.727445
v -0.291590 -1.088715 2.709007
v -0.305860 -1.134966 2.705567
v 0.144414 -1.273729 2.847692
v 0.165894 -1.314249 2.818383
v 0.186810 -1.273876 2.820138
v 0.133232 -1.320728 2.846961
v -0.345946 -1.178980 2.580019
v -0.252539 -1.202110 2.648668
v -0.243167 -1.248516 2.657428
v -0.257963 -1.342960 2.694640
v -0.276999 -1.300076 2.688185
v -0.256438 -1.316701 2.673510
v -0.192342 -1.372777 2.698142
v -0.273936 -1.208705 2.661045
v 0.174217 -1.232785 2.814259
v 0.135282 -1.216233 2.824014
v 0.142612 -1.241027 2.840878
v -0.273936 -1.208705 2.661045
v -0.295594 -1.058326 2.683221
v 0.135282 -1.216233 2.824014
v 0.309410 -1.197884 2.652712
v 0.289930 -1.224464 2.657260
v -0.289092 -1.206538 2.680585
v -0.199397 -1.319930 2.664160
v -0.189438 -1.347051 2.674413
v 0.318155 -1.167970 2.615868
v 0.186810 -1.273876 2.820138
v 0.156886 -1.212903 2.796648
v -0.342333 -1.125216 2.688523
v 0.144414 -1.273729 2.847692
v 0.321809 -1.155124 2.601926
v -0.216341 -1.251552 2.663198
v 0.516533 -1.120430 2.541047
v 0.504042 -1.157515 2.566776
v 0.486721 -1.166339 2.542270
v 0.330271 -1.185417 2.636505
v 0.289930 -1.224464 2.657260
v 0.309410 -1.197884 2.652712
v -0.414000 -1.107290 2.504645
v -0.386278 -1.147503 2.542415
v -0.345946 -1.178980 2.580019
v -0.414000 -1.107290 2.504645
v -0.345946 -1.178980 2.580019
v -0.392037 -1.179813 2.551914
v 0.290077 -1.124890 2.595830
v 0.331335 -1.133189 2.589654
v -0.492428 -1.104547 2.561304
v -0.488574 -1.062224 2.539973
v -0.486213 -1.079715 2.519927
v -0.484250 -1.135085 2.545835
v -0.492428 -1.104547 2.561304
v -0.486213 -1.079715 2.519927
v -0.462744 -1.078770 2.496883
v -0.475541 -1.115731 2.516763
v -0.486213 -1.079715 2.519927
v -0.231194 -1.099771 2.721187
v -0.254451 -1.071670 2.708009
v -0.251184 -1.124787 2.730703
v -0.445329 -1.104514 2.496492
v -0.430839 -1.155511 2.522862
v -0.457595 -1.163934 2.536091
v -0.210556 -1.081398 2.694459
v -0.192363 -1.097164 2.662196
v -0.217964 -1.064875 2.647354
v 0.112351 -1.405694 2.848559
v 0.137475 -1.347397 2.831629
v -0.484250 -1.135085 2.545835
v -0.457595 -1.163934 2.536091
v -0.486213 -1.079715 2.519927
v -0.454289 -1.011977 2.485351
v -0.462744 -1.078770 2.496883
v -0.376924 -0.995133 2.488679
v -0.386266 -1.069280 2.521818
v -0.402675 -1.080303 2.503830
v -0.484250 -1.135085 2.545835
v -0.484547 -1.133813 2.584883
v -0.481038 -1.044443 2.562887
v -0.475541 -1.115731 2.516763
v -0.189766 -1.131817 2.702931
v -0.355118 -0.959028 2.499782
v -0.359301 -0.985842 2.521051
v -0.250221 -1.051878 2.677835
v -0.254451 -1.071670 2.708009
v -0.434194 -1.010899 2.476980
v -0.270337 -1.041214 2.647648
v 0.060591 -1.307580 2.771804
v -0.328632 -0.916440 2.517683
v -0.351545 -1.203635 2.628572
v -0.350681 -1.195950 2.654477
v -0.486213 -1.079715 2.519927
v -0.488574 -1.062224 2.539973
v -0.474301 -0.997602 2.521736
v -0.381724 -1.053910 2.553049
v 0.096118 -1.372632 2.863448
v 0.133232 -1.320728 2.846961
v -0.371671 -1.179954 2.670774
v -0.231194 -1.099771 2.721187
v -0.209450 -1.128134 2.725299
v -0.408049 -1.016852 2.477499
v -0.377616 -0.940629 2.473848
v -0.376924 -0.995133 2.488679
v -0.326846 -1.176807 2.675473
v 0.045843 -1.353799 2.775426
v 0.038128 -1.337691 2.795332
v 0.123320 -1.406603 2.830622
v 0.141558 -1.354484 2.806482
v -0.387264 -1.139081 2.672150
v -0.386278 -1.147503 2.542415
v -0.414000 -1.107290 2.504645
v 0.204951 -1.247907 2.690543
v 0.124289 -1.405796 2.796721
v -0.469805 -1.165783 2.570653
v 0.208974 -1.280717 2.798456
v -0.484547 -1.133813 2.584883
v -0.368351 -1.159891 2.679973
v -0.070790 -1.418881 2.772040
v -0.450947 -1.185438 2.606934
v 0.132483 -1.357826 2.780799
v -0.455459 -1.118541 2.619768
v 0.204951 -1.247907 2.690543
v -0.216816 -1.269510 2.781273
v -0.268824 -1.267401 2.762288
v -0.248742 -1.298813 2.775198
v -0.062083 -1.272385 2.747714
v 0.197168 -1.318651 2.793443
v -0.009484 -1.338981 2.797286
v -0.024520 -1.355793 2.769566
v -0.140299 -1.283021 2.833119
v -0.402675 -1.080303 2.503830
v 0.159466 -1.338007 2.792856
v -0.102371 -1.254019 2.725766
v -0.099406 -1.280305 2.854985
v -0.135709 -1.241321 2.832232
v -0.348302 -1.200186 2.602457
v -0.403272 -1.198007 2.568246
v -0.110112 -1.338561 2.757128
v -0.063032 -1.340621 2.757337
v -0.086322 -1.349191 2.762905
v -0.129420 -1.338139 2.739742
v -0.133818 -1.339769 2.764405
v -0.086322 -1.349191 2.762905
v -0.112902 -1.351026 2.786389
v -0.133818 -1.339769 2.764405
v -0.223036 -1.335455 2.777976
v -0.178104 -1.284907 2.799592
v -0.102999 -1.229444 2.740633
v -0.222563 -1.364186 2.684399
v -0.183767 -1.257369 2.788874
v -0.348302 -1.200186 2.602457
v -0.231315 -1.219787 2.758291
v -0.250812 -1.235404 2.761281
v -0.099406 -1.280305 2.854985
v -0.086543 -1.242230 2.848228
v -0.135709 -1.241321 2.832232
v 0.107501 -1.439347 2.801200
v -0.124814 -1.216595 2.818087
v -0.250221 -1.051878 2.677835
v -0.208916 -1.206725 2.744736
v -0.081286 -1.214348 2.820189
v -0.270337 -1.041214 2.647648
v 0.195465 -1.366703 2.710718
v 0.231984 -1.376859 2.702954
v 0.215822 -1.373561 2.739814
v 0.182796 -1.339096 2.777011
v 0.234342 -1.359940 2.763187
v 0.110135 -1.352281 2.762133
v 0.086110 -1.337917 2.757281
v 0.136727 -1.345611 2.768103
v 0.160695 -1.342968 2.754252
v -0.286876 -1.284416 2.735431
v -0.272735 -1.313429 2.751609
v -0.268824 -1.267401 2.762288
v -0.272735 -1.313429 2.751609
v -0.277496 -1.328069 2.719676
v -0.292136 -1.272519 2.709327
v 0.160695 -1.342968 2.754252
v -0.286993 -1.240135 2.733290
v 0.195465 -1.366703 2.710718
v 0.101519 -1.410696 2.771368
v 0.234180 -1.338059 2.778797
v 0.486721 -1.166339 2.542270
v 0.469715 -1.156553 2.524720
v 0.493703 -1.122295 2.512502
v 0.132483 -1.357826 2.780799
v -0.289092 -1.206538 2.680585
v -0.312216 -1.189600 2.653032
v -0.296388 -1.176419 2.621607
v 0.474531 -1.188906 2.585448
v -0.307328 -1.176376 2.692354
v -0.112902 -1.351026 2.786389
v -0.296388 -1.176419 2.621607
v -0.422901 -0.960971 2.574693
v -0.296388 -1.176419 2.621607
v -0.192056 -1.203611 2.726041
v -0.208916 -1.206725 2.744736
v -0.110112 -1.338561 2.757128
v -0.209450 -1.128134 2.725299
v -0.463779 -0.975285 2.544846
v 0.136727 -1.345611 2.768103
v -0.290179 -1.191561 2.706028
v -0.279471 -1.169201 2.723025
v -0.279471 -1.169201 2.723025
v 0.436945 -0.882658 2.563617
v -0.376987 -1.118671 2.553549
v 0.270851 -1.353319 2.748698
v 0.278898 -1.325744 2.766137
v -0.286993 -1.240135 2.733290
v 0.435313 -0.840427 2.512201
v 0.414160 -0.800592 2.522273
v 0.438914 -0.847721 2.540575
v -0.423575 -1.024847 2.586217
v 0.435313 -0.840427 2.512201
v 0.411407 -0.821630 2.489165
v 0.414160 -0.800592 2.522273
v 0.417744 -0.824091 2.558783
v 0.397227 -0.836871 2.577677
v 0.269707 -1.352782 2.687705
v 0.260045 -1.370643 2.724295
v 0.231984 -1.376859 2.702954
v 0.351984 -1.189030 2.658447
v 0.309410 -1.197884 2.652712
v 0.330271 -1.185417 2.636505
v 0.413863 -0.892445 2.576337
v 0.329358 -1.188058 2.678219
v 0.329358 -1.188058 2.678219
v 0.355985 -1.160957 2.690077
v 0.384887 -1.195321 2.656433
v 0.223292 -1.352941 2.674083
v -0.376987 -1.118671 2.553549
v 0.270851 -1.353319 2.748698
v 0.386254 -1.202633 2.594530
v 0.406258 -1.211571 2.622495
v -0.459755 -1.038684 2.580034
v 0.260045 -1.370643 2.724295
v 0.433655 -1.194795 2.645563
v 0.393762 -1.172640 2.676215
v -0.403699 -1.049044 2.579407
v 0.392829 -1.183908 2.570424
v 0.244545 -1.324959 2.663263
v 0.219171 -1.318663 2.665035
v 0.371558 -1.157838 2.574873
v 0.275112 -1.324957 2.670212
v 0.386254 -1.202633 2.594530
v 0.305609 -1.316934 2.740789
v -0.474301 -0.997602 2.521736
v -0.466724 -0.998102 2.501763
v -0.124814 -1.216595 2.818087
v -0.454289 -1.011977 2.485351
v 0.444673 -1.202654 2.579526
v -0.185646 -1.230756 2.757690
v -0.183966 -1.146229 2.685834
v -0.307328 -1.176376 2.692354
v 0.275112 -1.324957 2.670212
v -0.029092 -1.269090 2.806578
v -0.046856 -1.234909 2.800690
v -0.055002 -1.240132 2.830084
v 0.329035 -1.158245 2.705784
v -0.312216 -1.189600 2.653032
v -0.036655 -1.281519 2.837441
v -0.186288 -1.142482 2.662288
v -0.231559 -1.191876 2.641569
v -0.061948 -1.282251 2.856817
v -0.433104 -1.102851 2.621019
v -0.210435 -1.193936 2.650573
v -0.009061 -1.338774 2.824857
v -0.029092 -1.269090 2.806578
v 0.329035 -1.158245 2.705784
v -0.223595 -1.359628 2.756255
v -0.071550 -1.213443 2.791922
v -0.436794 -1.064833 2.599328
v -0.396590 -1.081247 2.592950
v -0.290179 -1.191561 2.706028
v -0.273936 -1.208705 2.661045
v -0.307328 -1.176376 2.692354
v -0.348190 -0.834883 2.475165
v -0.313561 -0.844292 2.489061
v -0.313561 -0.844292 2.489061
v -0.326078 -0.839305 2.479719
v 0.421548 -1.163327 2.670959
v -0.307833 -0.870263 2.507735
v -0.334929 -1.152189 2.689299
v -0.326846 -1.176807 2.675473
v -0.093489 -1.212084 2.771225
v 0.441565 -0.934629 2.474219
v 0.392181 -0.841012 2.475393
v 0.417930 -0.936812 2.471692
v 0.369771 -0.835831 2.474869
v 0.386743 -0.907986 2.475713
v -0.114560 -1.205916 2.786487
v 0.421548 -1.163327 2.670959
v -0.243747 -1.362566 2.726391
v -0.253871 -1.341972 2.750194
v -0.272735 -1.313429 2.751609
v -0.253871 -1.341972 2.750194
v -0.081286 -1.214348 2.820189
v 0.393972 -0.985265 2.553232
v 0.385274 -0.984365 2.525453
v 0.408590 -1.053430 2.547534
v -0.243747 -1.362566 2.726391
v -0.222563 -1.364186 2.684399
v -0.479672 -1.080138 2.582768
v 0.416103 -1.074878 2.521478
v 0.430566 -1.082675 2.503941
v 0.390795 -0.982151 2.501040
v 0.380804 -0.935806 2.486687
v 0.416103 -1.074878 2.521478
v 0.269707 -1.352782 2.687705
v 0.231984 -1.376859 2.702954
v 0.356637 -0.918357 2.531114
v 0.359648 -0.920628 2.510673
v 0.390795 -0.982151 2.501040
v 0.496579 -1.004611 2.502635
v 0.460575 -0.926944 2.489050
v 0.464881 -0.913241 2.503449
v -0.071550 -1.213443 2.791922
v -0.114560 -1.205916 2.786487
v -0.081286 -1.214348 2.820189
v 0.468187 -0.909137 2.523021
v 0.069964 -1.363439 2.865425
v 0.363915 -0.911671 2.555494
v 0.328330 -0.852668 2.507172
v 0.347506 -0.851916 2.485221
v 0.374782 -0.804626 2.484722
v 0.328330 -0.852668 2.507172
v 0.359648 -0.920628 2.510673
v 0.325775 -0.852734 2.536947
v 0.324145 -0.814981 2.526215
v 0.387270 -0.903441 2.574466
v 0.387270 -0.903441 2.574466
v -0.430839 -1.155511 2.522862
v 0.375671 -0.796166 2.569720
v 0.406844 -1.119278 2.548475
v 0.407205 -1.093903 2.560645
v 0.436305 -1.189615 2.557862
v 0.469715 -1.156553 2.524720
v 0.368191 -0.842672 2.579479
v 0.406844 -1.119278 2.548475
v 0.468694 -1.173102 2.634993
v 0.379085 -1.131807 2.574563
v 0.404995 -0.793942 2.541953
v 0.415657 -1.150908 2.540517
v 0.392599 -0.793894 2.500796
v -0.021386 -1.411604 2.763172
v -0.024520 -1.355793 2.769566
v 0.013519 -1.419854 2.773795
v 0.358132 -0.787878 2.500509
v 0.379085 -1.131807 2.574563
v 0.368191 -0.842672 2.579479
v 0.349585 -0.865911 2.567549
v -0.361491 -0.801826 2.488116
v 0.012047 -1.388952 2.784993
v 0.446117 -1.205994 2.610148
v 0.474638 -1.186076 2.613853
v 0.375988 -0.776855 2.526109
v 0.013801 -1.369745 2.807472
v 0.375988 -0.776855 2.526109
v 0.338004 -0.809907 2.494514
v 0.013519 -1.419854 2.773795
v 0.355264 -0.786487 2.549785
v 0.404995 -0.793942 2.541953
v -0.379900 -0.793080 2.520010
v -0.342425 -0.780183 2.512771
v -0.361491 -0.801826 2.488116
v -0.323055 -0.805465 2.488011
v 0.464881 -0.913241 2.503449
v 0.335303 -0.821577 2.563761
v 0.468694 -1.173102 2.634993
v 0.338004 -0.809907 2.494514
v 0.334772 -0.792085 2.534440
v 0.334772 -0.792085 2.534440
v 0.358132 -0.787878 2.500509
v 0.338004 -0.809907 2.494514
v 0.375988 -0.776855 2.526109
v 0.257717 -1.093682 2.609347
v 0.226569 -1.096451 2.643608
v 0.355264 -0.786487 2.549785
v 0.378339 -1.086251 2.625825
v 0.380943 -1.092330 2.658702
v 0.411867 -1.103117 2.642749
v 0.340801 -1.061305 2.667586
v 0.342739 -1.058825 2.639426
v 0.335303 -0.821577 2.563761
v 0.296274 -1.089259 2.595682
v 0.402638 -1.095597 2.606839
v 0.390457 -1.106503 2.585500
v 0.358987 -1.094937 2.601043
v 0.390457 -1.106503 2.585500
v 0.379085 -1.131807 2.574563
v -0.342425 -0.780183 2.512771
v 0.355264 -0.786487 2.549785
v 0.261310 -1.066756 2.623452
v 0.341685 -1.108835 2.590568
v 0.301058 -1.067759 2.603709
v 0.261310 -1.066756 2.623452
v 0.299368 -1.045774 2.631726
v 0.301058 -1.067759 2.603709
v 0.341685 -1.108835 2.590568
v 0.261310 -1.066756 2.623452
v -0.313366 -0.788983 2.517081
v -0.297278 -0.817812 2.513801
v 0.418221 -1.081097 2.586139
v 0.402638 -1.095597 2.606839
v 0.441678 -1.086535 2.607206
v 0.500203 -0.995482 2.519290
v 0.516810 -1.065364 2.537390
v 0.329935 -1.062112 2.616956
v -0.070790 -1.418881 2.772040
v -0.054950 -1.406148 2.763140
v -0.021974 -1.439699 2.768750
v 0.500203 -0.995482 2.519290
v 0.474638 -1.186076 2.613853
v -0.086322 -1.349191 2.762905
v 0.475797 -1.007500 2.481097
v 0.504969 -1.079944 2.507417
v 0.516810 -1.065364 2.537390
v 0.442532 -1.157515 2.527764
v 0.448714 -1.093421 2.496175
v 0.473820 -1.097918 2.494823
v 0.507853 -1.141353 2.590032
v 0.427590 -1.020025 2.482254
v 0.446363 -1.015383 2.475714
v 0.516533 -1.120430 2.541047
v 0.436305 -1.189615 2.557862
v -0.030941 -1.363935 2.862815
v 0.047214 -1.346847 2.849310
v 0.096118 -1.372632 2.863448
v -0.061760 -1.370168 2.865243
v 0.015696 -1.380327 2.852893
v -0.017245 -1.343755 2.844259
v -0.061760 -1.370168 2.865243
v -0.009683 -1.410214 2.880568
v 0.015728 -1.396932 2.871027
v 0.015132 -1.368080 2.826102
v -0.009061 -1.338774 2.824857
v 0.015132 -1.368080 2.826102
v 0.064744 -1.466317 2.852869
v 0.049322 -1.436525 2.880786
v 0.024012 -1.458525 2.875009
v -0.055870 -1.444048 2.857829
v -0.014816 -1.472814 2.858707
v -0.020020 -1.439206 2.881647
v 0.071264 -1.444050 2.774941
v 0.038908 -1.439622 2.769707
v 0.067980 -1.402008 2.760159
v 0.034730 -1.476774 2.854357
v 0.015132 -1.368080 2.826102
v 0.013801 -1.369745 2.807472
v -0.020020 -1.439206 2.881647
v 0.085749 -1.427860 2.864722
v 0.112351 -1.405694 2.848559
v 0.049322 -1.436525 2.880786
v 0.024012 -1.458525 2.875009
v 0.049322 -1.436525 2.880786
v 0.081946 -1.461908 2.808071
v 0.098561 -1.442730 2.838894
v -0.055870 -1.444048 2.857829
v -0.020020 -1.439206 2.881647
v 0.033641 -1.413634 2.881348
v -0.014816 -1.472814 2.858707
v 0.085749 -1.427860 2.864722
v 0.005284 -1.470972 2.795997
v 0.040475 -1.468737 2.793127
v 0.040750 -1.481422 2.820516
v 0.040750 -1.481422 2.820516
v 0.040475 -1.468737 2.793127
v 0.024012 -1.458525 2.875009
v 0.034730 -1.476774 2.854357
v -0.040230 -1.458189 2.787403
v 0.036933 -1.334746 2.822567
v 0.071264 -1.444050 2.774941
v -0.059655 -1.455496 2.835741
v -0.040230 -1.458189 2.787403
v -0.014556 -1.482988 2.827089
v 0.013519 -1.419854 2.773795
v 0.013801 -1.369745 2.807472
v 0.012047 -1.388952 2.784993
v 0.101519 -1.410696 2.771368
v -0.073996 -1.404878 2.859647
v 0.013700 -1.442572 2.778220
v 0.005284 -1.470972 2.795997
v -0.014556 -1.482988 2.827089
v 0.013700 -1.442572 2.778220
v -0.040230 -1.458189 2.787403
v -0.014556 -1.482988 2.827089
vn -0.6017 0.4050 0.6885
vn -0.3641 0.2814 0.8878
vn -0.2310 0.5602 0.7955
vn 0.5764 -0.0543 0.8153
vn 0.5230 -0.2355 0.8192
vn 0.7081 -0.2701 0.6524
vn 0.1088 0.2150 0.9705
vn 0.4926 0.1847 0.8504
vn 0.3565 -0.0921 0.9297
vn -0.4722 0.8461 0.2473
vn -0.7452 0.6624 -0.0770
vn -0.8586 0.4588 0.2289
vn 0.1527 0.3111 0.9380
vn 0.2878 0.3274 0.9000
vn -0.8876 0.3815 -0.2581
vn -0.9182 0.3960 -0.0028
vn 0.0406 0.6165 0.7863
vn -0.0121 0.8058 0.5920
vn 0.3995 0.7929 0.4602
vn 0.4658 0.5540 0.6901
vn 0.4522 0.1846 0.8726
vn -0.0824 0.3794 0.9216
vn 0.9833 -0.1610 -0.0852
vn 0.9941 0.0336 0.1033
vn 0.9533 -0.0446 0.2986
vn 0.3506 0.2155 0.9114
vn 0.8504 -0.1192 0.5124
vn 0.9147 -0.3496 0.2030
vn 0.8444 -0.3772 -0.3804
vn 0.7598 -0.6502 0.0013
vn 0.8526 -0.4173 -0.3144
vn 0.6614 0.1584 0.7331
vn 0.7732 -0.2196 -0.5949
vn 0.2121 -0.2275 0.9504
vn 0.2665 -0.3004 0.9158
vn -0.4566 0.4096 0.7898
vn -0.6467 0.3869 0.6574
vn -0.6327 0.5759 0.5177
vn -0.6717 0.3591 0.6480
vn -0.3402 0.6933 0.6353
vn -0.0941 0.4234 0.9010
vn -0.7827 0.1970 0.5904
vn -0.3060 0.3906 0.8682
vn -0.9476 0.2502 0.1987
vn 0.5175 0.2076 -0.8301
vn 0.7545 0.1426 -0.6407
vn 0.4328 0.4216 -0.7968
vn -0.0483 0.8536 0.5187
vn -0.1168 0.5099 0.8522
vn -0.4147 0.8415 0.3463
vn -0.9646 0.2287 0.1312
vn 0.1648 0.6940 -0.7009
vn 0.2548 0.7417 -0.6204
vn 0.1295 0.7856 -0.6050
vn 0.5700 -0.0599 -0.8195
vn 0.4573 -0.0774 -0.8859
vn 0.9329 0.3396 -0.1199
vn 0.6843 0.6647 -0.2998
vn 0.8576 0.3323 -0.3925
vn -0.3300 0.9292 0.1665
vn -0.2001 0.9739 0.1072
vn -0.7371 0.5247 0.4259
vn -0.5387 0.7705 0.3408
vn -0.7358 0.6772 -0.0026
vn -0.1271 0.6405 0.7574
vn 0.0331 0.9710 0.2367
vn 0.6695 0.0272 -0.7423
vn 0.1720 0.2123 -0.9620
vn 0.1145 0.1738 -0.9781
vn 0.0049 0.4306 -0.9025
vn 0.6822 0.7152 0.1520
vn -0.5722 0.8178 -0.0615
vn -0.1378 0.7645 -0.6297
vn 0.0329 0.4414 -0.8967
vn 0.6361 0.3948 -0.6630
vn 0.6620 0.5823 -0.4719
vn 0.7852 0.4088 -0.4651
vn 0.1630 0.5096 0.8448
vn -0.8945 0.3840 -0.2292
vn 0.4361 0.3117 0.8442
vn -0.9076 0.4118 -0.0821
vn -0.9072 0.4172 -0.0532
vn 0.8730 0.1681 -0.4578
vn 0.8779 -0.0800 -0.4721
vn 0.7794 -0.0602 -0.6237
vn -0.5040 0.8198 0.2718
vn -0.5353 0.8189 0.2072
vn -0.5728 0.7424 0.3475
vn 0.2921 0.2065 -0.9338
vn 0.1344 0.8983 -0.4182
vn -0.2992 0.7848 -0.5428
vn 0.3682 0.5016 -0.7828
vn 0.6421 0.0170 -0.7664
vn 0.4068 0.6451 0.6468
vn 0.2933 0.8126 0.5036
vn 0.1339 0.7393 0.6599
vn 0.4040 0.4563 -0.7929
vn 0.3605 0.7923 -0.4922
vn -0.5217 0.4917 0.6971
vn -0.4141 0.6586 0.6283
vn 0.9937 -0.1048 0.0395
vn 0.9672 0.0792 0.2415
vn 0.8833 -0.0735 0.4630
vn 0.0466 0.9257 -0.3754
vn 0.7222 0.2511 0.6445
vn -0.3943 0.8350 -0.3838
vn -0.3698 0.8944 -0.2515
vn 0.3197 -0.2226 -0.9210
vn 0.2942 -0.3830 -0.8756
vn 0.3512 -0.4189 -0.8374
vn 0.3333 -0.2144 -0.9181
vn 0.6891 0.0767 0.7206
vn 0.3624 0.5016 0.7855
vn 0.5917 0.2142 0.7772
vn 0.8745 -0.0957 0.4755
vn 0.9782 -0.1590 0.1335
vn 0.2642 0.3203 0.9097
vn -0.1511 0.9462 0.2861
vn 0.1551 0.9833 0.0952
vn -0.1841 0.9809 -0.0636
vn 0.4915 -0.2157 -0.8438
vn 0.5183 0.3087 0.7975
vn -0.2021 0.9319 0.3012
vn -0.1359 0.8998 0.4146
vn 0.7900 0.1109 0.6030
vn 0.8221 0.3652 0.4368
vn 0.9544 0.2172 0.2048
vn 0.5236 -0.0202 0.8518
vn -0.3022 0.9385 -0.1669
vn 0.5720 0.5655 -0.5942
vn 0.5577 0.7502 -0.3552
vn 0.1764 0.9259 0.3339
vn 0.1154 0.7374 0.6655
vn 0.8022 0.3367 0.4930
vn 0.5947 0.1961 -0.7796
vn 0.5176 -0.0902 -0.8509
vn 0.6106 0.0348 -0.7912
vn 0.4454 0.8786 -0.1721
vn -0.5586 0.7822 -0.2761
vn -0.2340 0.9162 -0.3254
vn -0.3495 0.9360 0.0412
vn -0.2392 0.9693 -0.0564
vn 0.0171 0.9638 0.2660
vn -0.9727 -0.0286 -0.2304
vn -0.9713 0.1511 -0.1835
vn -0.9190 0.2904 -0.2668
vn -0.9237 0.3701 -0.0988
vn -0.6041 -0.3823 -0.6992
vn -0.5570 -0.2153 -0.8021
vn -0.4984 0.2001 -0.8436
vn -0.5188 0.0789 -0.8513
vn 0.1023 0.9676 -0.2309
vn 0.0838 0.9857 -0.1461
vn -0.9346 -0.3194 0.1564
vn -0.9528 -0.2865 0.1004
vn -0.8735 -0.3172 -0.3692
vn -0.8682 -0.3978 -0.2967
vn 0.9269 0.3091 0.2131
vn 0.2152 0.9753 0.0506
vn -0.6535 0.1216 -0.7471
vn -0.4351 -0.1276 -0.8913
vn 0.3938 0.6693 0.6300
vn 0.0700 0.6176 0.7834
vn -0.5411 -0.1366 0.8298
vn -0.4891 -0.2888 0.8231
vn -0.6794 -0.2549 0.6881
vn -0.9362 -0.1985 0.2900
vn -0.2257 -0.5716 -0.7889
vn -0.5297 -0.7621 0.3722
vn -0.5976 -0.7221 0.3486
vn -0.3123 -0.6010 0.7357
vn -0.7175 0.5214 -0.4619
vn -0.8308 0.3400 -0.4407
vn -0.8342 0.3558 -0.4214
vn -0.6295 -0.5962 -0.4983
vn -0.4904 -0.0967 0.8661
vn -0.0525 0.0079 -0.9986
vn -0.3760 0.1479 -0.9148
vn -0.3132 0.2085 -0.9265
vn 0.1859 -0.1020 0.9773
vn 0.1449 0.0175 0.9893
vn 0.3489 -0.0595 0.9353
vn -0.1348 0.0170 0.9907
vn -0.8291 -0.4572 0.3218
vn 0.8963 -0.2813 0.3427
vn 0.6641 -0.3055 0.6824
vn 0.7465 -0.2409 0.6202
vn 0.8644 -0.4035 0.3001
vn 0.4690 0.3707 0.8016
vn -0.4449 0.3057 -0.8418
vn -0.5237 0.2140 -0.8246
vn 0.4786 -0.2278 0.8480
vn -0.6794 -0.7018 -0.2142
vn 0.3936 0.4463 -0.8037
vn 0.5938 0.5553 -0.5823
vn 0.6759 0.2144 -0.7051
vn -0.4868 0.2358 -0.8411
vn -0.4420 0.5590 -0.7016
vn -0.3747 0.7033 -0.6041
vn -0.2628 0.6206 -0.7388
vn -0.2113 0.7871 -0.5795
vn 0.0258 0.2303 0.9728
vn 0.6252 -0.6452 -0.4391
vn 0.6084 -0.4555 -0.6499
vn 0.6061 -0.4561 -0.6516
vn -0.5357 0.7011 -0.4706
vn -0.7792 0.2439 -0.5773
vn -0.6494 0.3110 -0.6940
vn -0.7516 -0.1883 0.6322
vn -0.7869 0.4947 0.3689
vn -0.5199 0.1614 0.8388
vn -0.7227 0.0951 0.6845
vn 0.2483 0.1807 0.9517
vn 0.0125 0.0890 0.9959
vn -0.8719 0.4745 0.1208
vn -0.8838 0.4621 -0.0736
vn -0.9129 0.3888 0.1242
vn -0.4232 0.3786 0.8232
vn -0.7643 0.3888 -0.5145
vn 0.7851 0.5398 -0.3036
vn 0.8225 0.3190 -0.4709
vn -0.7555 -0.0656 -0.6519
vn -0.6648 -0.0950 -0.7410
vn -0.6996 -0.1667 -0.6948
vn 0.6604 0.1338 -0.7389
vn 0.5220 0.4947 0.6948
vn 0.5514 0.6201 0.5580
vn 0.4962 0.6946 0.5209
vn -0.5681 0.3791 0.7304
vn -0.9165 0.0230 -0.3995
vn -0.1319 -0.1303 -0.9827
vn -0.2165 -0.4164 -0.8830
vn 0.0360 -0.4991 -0.8658
vn 0.3186 -0.9325 0.1700
vn 0.1083 -0.9871 0.1182
vn -0.1981 -0.7927 0.5765
vn 0.0643 -0.7740 0.6300
vn 0.5153 0.7940 -0.3225
vn -0.5104 0.0271 -0.8595
vn 0.4623 0.1256 0.8778
vn -0.6074 0.2765 0.7447
vn 0.1124 0.1152 0.9870
vn 0.7266 -0.0467 0.6855
vn -0.1739 -0.9649 0.1968
vn 0.5217 -0.8524 -0.0354
vn -0.1681 0.0084 0.9857
vn -0.2696 -0.5846 0.7652
vn 0.4274 -0.0862 -0.8999
vn 0.2999 -0.3870 -0.8719
vn -0.4912 -0.2352 -0.8387
vn -0.6579 0.7494 0.0743
vn 0.9466 -0.2654 0.1832
vn 0.7908 -0.1942 0.5804
vn -0.7007 0.5310 0.4765
vn 0.0514 -0.9897 -0.1333
vn 0.0456 0.9218 0.3851
vn 0.0153 0.5977 0.8015
vn 0.2881 0.5944 0.7508
vn 0.4101 0.9090 0.0741
vn 0.4405 0.8915 0.1062
vn 0.5339 0.8189 0.2106
vn -0.6178 -0.1674 0.7683
vn 0.8293 0.5530 0.0806
vn 0.9272 0.2579 0.2718
vn 0.9880 0.1134 -0.1046
vn 0.8037 0.4055 0.4354
vn 0.3811 -0.0776 0.9213
vn 0.1623 0.4421 0.8821
vn -0.3355 0.8842 0.3250
vn -0.4192 -0.7571 0.5011
vn -0.4168 -0.8956 0.1556
vn -0.1600 -0.9024 0.4000
vn 0.4024 -0.9154 0.0113
vn 0.2952 0.9546 -0.0409
vn -0.2868 -0.3875 0.8761
vn -0.5514 -0.0885 0.8295
vn -0.5913 -0.3628 0.7202
vn -0.7908 -0.1521 0.5929
vn -0.3355 -0.2525 -0.9076
vn -0.1461 -0.2890 -0.9461
vn -0.0445 -0.5537 -0.8315
vn -0.4429 -0.8632 -0.2423
vn -0.6413 -0.7598 0.1069
vn -0.2045 0.9781 -0.0390
vn -0.1040 -0.8930 -0.4378
vn -0.0285 -0.9855 -0.1673
vn -0.4665 0.1630 0.8694
vn -0.3769 0.3767 0.8462
vn -0.4835 -0.0396 0.8745
vn 0.3246 0.1076 0.9397
vn 0.6290 -0.4622 0.6251
vn 0.6139 -0.3488 0.7082
vn 0.7034 -0.2833 0.6519
vn 0.5234 -0.2960 -0.7991
vn -0.1724 -0.4526 -0.8749
vn -0.0117 -0.1903 -0.9817
vn -0.6660 -0.6151 -0.4219
vn -0.8135 -0.2755 -0.5122
vn -0.6691 -0.3780 -0.6399
vn 0.3311 -0.6822 -0.6518
vn -0.3080 -0.4572 -0.8343
vn 0.5944 0.5660 0.5713
vn 0.4362 0.6762 0.5937
vn 0.5101 0.3874 0.7679
vn -0.7720 -0.1571 -0.6159
vn -0.3546 0.7777 0.5191
vn 0.0084 0.6694 0.7429
vn 0.1462 -0.6481 -0.7474
vn 0.2167 -0.3083 -0.9263
vn -0.9537 -0.2781 -0.1142
vn 0.1814 -0.1316 -0.9746
vn 0.2572 -0.4910 -0.8324
vn -0.2559 -0.7263 -0.6379
vn 0.6410 0.2154 0.7367
vn 0.5099 0.7751 0.3732
vn -0.4205 0.1301 0.8979
vn 0.5471 0.0042 0.8370
vn -0.3620 -0.4797 -0.7993
vn 0.3601 -0.0567 -0.9312
vn 0.8906 -0.4203 -0.1734
vn 0.8398 -0.5376 -0.0760
vn 0.4978 -0.7544 -0.4278
vn -0.2606 -0.8073 -0.5295
vn 0.6764 -0.2900 -0.6771
vn 0.7228 -0.5417 -0.4291
vn -0.3413 0.5077 0.7910
vn 0.2922 -0.3592 -0.8864
vn 0.4482 -0.6269 -0.6372
vn 0.3277 -0.5863 -0.7408
vn -0.2922 -0.1932 -0.9366
vn -0.2705 -0.0990 -0.9576
vn -0.9750 0.0204 0.2211
vn -0.9864 0.1503 0.0671
vn -0.9905 0.0218 -0.1357
vn -0.9629 -0.1416 -0.2296
vn -0.6906 -0.1423 -0.7091
vn -0.8132 -0.2684 -0.5165
vn -0.7588 -0.1696 -0.6289
vn 0.0303 0.3515 0.9357
vn -0.1374 0.5871 0.7978
vn -0.1395 0.2811 0.9495
vn -0.1262 -0.3495 -0.9284
vn 0.0834 -0.4984 -0.8629
vn -0.2963 -0.4866 -0.8219
vn 0.6320 0.6350 0.4442
vn 0.8774 0.4529 0.1581
vn 0.5791 0.8039 0.1356
vn 0.7804 -0.3349 0.5281
vn 0.8321 -0.3063 0.4624
vn -0.8155 -0.4662 -0.3429
vn -0.5046 -0.7218 -0.4736
vn -0.6995 -0.0347 -0.7138
vn -0.4340 -0.0264 -0.9005
vn -0.4720 -0.1467 -0.8693
vn 0.7983 -0.3281 -0.5050
vn 0.9093 -0.2258 -0.3495
vn 0.7627 -0.2567 -0.5936
vn -0.9658 -0.2592 0.0011
vn -0.9161 -0.0611 0.3961
vn -0.8613 0.2817 0.4227
vn -0.3971 -0.4122 -0.8200
vn 0.8793 0.2498 0.4055
vn 0.8374 -0.3591 -0.4121
vn 0.9366 -0.3423 -0.0753
vn 0.4359 0.8652 0.2479
vn 0.3466 0.7097 0.6133
vn -0.2094 -0.0682 -0.9754
vn 0.4115 0.9102 0.0473
vn -0.6955 0.1238 -0.7077
vn 0.8971 -0.4358 -0.0727
vn 0.2181 -0.9729 0.0774
vn 0.0611 -0.8664 0.4956
vn -0.9298 0.1254 -0.3461
vn -0.9601 0.1446 -0.2392
vn -0.9152 0.2151 -0.3407
vn 0.9544 -0.0852 0.2862
vn 0.4812 -0.0737 0.8735
vn 0.5584 -0.1409 0.8176
vn -0.1109 -0.7340 0.6701
vn 0.4373 0.5471 0.7137
vn 0.6966 0.3210 0.6416
vn 0.2393 -0.2137 -0.9472
vn 0.3162 -0.1360 -0.9389
vn 0.4825 -0.2424 -0.8417
vn -0.0803 -0.8626 0.4994
vn -0.6312 0.2680 -0.7278
vn -0.8048 0.2687 -0.5293
vn 0.8881 -0.3634 0.2813
vn 0.8708 -0.4873 0.0652
vn -0.4518 0.2202 0.8646
vn 0.8081 -0.1324 -0.5740
vn 0.6090 -0.2780 -0.7429
vn -0.5748 0.3126 -0.7562
vn 0.8742 -0.3857 -0.2949
vn -0.7891 -0.6103 -0.0696
vn 0.5890 -0.3142 0.7446
vn -0.8918 -0.4457 0.0775
vn -0.3023 -0.1999 0.9320
vn -0.6564 -0.4628 -0.5958
vn -0.7625 -0.4256 0.4872
vn 0.7851 -0.5133 -0.3465
vn -0.5841 0.2938 0.7566
vn -0.5494 0.5633 -0.6171
vn -0.2957 0.3030 0.9060
vn -0.4895 0.1388 0.8609
vn -0.4746 -0.0848 0.8761
vn 0.5306 -0.0362 -0.8469
vn 0.3319 -0.5649 0.7555
vn 0.8683 0.3760 -0.3236
vn 0.7136 0.2984 -0.6338
vn -0.5976 -0.0961 0.7960
vn 0.5725 -0.2724 -0.7733
vn 0.5033 -0.8249 0.2574
vn 0.4855 0.1669 -0.8582
vn -0.4624 -0.0290 0.8862
vn -0.6429 0.3180 0.6969
vn 0.4458 -0.6785 -0.5839
vn 0.2537 -0.7282 -0.6367
vn 0.0588 -0.7127 -0.6990
vn 0.0707 -0.2410 -0.9679
vn -0.1148 -0.3848 -0.9158
vn 0.6229 -0.6584 -0.4225
vn -0.1949 -0.9358 -0.2937
vn -0.1659 -0.7310 -0.6619
vn -0.3662 -0.1990 0.9090
vn -0.4947 -0.0268 0.8686
vn 0.2501 0.6970 -0.6720
vn -0.5524 -0.7129 -0.4320
vn -0.5181 0.4646 0.7181
vn 0.2950 -0.9437 -0.1498
vn 0.0394 0.3645 0.9304
vn -0.2738 0.2770 0.9210
vn -0.1185 0.1821 0.9761
vn 0.0497 0.4809 0.8754
vn -0.2667 0.4615 0.8461
vn 0.7360 -0.6248 -0.2605
vn -0.1767 0.6276 0.7582
vn -0.0697 0.8812 0.4677
vn 0.3041 0.3834 0.8721
vn 0.3237 0.7629 0.5596
vn -0.1895 0.9306 0.3131
vn -0.3790 -0.9242 0.0473
vn -0.0498 -0.9965 0.0673
vn -0.1517 -0.9460 0.2863
vn 0.0043 -0.8384 0.5451
vn 0.1474 -0.7522 0.6422
vn 0.2637 -0.3660 -0.8925
vn -0.2015 -0.1279 -0.9711
vn 0.1009 -0.7415 -0.6634
vn -0.4742 -0.8041 -0.3585
vn -0.9322 -0.1188 0.3420
vn -0.8607 -0.3299 0.3878
vn -0.8256 -0.0146 0.5641
vn -0.6136 -0.2176 0.7590
vn -0.8709 -0.4914 -0.0042
vn -0.9860 -0.1232 -0.1121
vn -0.1289 -0.9597 0.2498
vn -0.9585 0.0380 0.2826
vn -0.5406 -0.6895 -0.4820
vn 0.6623 -0.4440 -0.6035
vn 0.1686 -0.5716 0.8030
vn 0.5500 -0.5258 -0.6489
vn 0.1375 -0.5449 -0.8271
vn 0.5237 -0.4051 -0.7494
vn 0.4855 -0.4870 -0.7260
vn -0.4011 -0.8350 -0.3768
vn 0.0965 -0.9952 -0.0179
vn 0.1644 -0.9494 -0.2677
vn 0.5933 -0.7989 -0.0987
vn -0.2715 -0.9015 0.3369
vn -0.3949 -0.9054 0.1559
vn 0.3863 -0.6263 -0.6772
vn -0.2793 0.1841 0.9424
vn 0.5066 -0.6525 -0.5635
vn 0.8249 0.3699 0.4275
vn 0.6423 0.4675 0.6074
vn 0.0324 -0.9977 -0.0601
vn 0.2213 0.2831 0.9332
vn -0.8759 0.3473 0.3350
vn 0.4568 -0.8768 -0.1503
vn -0.9595 -0.1093 0.2595
vn -0.6791 0.0489 0.7324
vn -0.9139 0.1514 0.3766
vn 0.6157 0.2522 0.7465
vn 0.6465 0.0845 -0.7582
vn 0.4372 -0.6729 0.5967
vn 0.5499 -0.5497 0.6288
vn -0.7541 0.1717 0.6339
vn 0.9044 0.4267 -0.0051
vn 0.8462 0.5075 0.1625
vn 0.8780 0.4030 0.2585
vn 0.0846 0.1631 0.9830
vn 0.7771 0.4085 -0.4788
vn 0.5661 0.4477 -0.6922
vn 0.6270 0.7232 -0.2897
vn 0.6841 0.4356 0.5851
vn 0.2969 0.2045 0.9327
vn 0.6251 -0.6919 -0.3612
vn 0.5637 -0.8177 -0.1165
vn 0.4215 -0.8538 -0.3055
vn 0.0076 -0.9383 0.3459
vn 0.2136 -0.9734 -0.0826
vn -0.0190 -0.9833 -0.1808
vn 0.1970 0.0529 0.9790
vn 0.9066 -0.4220 0.0059
vn 0.3209 -0.8219 0.4707
vn 0.2377 -0.6663 0.7068
vn -0.0067 -0.8262 0.5634
vn -0.1560 -0.5787 -0.8005
vn 0.9371 -0.0037 -0.3490
vn 0.6693 -0.6895 0.2769
vn -0.2110 -0.9581 -0.1939
vn -0.0319 -0.9912 0.1285
vn -0.4912 0.3276 0.8071
vn 0.2159 -0.9230 0.3185
vn 0.3571 -0.7077 0.6097
vn 0.2041 -0.4981 0.8428
vn 0.4010 0.2394 0.8842
vn -0.4297 -0.5456 -0.7195
vn 0.0627 -0.2572 -0.9643
vn -0.2894 -0.1021 -0.9517
vn -0.5061 -0.1188 -0.8543
vn 0.2245 -0.3379 -0.9140
vn -0.4496 -0.6702 -0.5905
vn 0.6701 -0.5264 0.5232
vn -0.9456 0.2972 0.1320
vn -0.8337 0.1904 -0.5183
vn -0.4221 0.8428 0.3338
vn -0.7469 0.1069 -0.6563
vn 0.1778 -0.9259 -0.3334
vn 0.5292 0.7381 0.4186
vn 0.9958 0.0625 0.0666
vn -0.7612 -0.5763 0.2974
vn 0.6783 -0.3802 -0.6288
vn 0.8401 0.4128 0.3519
vn 0.7100 0.6403 0.2931
vn 0.6136 0.5668 0.5497
vn 0.8429 -0.2593 0.4714
vn -0.7653 -0.5753 0.2886
vn 0.7340 0.3577 0.5774
vn 0.9947 0.0541 -0.0869
vn 0.1654 -0.4158 -0.8943
vn 0.2807 0.2560 0.9251
vn -0.2732 0.5773 0.7695
vn 0.4746 -0.2966 -0.8287
vn 0.8847 0.4651 -0.0322
vn 0.9155 0.3360 -0.2213
vn 0.3395 -0.6366 0.6925
vn -0.3164 -0.7438 0.5887
vn 0.5913 0.7735 0.2284
vn -0.0393 0.4427 0.8958
vn 0.4226 0.6089 0.6713
vn -0.7045 -0.1896 0.6839
vn -0.5367 -0.7765 -0.3302
vn -0.5934 -0.3039 0.7453
vn 0.0324 0.1765 -0.9838
vn 0.8361 -0.1919 -0.5139
vn 0.6277 -0.0107 -0.7784
vn 0.4272 0.0199 -0.9039
vn 0.3648 -0.4616 0.8086
vn 0.8785 -0.3160 -0.3584
vn -0.3172 -0.2707 0.9089
vn -0.3156 -0.5413 0.7793
vn 0.2225 0.8983 -0.3789
vn 0.3351 0.1217 -0.9343
vn 0.2048 0.1995 -0.9582
vn -0.0679 -0.0466 -0.9966
vn -0.1939 0.1381 -0.9713
vn -0.3505 -0.1410 -0.9259
vn 0.0486 0.9476 -0.3158
vn 0.4655 0.0834 0.8811
vn -0.6701 -0.7415 -0.0345
vn -0.7403 -0.6022 0.2988
vn -0.5623 -0.4073 0.7196
vn -0.5397 -0.5563 0.6319
vn -0.0637 0.9515 0.3009
vn -0.8107 -0.2549 0.5271
vn -0.9352 -0.3540 0.0072
vn -0.9704 -0.1340 0.2009
vn -0.4578 -0.8695 0.1854
vn -0.2639 -0.9486 -0.1747
vn -0.7858 0.2322 0.5732
vn -0.9790 -0.1245 -0.1616
vn -0.6517 -0.2818 -0.7041
vn -0.7959 -0.3290 -0.5083
vn -0.6604 -0.2902 -0.6926
vn -0.7985 -0.2595 -0.5432
vn 0.2243 -0.6136 -0.7571
vn -0.0869 -0.7798 -0.6199
vn -0.9018 -0.4108 0.1340
vn -0.9079 -0.4058 -0.1052
vn -0.9030 -0.3586 -0.2367
vn 0.8390 0.1634 -0.5189
vn 0.6827 0.2681 -0.6797
vn 0.7671 0.3416 -0.5431
vn 0.1610 0.9831 0.0870
vn 0.9142 0.4049 -0.0196
vn -0.0801 0.2504 0.9648
vn -0.7262 -0.3587 0.5865
vn -0.7516 -0.1819 -0.6341
vn -0.5938 -0.1092 -0.7971
vn 0.0279 0.5151 -0.8567
vn -0.9681 -0.1939 -0.1587
vn -0.8000 -0.3759 -0.4677
vn -0.9502 -0.2334 0.2064
vn -0.9729 0.2272 -0.0438
vn -0.0589 -0.0585 0.9965
vn -0.5135 -0.2697 0.8146
vn -0.0858 -0.7527 -0.6527
vn 0.0577 0.6218 0.7810
vn -0.7666 -0.0380 -0.6410
vn -0.9361 0.3230 -0.1394
vn 0.0792 -0.8361 -0.5429
vn 0.1734 -0.7791 -0.6024
vn -0.0665 0.1259 0.9898
vn -0.8536 0.2351 -0.4649
vn 0.7221 -0.2033 0.6612
vn -0.5601 0.1522 -0.8143
vn 0.6003 0.6741 0.4304
vn -0.5776 -0.2526 -0.7762
vn 0.3991 0.7506 -0.5265
vn 0.1645 -0.0608 -0.9845
vn 0.3369 0.0794 -0.9382
vn 0.2706 -0.0895 -0.9585
vn -0.0421 0.7090 -0.7040
vn -0.7864 0.4156 -0.4571
vn -0.4216 -0.1236 0.8983
vn -0.6286 -0.2584 0.7335
vn -0.0908 0.4752 -0.8752
vn 0.6504 0.3609 -0.6684
vn 0.3482 -0.9280 0.1328
vn 0.6277 -0.7338 0.2599
vn 0.3574 0.8793 -0.3149
vn 0.7972 0.5420 -0.2659
vn 0.1944 0.8964 0.3983
vn -0.4533 0.2502 -0.8555
vn 0.5887 0.3000 -0.7506
vn -0.1909 0.7920 0.5799
vn 0.5244 0.8504 -0.0431
vn -0.5557 0.6925 -0.4601
vn -0.3670 0.8212 -0.4370
vn -0.4927 0.7240 -0.4829
vn 0.4184 0.4751 -0.7741
vn 0.8950 0.3958 -0.2059
vn -0.8285 0.0920 0.5524
vn 0.5403 -0.5719 0.6172
vn -0.9020 0.2458 -0.3550
vn -0.8258 0.4915 0.2765
vn -0.4540 0.8816 -0.1290
vn -0.5159 0.8182 -0.2537
vn -0.6397 0.6813 -0.3559
vn -0.3557 0.9330 -0.0544
vn -0.5400 0.2209 -0.8122
vn -0.7257 0.2545 -0.6392
vn -0.5879 0.5650 0.5789
vn 0.4160 0.8926 -0.1736
vn 0.5230 0.8445 0.1147
vn 0.1933 0.9664 0.1692
vn 0.5236 0.8452 0.1071
vn 0.4821 0.8688 -0.1131
vn -0.3532 0.3585 0.8641
vn -0.1895 0.2375 -0.9527
vn -0.6752 0.7376 0.0084
vn -0.7597 0.6274 -0.1711
vn 0.1680 0.6767 -0.7168
vn -0.1055 0.7163 -0.6898
vn -0.1461 0.5233 -0.8395
vn 0.1909 0.7576 -0.6242
vn -0.3280 0.9399 0.0952
vn -0.5286 0.4482 -0.7209
vn -0.1551 0.1283 -0.9795
vn -0.2130 0.4021 -0.8905
vn -0.3145 0.7824 -0.5375
vn -0.0020 0.9397 -0.3419
vn 0.0223 0.7159 -0.6978
vn 0.0973 0.5190 -0.8492
vn -0.6443 0.7099 -0.2845
vn 0.5302 0.6495 -0.5450
vn 0.7425 0.3123 -0.5926
vn -0.2056 0.8675 0.4529
vn 0.0022 1.0000 0.0090
vn -0.2147 0.9104 0.3536
vn 0.9555 0.2948 0.0062
vn 0.9812 0.1777 0.0758
vn 0.3106 0.7673 -0.5611
vn -0.2872 -0.3396 -0.8956
vn -0.1764 -0.2065 -0.9624
vn 0.0004 -0.4349 -0.9005
vn 0.9127 0.2404 -0.3304
vn 0.8143 -0.3639 0.4523
vn -0.6339 -0.2377 -0.7360
vn 0.4780 0.0227 -0.8781
vn 0.7434 -0.0977 -0.6616
vn 0.9277 0.0395 -0.3712
vn -0.2520 -0.5170 -0.8181
vn -0.2988 -0.3309 -0.8951
vn 0.1729 -0.3059 -0.9362
vn 0.8969 -0.4183 0.1437
vn -0.4288 -0.2485 -0.8685
vn -0.0315 -0.1448 -0.9890
vn 0.7956 -0.3071 -0.5223
vn -0.2499 -0.6531 -0.7149
vn 0.2232 0.3558 0.9075
vn -0.5545 0.4376 0.7078
vn 0.1400 0.1041 0.9847
vn -0.3746 -0.0238 0.9269
vn -0.0998 0.7628 0.6389
vn 0.6522 0.4315 0.6232
vn -0.0031 0.1774 0.9841
vn -0.0284 0.2204 0.9750
vn -0.0175 0.5408 0.8410
vn -0.1007 0.8901 0.4446
vn 0.7848 0.4452 0.4311
vn 0.7687 0.6299 -0.1112
vn 0.4671 -0.7499 0.4684
vn 0.3760 -0.5225 0.7653
vn 0.2919 -0.5972 0.7471
vn -0.5929 -0.5924 0.5454
vn -0.2860 -0.8368 0.4668
vn -0.4059 -0.5573 0.7243
vn 0.1209 -0.4199 -0.8995
vn -0.0957 -0.3723 -0.9232
vn 0.0072 -0.1388 -0.9903
vn 0.2365 -0.8828 0.4059
vn -0.8130 0.5813 -0.0336
vn -0.7961 0.6052 0.0028
vn -0.0853 -0.1709 0.9816
vn 0.4566 -0.0725 0.8867
vn 0.5920 -0.1305 0.7953
vn 0.4141 -0.0568 0.9084
vn -0.0256 -0.3764 0.9261
vn 0.0903 -0.0196 0.9957
vn 0.5117 -0.8334 -0.2088
vn 0.7171 -0.6018 0.3514
vn -0.5067 -0.2724 0.8180
vn -0.4621 -0.1687 0.8706
vn 0.0218 0.1841 0.9827
vn -0.1292 -0.5726 0.8096
vn 0.5966 -0.4723 0.6489
vn -0.0756 -0.8451 -0.5293
vn 0.0077 -0.7507 -0.6606
vn 0.0047 -0.9175 -0.3978
vn 0.2778 -0.9606 -0.0086
vn 0.3023 -0.8369 -0.4564
vn -0.0018 -0.7498 0.6616
vn -0.0195 -0.8399 0.5425
vn -0.1692 -0.6122 -0.7724
vn -0.7784 0.4358 0.4518
vn 0.4395 -0.6933 -0.5711
vn -0.6072 -0.7497 0.2634
vn -0.4504 -0.7975 -0.4013
vn -0.3445 -0.9248 0.1618
vn -0.3295 0.0011 -0.9441
vn -0.7238 0.5010 -0.4744
vn -0.6013 0.3880 -0.6985
vn 0.3092 -0.2391 -0.9205
vn -0.7375 -0.3233 0.5929
vn -0.2614 -0.3557 -0.8973
vn 0.0719 -0.6188 -0.7822
vn -0.0961 -0.9063 -0.4116
vn 0.2096 -0.3870 -0.8979
vn -0.1634 -0.8807 -0.4446
vn 0.0451 -0.9886 0.1438
vt 0.810304 0.501184
vt 0.839367 0.509829
vt 0.833549 0.469328
vt 0.504100 0.480664
vt 0.539254 0.470598
vt 0.511535 0.450425
vt 0.858231 0.485659
vt 0.484189 0.506424
vt 0.543271 0.504564
vt 0.132056 0.660404
vt 0.139270 0.686467
vt 0.176652 0.671789
vt 0.475277 0.536035
vt 0.526564 0.534483
vt 0.161141 0.711911
vt 0.169044 0.695898
vt 0.506886 0.562067
vt 0.496177 0.587153
vt 0.515439 0.593272
vt 0.534900 0.566755
vt 0.559605 0.548402
vt 0.475516 0.557994
vt 0.857289 0.058527
vt 0.824268 0.071540
vt 0.848310 0.090075
vt 0.405934 0.566690
vt 0.881206 0.097429
vt 0.895302 0.071978
vt 0.793140 0.044211
vt 0.911333 0.046839
vt 0.885878 0.041280
vt 0.468666 0.486781
vt 0.859958 0.033901
vt 0.590590 0.529556
vt 0.577279 0.491917
vt 0.978679 0.557162
vt 0.955536 0.574198
vt 0.946952 0.548507
vt 0.975147 0.647372
vt 0.814013 0.455492
vt 0.384244 0.600001
vt 0.958269 0.624101
vt 0.404144 0.618301
vt 0.935753 0.579861
vt 0.331757 0.672887
vt 0.385583 0.661707
vt 0.349265 0.645777
vt 0.334041 0.314028
vt 0.328690 0.287079
vt 0.314527 0.321983
vt 0.938069 0.649590
vt 0.921823 0.418248
vt 0.898444 0.448176
vt 0.891104 0.432241
vt 0.309286 0.640609
vt 0.328212 0.702449
vt 0.483832 0.402623
vt 0.529682 0.400527
vt 0.492592 0.384677
vt 0.294567 0.383033
vt 0.345853 0.345180
vt 0.958653 0.667963
vt 0.978679 0.700785
vt 0.944036 0.694221
vt 0.349308 0.625960
vt 0.354552 0.328522
vt 0.390370 0.679660
vt 0.967678 0.843277
vt 0.965365 0.880812
vt 0.941863 0.885142
vt 0.499777 0.421059
vt 0.954710 0.735904
vt 0.921806 0.839649
vt 0.938606 0.843995
vt 0.970318 0.798953
vt 0.936969 0.777824
vt 0.965600 0.752488
vt 0.353679 0.591525
vt 0.919057 0.686336
vt 0.343733 0.565824
vt 0.229538 0.732915
vt 0.238713 0.709213
vt 0.475442 0.594942
vt 0.447893 0.620526
vt 0.472278 0.630845
vt 0.557248 0.339339
vt 0.572701 0.297016
vt 0.551066 0.297414
vt 0.970318 0.914789
vt 0.913826 0.909672
vt 0.914497 0.884355
vt 0.946717 0.912538
vt 0.507344 0.625422
vt 0.323088 0.577999
vt 0.302973 0.601173
vt 0.329047 0.610367
vt 0.949361 0.815890
vt 0.928862 0.807406
vt 0.531872 0.290035
vt 0.562181 0.259003
vt 0.204829 0.396766
vt 0.202553 0.426781
vt 0.244283 0.411501
vt 0.901044 0.811678
vt 0.214243 0.443252
vt 0.889376 0.847346
vt 0.892202 0.892861
vt 0.530599 0.660839
vt 0.503327 0.674522
vt 0.518577 0.702404
vt 0.540725 0.696037
vt 0.270011 0.438338
vt 0.252130 0.462648
vt 0.411892 0.532517
vt 0.779140 0.097430
vt 0.792753 0.065631
vt 0.194696 0.479551
vt 0.656609 0.934545
vt 0.631627 0.943036
vt 0.650598 0.969161
vt 0.491066 0.646965
vt 0.170455 0.483440
vt 0.680184 0.939600
vt 0.579347 0.273523
vt 0.641668 0.838333
vt 0.613027 0.834577
vt 0.605373 0.854745
vt 0.382195 0.526773
vt 0.885033 0.917175
vt 0.945047 0.945688
vt 0.917139 0.938290
vt 0.590070 0.297575
vt 0.604260 0.262678
vt 0.137456 0.491140
vt 0.570984 0.712790
vt 0.551910 0.728196
vt 0.594295 0.758292
vt 0.893809 0.935961
vt 0.012960 0.711201
vt 0.039278 0.705872
vt 0.021835 0.684749
vt 0.109131 0.675667
vt 0.104912 0.644693
vt 0.918950 0.637878
vt 0.906681 0.578880
vt 0.898420 0.553637
vt 0.924817 0.564729
vt 0.277869 0.109669
vt 0.258363 0.164158
vt 0.285051 0.162486
vt 0.300581 0.126531
vt 0.084142 0.681480
vt 0.038827 0.677714
vt 0.473672 0.893732
vt 0.471061 0.937396
vt 0.447798 0.933811
vt 0.440520 0.886751
vt 0.138945 0.472979
vt 0.079676 0.659031
vt 0.230779 0.210002
vt 0.204738 0.184719
vt 0.280962 0.502144
vt 0.242565 0.489221
vt 0.167127 0.291518
vt 0.251013 0.260862
vt 0.182480 0.270328
vt 0.492057 0.934382
vt 0.220426 0.153013
vt 0.860243 0.139969
vt 0.844900 0.153166
vt 0.899016 0.167081
vt 0.358277 0.027105
vt 0.265524 0.021366
vt 0.269312 0.045434
vt 0.245975 0.135435
vt 0.099446 0.232200
vt 0.622732 0.785035
vt 0.616075 0.771764
vt 0.556041 0.806185
vt 0.712008 0.352696
vt 0.687605 0.308881
vt 0.673045 0.321422
vt 0.729757 0.345131
vt 0.461971 0.860081
vt 0.697574 0.874167
vt 0.762257 0.854215
vt 0.701971 0.848622
vt 0.766210 0.873709
vt 0.305078 0.482882
vt 0.529188 0.798829
vt 0.608450 0.753790
vt 0.762548 0.836220
vt 0.434729 0.849249
vt 0.901456 0.382273
vt 0.863319 0.365630
vt 0.887161 0.343782
vt 0.279063 0.197976
vt 0.312047 0.173437
vt 0.041353 0.727028
vt 0.082566 0.730175
vt 0.088015 0.702508
vt 0.200963 0.500818
vt 0.279885 0.708163
vt 0.303175 0.701946
vt 0.286960 0.659139
vt 0.117620 0.708699
vt 0.217802 0.239221
vt 0.260690 0.235229
vt 0.148443 0.225815
vt 0.143615 0.924400
vt 0.177715 0.948176
vt 0.174352 0.923350
vt 0.748163 0.396707
vt 0.750320 0.376753
vt 0.784106 0.344693
vt 0.794463 0.331602
vt 0.757100 0.287491
vt 0.767238 0.367424
vt 0.339524 0.044321
vt 0.830686 0.345549
vt 0.859905 0.331921
vt 0.356558 0.166816
vt 0.436217 0.203350
vt 0.377163 0.151475
vt 0.892012 0.309059
vt 0.315367 0.527220
vt 0.295978 0.529041
vt 0.300550 0.573179
vt 0.135310 0.947870
vt 0.897575 0.666024
vt 0.367136 0.116003
vt 0.416026 0.155187
vt 0.421626 0.130846
vt 0.927492 0.096426
vt 0.889200 0.119493
vt 0.895768 0.140077
vt 0.930827 0.124062
vt 0.832165 0.373994
vt 0.353605 0.133543
vt 0.339696 0.534151
vt 0.717208 0.296308
vt 0.153318 0.526481
vt 0.833277 0.838836
vt 0.960340 0.103362
vt 0.911709 0.078854
vt 0.170570 0.544297
vt 0.952194 0.153064
vt 0.252872 0.599193
vt 0.259615 0.631602
vt 0.451365 0.184804
vt 0.803483 0.365907
vt 0.820583 0.873483
vt 0.823091 0.857680
vt 0.778086 0.360911
vt 0.948370 0.068470
vt 0.791807 0.398269
vt 0.774057 0.389276
vt 0.774028 0.407546
vt 0.941017 0.392620
vt 0.960820 0.372699
vt 0.974498 0.392620
vt 0.233383 0.932432
vt 0.880853 0.881016
vt 0.852473 0.869614
vt 0.853884 0.890900
vt 0.866194 0.850720
vt 0.365016 0.506424
vt 0.860769 0.454784
vt 0.791517 0.382011
vt 0.650515 0.487148
vt 0.664758 0.462285
vt 0.634320 0.464291
vt 0.884569 0.100081
vt 0.936873 0.366915
vt 0.512320 0.224562
vt 0.553728 0.217155
vt 0.546785 0.194873
vt 0.592262 0.198395
vt 0.364862 0.758292
vt 0.347060 0.737793
vt 0.316531 0.755342
vt 0.691156 0.449372
vt 0.687630 0.475757
vt 0.811455 0.391721
vt 0.673036 0.424182
vt 0.654239 0.441398
vt 0.447458 0.308741
vt 0.496380 0.328399
vt 0.481714 0.290961
vt 0.878704 0.477652
vt 0.256194 0.767028
vt 0.285192 0.741708
vt 0.223170 0.749785
vt 0.539022 0.751618
vt 0.446909 0.703283
vt 0.407769 0.716728
vt 0.975851 0.335502
vt 0.974445 0.298002
vt 0.994206 0.313907
vt 0.293569 0.738911
vt 0.448881 0.724678
vt 0.565898 0.604727
vt 0.582000 0.642206
vt 0.602569 0.620782
vt 0.992234 0.220721
vt 0.523946 0.343294
vt 0.840824 0.437396
vt 0.428751 0.107198
vt 0.402713 0.109384
vt 0.970878 0.219434
vt 0.339567 0.720640
vt 0.317326 0.725584
vt 0.466208 0.122242
vt 0.582738 0.567616
vt 0.550457 0.629950
vt 0.514546 0.277635
vt 0.623409 0.596062
vt 0.482028 0.128485
vt 0.392341 0.698594
vt 0.036199 0.513682
vt 0.037513 0.472545
vt 0.065063 0.473394
vt 0.451047 0.102435
vt 0.803199 0.017417
vt 0.778288 0.027514
vt 0.642559 0.619818
vt 0.635870 0.670498
vt 0.642559 0.722637
vt 0.769381 0.765054
vt 0.861456 0.824853
vt 0.846578 0.779901
vt 0.483725 0.165757
vt 0.504643 0.136805
vt 0.649224 0.194453
vt 0.678894 0.210874
vt 0.683915 0.192576
vt 0.847408 0.973880
vt 0.865216 0.950663
vt 0.898411 0.973881
vt 0.818144 0.420662
vt 0.781933 0.435619
vt 0.812640 0.449400
vt 0.454473 0.360108
vt 0.487723 0.361080
vt 0.447693 0.331751
vt 0.762922 0.738163
vt 0.813160 0.746105
vt 0.822637 0.721027
vt 0.369520 0.410698
vt 0.378358 0.379423
vt 0.341056 0.381126
vt 0.162140 0.789032
vt 0.216450 0.775072
vt 0.758767 0.457339
vt 0.733729 0.432535
vt 0.742829 0.695274
vt 0.683334 0.733531
vt 0.741122 0.723301
vt 0.694240 0.923300
vt 0.629183 0.896591
vt 0.618786 0.916750
vt 0.643005 0.169569
vt 0.621719 0.188595
vt 0.673108 0.231355
vt 0.776501 0.708778
vt 0.413244 0.406465
vt 0.728791 0.910294
vt 0.705165 0.892685
vt 0.327508 0.417645
vt 0.347198 0.441542
vt 0.683027 0.751739
vt 0.298077 0.404390
vt 0.192974 0.211401
vt 0.769373 0.892188
vt 0.609781 0.441310
vt 0.597035 0.459403
vt 0.125000 0.031670
vt 0.135833 0.050995
vt 0.192799 0.045440
vt 0.640851 0.867881
vt 0.724018 0.543000
vt 0.658636 0.562556
vt 0.601438 0.484666
vt 0.380392 0.439775
vt 0.410085 0.431030
vt 0.689180 0.773128
vt 0.627851 0.801230
vt 0.674544 0.802806
vt 0.567037 0.467483
vt 0.152512 0.195430
vt 0.155129 0.218776
vt 0.173361 0.801797
vt 0.224277 0.797397
vt 0.539991 0.246033
vt 0.561455 0.885870
vt 0.595601 0.923300
vt 0.333707 0.154471
vt 0.186980 0.824654
vt 0.723236 0.461712
vt 0.304764 0.758308
vt 0.742866 0.487148
vt 0.517197 0.241566
vt 0.411397 0.875931
vt 0.574675 0.174587
vt 0.227813 0.820658
vt 0.602709 0.219849
vt 0.015040 0.738391
vt 0.317693 0.263050
vt 0.360089 0.230534
vt 0.324334 0.221465
vt 0.287394 0.596301
vt 0.285620 0.784529
vt 0.871875 0.261609
vt 0.902101 0.265961
vt 0.229344 0.304443
vt 0.747580 0.777727
vt 0.250914 0.799457
vt 0.321736 0.617963
vt 0.190633 0.330934
vt 0.248147 0.341732
vt 0.889214 0.824262
vt 0.868411 0.770681
vt 0.252711 0.661740
vt 0.235769 0.625887
vt 0.236619 0.647636
vt 0.268167 0.675599
vt 0.133361 0.773217
vt 0.174331 0.773217
vt 0.151979 0.753317
vt 0.255755 0.681335
vt 0.284047 0.206391
vt 0.272719 0.275453
vt 0.879703 0.391829
vt 0.995401 0.365257
vt 0.298124 0.294827
vt 0.618766 0.421170
vt 0.367432 0.287088
vt 0.368586 0.263685
vt 0.711681 0.682197
vt 0.688224 0.659831
vt 0.664320 0.693615
vt 0.160807 0.834161
vt 0.646739 0.674580
vt 0.513039 0.378616
vt 0.365797 0.313527
vt 0.662446 0.641370
vt 0.544566 0.374507
vt 0.297458 0.868589
vt 0.330668 0.871891
vt 0.313294 0.843650
vt 0.276051 0.808608
vt 0.324144 0.819769
vt 0.191353 0.146142
vt 0.189191 0.172449
vt 0.207739 0.129283
vt 0.224166 0.117388
vt 0.933292 0.289901
vt 0.923073 0.318253
vt 0.903428 0.282025
vt 0.339892 0.190612
vt 0.951854 0.321995
vt 0.952541 0.276609
vt 0.261632 0.832122
vt 0.927960 0.253130
vt 0.258869 0.084945
vt 0.187337 0.852145
vt 0.321201 0.797361
vt 0.586176 0.007266
vt 0.588437 0.029225
vt 0.623423 0.028533
vt 0.197351 0.121372
vt 0.539190 0.459546
vt 0.569083 0.442256
vt 0.568332 0.410072
vt 0.046958 0.434304
vt 0.544949 0.468556
vt 0.867736 0.118836
vt 0.494551 0.719026
vt 0.699965 0.298725
vt 0.884674 0.877695
vt 0.475718 0.420212
vt 0.476409 0.441392
vt 0.869897 0.114730
vt 0.422153 0.358803
vt 0.713468 0.264065
vt 0.239686 0.827577
vt 0.947308 0.209114
vt 0.441518 0.284855
vt 0.928369 0.190836
vt 0.098002 0.558322
vt 0.599916 0.730742
vt 0.358280 0.822054
vt 0.364271 0.792119
vt 0.400379 0.232919
vt 0.048143 0.556147
vt 0.036924 0.587387
vt 0.068188 0.563112
vt 0.658150 0.277324
vt 0.822127 0.148159
vt 0.818299 0.177790
vt 0.849497 0.175726
vt 0.066653 0.587851
vt 0.083706 0.598921
vt 0.915839 0.013276
vt 0.944439 0.034942
vt 0.956104 0.006435
vt 0.064098 0.316829
vt 0.091555 0.289774
vt 0.091209 0.314141
vt 0.113599 0.571505
vt 0.772359 0.053471
vt 0.063058 0.290714
vt 0.030703 0.300067
vt 0.050256 0.341888
vt 0.293993 0.080164
vt 0.584794 0.872947
vt 0.937975 0.061705
vt 0.091555 0.374293
vt 0.062977 0.373039
vt 0.663149 0.248940
vt 0.351857 0.849220
vt 0.033056 0.377235
vt 0.025476 0.334505
vt 0.636361 0.285466
vt 0.519597 0.067287
vt 0.320023 0.081991
vt 0.310457 0.099007
vt 0.520822 0.096460
vt 0.334602 0.062620
vt 0.494094 0.060518
vt 0.399247 0.798218
vt 0.716275 0.240961
vt 0.196164 0.028148
vt 0.264844 0.366379
vt 0.189727 0.008706
vt 0.068296 0.417387
vt 0.503484 0.441542
vt 0.423113 0.390612
vt 0.959411 0.189469
vt 0.888004 0.006219
vt 0.715887 0.604638
vt 0.682916 0.609390
vt 0.692083 0.632485
vt 0.754599 0.081953
vt 0.995401 0.195187
vt 0.728234 0.629537
vt 0.416515 0.371891
vt 0.446451 0.682004
vt 0.724496 0.654567
vt 0.601313 0.240737
vt 0.432682 0.667557
vt 0.850148 0.252436
vt 0.837813 0.313661
vt 0.033107 0.274046
vt 0.960434 0.127977
vt 0.654971 0.617062
vt 0.633395 0.254437
vt 0.611465 0.279608
vt 0.442208 0.259259
vt 0.530518 0.439938
vt 0.465177 0.257822
vt 0.544972 0.829078
vt 0.830813 0.915341
vt 0.552259 0.859321
vt 0.548762 0.846518
vt 0.008779 0.353329
vt 0.810871 0.898105
vt 0.496277 0.262256
vt 0.480642 0.243246
vt 0.850385 0.391034
vt 0.743755 0.124972
vt 0.797239 0.186684
vt 0.735233 0.141811
vt 0.795304 0.203442
vt 0.746973 0.173072
vt 0.840461 0.410577
vt 0.325359 0.465146
vt 0.954798 0.361279
vt 0.929906 0.347021
vt 0.999582 0.167081
vt 0.985131 0.143264
vt 0.254514 0.407546
vt 0.233451 0.908299
vt 0.238388 0.883900
vt 0.173449 0.896977
vt 0.987682 0.116545
vt 0.987796 0.068408
vt 0.646293 0.219462
vt 0.158887 0.871485
vt 0.626229 0.090499
vt 0.686505 0.154164
vt 0.722513 0.172033
vt 0.618756 0.108940
vt 0.311401 0.048932
vt 0.275371 0.058889
vt 0.299253 0.891344
vt 0.297195 0.874138
vt 0.240141 0.862769
vt 0.710649 0.058783
vt 0.757548 0.110240
vt 0.773497 0.106060
vt 0.012960 0.857959
vt 0.035535 0.886816
vt 0.035535 0.847015
vt 0.088911 0.516355
vt 0.862962 0.576604
vt 0.301131 0.913335
vt 0.769312 0.239221
vt 0.778144 0.217467
vt 0.819576 0.207900
vt 0.359573 0.873693
vt 0.720658 0.200643
vt 0.357657 0.897638
vt 0.387774 0.893729
vt 0.129312 0.585634
vt 0.298692 0.939492
vt 0.728411 0.406716
vt 0.063603 0.619332
vt 0.573008 0.097097
vt 0.136160 0.900564
vt 0.087714 0.427914
vt 0.087974 0.478427
vt 0.094272 0.616107
vt 0.119409 0.884497
vt 0.296184 0.426276
vt 0.540028 0.110519
vt 0.045493 0.601207
vt 0.562411 0.069795
vt 0.836285 0.197318
vt 0.164639 0.621228
vt 0.207988 0.600894
vt 0.143442 0.597386
vt 0.833606 0.226052
vt 0.095736 0.905056
vt 0.351692 0.948175
vt 0.340061 0.924656
vt 0.516654 0.821325
vt 0.899358 0.222921
vt 0.049895 0.401969
vt 0.027161 0.419524
vt 0.859958 0.213636
vt 0.875175 0.227869
vt 0.033863 0.623817
vt 0.808548 0.236754
vt 0.921823 0.206882
vt 0.054373 0.635582
vt 0.868311 0.182297
vt 0.381487 0.050995
vt 0.410953 0.034973
vt 0.383299 0.019704
vt 0.523721 0.849120
vt 0.078108 0.505926
vt 0.378346 0.924532
vt 0.011026 0.403832
vt 0.397409 0.867061
vt 0.406964 0.903389
vt 0.072987 0.790630
vt 0.066302 0.755804
vt 0.044732 0.767436
vt 0.094063 0.758839
vt 0.479182 0.202936
vt 0.450773 0.228082
vt 0.415134 0.924371
vt 0.558789 0.948748
vt 0.565940 0.920813
vt 0.535311 0.921896
vt 0.608341 0.929977
vt 0.598696 0.950907
vt 0.083478 0.642206
vt 0.506455 0.184404
vt 0.124039 0.936258
vt 0.115458 0.917396
vt 0.560245 0.977397
vt 0.528547 0.975369
vt 0.523990 0.999585
vt 0.494565 0.841585
vt 0.094064 0.786752
vt 0.493098 0.223689
vt 0.525048 0.147658
vt 0.520740 0.197762
vt 0.648849 0.999585
vt 0.628411 0.971009
vt 0.612424 0.994388
vt 0.562904 0.998086
vt 0.924121 0.728891
vt 0.503124 0.864835
vt 0.526592 0.877695
vt 0.509817 0.967135
vt 0.531136 0.953441
vt 0.498746 0.942301
vt 0.128822 0.461018
vt 0.173769 0.426572
vt 0.599100 0.971706
vt 0.176299 0.662924
vt 0.181243 0.644533
vt 0.143651 0.631905
vt 0.723312 0.049774
vt 0.292443 0.406409
vt 0.417809 0.936132
vt 0.700042 0.079571
vt 0.656735 0.034208
vt 0.674643 0.012852
vt 0.575556 0.047873
vt 0.628698 0.072347
vt 0.635112 0.053532
vt 0.012328 0.471099
vt 0.676070 0.110612
vt 0.685989 0.098576
vt 0.630870 0.000415
vt 0.540688 0.035428
vt 0.797452 0.651210
vt 0.834421 0.574319
vt 0.885390 0.570235
vt 0.106747 0.271756
vt 0.826346 0.615728
vt 0.783069 0.628886
vt 0.792372 0.676900
vt 0.843410 0.656345
vt 0.844289 0.629924
vt 0.806113 0.599843
vt 0.777862 0.611395
vt 0.860411 0.222610
vt 0.109215 0.819556
vt 0.097075 0.787351
vt 0.075040 0.804831
vt 0.473250 0.825952
vt 0.456983 0.785435
vt 0.492057 0.793224
vt 0.103551 0.122821
vt 0.089430 0.149353
vt 0.132776 0.150279
vt 0.085282 0.827681
vt 0.274666 0.721566
vt 0.269386 0.738391
vt 0.857309 0.676553
vt 0.765948 0.501974
vt 0.726130 0.501788
vt 0.805602 0.518380
vt 0.890886 0.660455
vt 0.889717 0.634529
vt 0.137223 0.842623
vt 0.141602 0.813388
vt 0.061653 0.203155
vt 0.024666 0.233407
vt 0.867655 0.630644
vt 0.883724 0.693615
vt 0.130392 0.790566
vt 0.039180 0.152085
vt 0.062705 0.126889
vt 0.039274 0.108520
vt 0.101495 0.852888
vt 0.118399 0.871891
vt 0.468108 0.748044
vt 0.442289 0.744196
vt 0.131317 0.656026
vt 0.808580 0.567604
vt 0.154106 0.867975
vt 0.452459 0.829596
vt 0.408445 0.832129
vt 0.428815 0.791912
vt 0.087810 0.178610
vt 0.119295 0.222811
vt 0.107806 0.199893
vt 0.144261 0.120447
vt 0.491210 0.858418
vt 0.070354 0.165217
vt 0.101589 0.626174
vt 0.000418 0.147882
vt 0.125036 0.606649
vt 0.021688 0.196733
vt 0.053930 0.866462
s 1
usemtl Material.020
f 3827/3827/3811 3828/3828/3812 3829/3829/3813
f 3830/3830/3814 3831/3831/3815 3832/3832/3816
f 3833/3833/3817 3829/3829/3813 3828/3828/3812
f 3830/3830/3814 3834/3834/3818 3835/3835/3819
f 3836/3836/3820 3837/3837/3821 3838/3838/3822
f 3835/3835/3819 3831/3831/3815 3830/3830/3814
f 3839/3839/3823 3840/3840/3824 3834/3834/3818
f 3840/3840/3824 3835/3835/3819 3834/3834/3818
f 3841/3841/3825 3842/3842/3826 3837/3837/3821
f 3843/3843/3827 3844/3844/3828 3845/3845/3829
f 3837/3837/3821 3842/3842/3826 3838/3838/3822
f 3843/3843/3827 3846/3846/3830 3840/3840/3824
f 3840/3840/3824 3847/3847/3831 3835/3835/3819
f 3840/3840/3824 3846/3846/3830 3847/3847/3831
f 3844/3844/3828 3843/3843/3827 3848/3848/3832
f 3849/3849/3833 3850/3850/3834 3851/3851/3835
f 3834/3834/3818 3852/3852/3836 3839/3839/3823
f 3851/3851/3835 3853/3853/3837 3854/3854/3838
f 3855/3855/3839 3850/3850/3834 3849/3849/3833
f 3854/3854/3838 3856/3856/3840 3857/3857/3841
f 3834/3834/3818 3830/3830/3814 3858/3858/3842
f 3843/3843/3827 3840/3840/3824 3839/3839/3823
f 3859/3859/3843 3849/3849/3833 3857/3857/3841
f 3854/3854/3838 3857/3857/3841 3849/3849/3833
f 3835/3835/3819 3860/3860/3844 3861/3861/3845
f 3862/3862/3846 3863/3863/3847 3864/3864/3848
f 3839/3839/3823 3848/3848/3832 3843/3843/3827
f 3849/3849/3833 3851/3851/3835 3854/3854/3838
f 3859/3859/3843 3855/3855/3839 3849/3849/3833
f 3865/3865/3849 3863/3863/3847 3862/3862/3846
f 3860/3860/3844 3835/3835/3819 3847/3847/3831
f 3827/3827/3811 3829/3829/3813 3866/3866/3850
f 3848/3848/3832 3839/3839/3823 3867/3867/3851
f 3863/3863/3847 3865/3865/3849 3868/3868/3852
f 3848/3848/3832 3867/3867/3851 3869/3869/3853
f 3870/3870/3854 3863/3863/3847 3868/3868/3852
f 3871/3871/3855 3872/3872/3856 3873/3873/3857
f 3874/3874/3858 3875/3875/3859 3876/3876/3860
f 3868/3868/3852 3877/3877/3861 3870/3870/3854
f 3878/3878/3862 3879/3879/3863 3880/3880/3864
f 3881/3881/3865 3882/3882/3866 3871/3871/3855
f 3883/3883/3867 3884/3884/3868 3885/3885/3869
f 3876/3876/3860 3886/3886/3870 3887/3887/3871
f 3868/3868/3852 3888/3888/3872 3877/3877/3861
f 3876/3876/3860 3887/3887/3871 3874/3874/3858
f 3889/3889/3873 3890/3890/3874 3888/3888/3872
f 3891/3891/3875 3869/3869/3853 3867/3867/3851
f 3887/3887/3871 3892/3892/3876 3874/3874/3858
f 3871/3871/3855 3893/3893/3877 3872/3872/3856
f 3894/3894/3878 3895/3895/3879 3896/3896/3880
f 3884/3884/3868 3883/3883/3867 3897/3897/3881
f 3890/3890/3874 3889/3889/3873 3898/3898/3882
f 3899/3899/3883 3900/3900/3884 3896/3896/3880
f 3901/3901/3885 3902/3902/3886 3903/3903/3887
f 3894/3894/3878 3896/3896/3880 3900/3900/3884
f 3888/3888/3872 3868/3868/3852 3865/3865/3849
f 3852/3852/3836 3904/3904/3888 3867/3867/3851
f 3890/3890/3874 3905/3905/3889 3877/3877/3861
f 3852/3852/3836 3906/3906/3890 3904/3904/3888
f 3907/3907/3891 3908/3908/3892 3842/3842/3826
f 3909/3909/3893 3910/3910/3894 3911/3911/3895
f 3890/3890/3874 3877/3877/3861 3888/3888/3872
f 3912/3912/3896 3913/3913/3897 3914/3914/3898
f 3908/3908/3892 3838/3838/3822 3842/3842/3826
f 3896/3896/3880 3895/3895/3879 3915/3915/3899
f 3896/3896/3880 3916/3916/3900 3917/3917/3901
f 3916/3916/3900 3896/3896/3880 3918/3918/3902
f 3909/3909/3893 3911/3911/3895 3919/3919/3903
f 3920/3920/3904 3921/3921/3905 3922/3922/3906
f 3923/3923/3907 3924/3924/3908 3902/3902/3886
f 3894/3894/3878 3923/3923/3907 3901/3901/3885
f 3842/3842/3826 3841/3841/3825 3907/3907/3891
f 3925/3925/3909 3914/3914/3898 3926/3926/3910
f 3915/3915/3899 3918/3918/3902 3896/3896/3880
f 3926/3926/3910 3914/3914/3898 3913/3913/3897
f 3900/3900/3884 3923/3923/3907 3894/3894/3878
f 3865/3865/3849 3889/3889/3873 3888/3888/3872
f 3927/3927/3911 3928/3928/3912 3929/3929/3913
f 3902/3902/3886 3924/3924/3908 3930/3930/3914
f 3929/3929/3913 3928/3928/3912 3931/3931/3915
f 3932/3932/3916 3930/3930/3914 3899/3899/3883
f 3923/3923/3907 3900/3900/3884 3899/3899/3883
f 3899/3899/3883 3924/3924/3908 3923/3923/3907
f 3923/3923/3907 3902/3902/3886 3901/3901/3885
f 3932/3932/3916 3899/3899/3883 3917/3917/3901
f 3891/3891/3875 3867/3867/3851 3904/3904/3888
f 3917/3917/3901 3933/3933/3917 3932/3932/3916
f 3934/3934/3918 3935/3935/3919 3936/3936/3920
f 3936/3936/3920 3937/3937/3921 3934/3934/3918
f 3931/3931/3915 3938/3938/3922 3929/3929/3913
f 3939/3939/3923 3938/3938/3922 3931/3931/3915
f 3834/3834/3818 3858/3858/3842 3940/3940/3924
f 3834/3834/3818 3940/3940/3924 3852/3852/3836
f 3922/3922/3906 3904/3904/3888 3920/3920/3904
f 3850/3850/3834 3941/3941/3925 3851/3851/3835
f 3850/3850/3834 3942/3942/3926 3941/3941/3925
f 3931/3931/3915 3943/3943/3927 3939/3939/3923
f 3944/3944/3928 3945/3945/3929 3946/3946/3930
f 3904/3904/3888 3922/3922/3906 3891/3891/3875
f 3896/3896/3880 3917/3917/3901 3899/3899/3883
f 3919/3919/3903 3947/3947/3931 3934/3934/3918
f 3931/3931/3915 3948/3948/3932 3943/3943/3927
f 3947/3947/3931 3919/3919/3903 3911/3911/3895
f 3946/3946/3930 3949/3949/3933 3944/3944/3928
f 3913/3913/3897 3950/3950/3934 3926/3926/3910
f 3899/3899/3883 3930/3930/3914 3924/3924/3908
f 3850/3850/3834 3855/3855/3839 3942/3942/3926
f 3951/3951/3935 3952/3952/3936 3953/3953/3937
f 3852/3852/3836 3940/3940/3924 3954/3954/3938
f 3955/3955/3939 3933/3933/3917 3916/3916/3900
f 3918/3918/3902 3956/3956/3940 3957/3957/3941
f 3958/3958/3942 3959/3959/3943 3950/3950/3934
f 3933/3933/3917 3917/3917/3901 3916/3916/3900
f 3960/3960/3944 3948/3948/3932 3931/3931/3915
f 3961/3961/3945 3962/3962/3946 3963/3963/3947
f 3957/3957/3941 3964/3964/3948 3916/3916/3900
f 3864/3864/3848 3863/3863/3847 3870/3870/3854
f 3965/3965/3949 3966/3966/3950 3967/3967/3951
f 3968/3968/3952 3836/3836/3820 3969/3969/3953
f 3867/3867/3851 3839/3839/3823 3852/3852/3836
f 3870/3870/3854 3970/3970/3954 3971/3971/3955
f 3971/3971/3955 3972/3972/3956 3973/3973/3957
f 3918/3918/3902 3957/3957/3941 3916/3916/3900
f 3974/3974/3958 3975/3975/3959 3976/3976/3960
f 3974/3974/3958 3976/3976/3960 3977/3977/3961
f 3864/3864/3848 3870/3870/3854 3973/3973/3957
f 3870/3870/3854 3877/3877/3861 3970/3970/3954
f 3978/3978/3962 3979/3979/3963 3966/3966/3950
f 3980/3980/3964 3981/3981/3965 3982/3982/3966
f 3980/3980/3964 3982/3982/3966 3983/3983/3967
f 3928/3928/3912 3984/3984/3968 3960/3960/3944
f 3985/3985/3969 3978/3978/3962 3968/3968/3952
f 3960/3960/3944 3931/3931/3915 3928/3928/3912
f 3986/3986/3970 3975/3975/3959 3987/3987/3971
f 3971/3971/3955 3973/3973/3957 3870/3870/3854
f 3968/3968/3952 3969/3969/3953 3985/3985/3969
f 3988/3988/3972 3939/3939/3923 3989/3989/3973
f 3990/3990/3974 3991/3991/3975 3992/3992/3976
f 3980/3980/3964 3993/3993/3977 3981/3981/3965
f 3986/3986/3970 3976/3976/3960 3975/3975/3959
f 3994/3994/3978 3987/3987/3971 3975/3975/3959
f 3989/3989/3973 3939/3939/3923 3943/3943/3927
f 3995/3995/3979 3996/3996/3980 3997/3997/3981
f 3998/3998/3982 3999/3999/3983 4000/4000/3984
f 4001/4001/3985 3975/3975/3959 3974/3974/3958
f 4002/4002/3986 3990/3990/3974 3992/3992/3976
f 3975/3975/3959 4001/4001/3985 3994/3994/3978
f 4003/4003/3987 4004/4004/3988 4005/4005/3989
f 4006/4006/3990 4007/4007/3991 4008/4008/3992
f 4006/4006/3990 4009/4009/3993 4007/4007/3991
f 3983/3983/3967 4010/4010/3994 3980/3980/3964
f 4011/4011/3995 4012/4012/3996 4013/4013/3997
f 4011/4011/3995 4014/4014/3998 4012/4012/3996
f 3988/3988/3972 4015/4015/3999 3939/3939/3923
f 4004/4004/3988 4016/4016/4000 4005/4005/3989
f 4016/4016/4000 4004/4004/3988 4017/4017/4001
f 4013/4013/3997 4012/4012/3996 4018/4018/4002
f 4010/4010/3994 3983/3983/3967 4019/4019/4003
f 3939/3939/3923 4015/4015/3999 3938/3938/3922
f 4020/4020/4004 4021/4021/4005 4022/4022/4006
f 3986/3986/3970 4023/4023/4007 3976/3976/3960
f 4024/4024/4008 3976/3976/3960 4023/4023/4007
f 4025/4025/4009 4026/4026/4010 4027/4027/4011
f 3989/3989/3973 3943/3943/3927 4028/4028/4012
f 3966/3966/3950 4027/4027/4011 3978/3978/3962
f 4027/4027/4011 3966/3966/3950 4025/4025/4009
f 4029/4029/4013 4030/4030/4014 4031/4031/4015
f 3841/3841/3825 3837/3837/3821 4032/4032/4016
f 3986/3986/3970 4033/4033/4017 4034/4034/4018
f 3992/3992/3976 4035/4035/4019 4002/4002/3986
f 4036/4036/4020 4037/4037/4021 4038/4038/4022
f 4006/4006/3990 4039/4039/4023 4040/4040/4024
f 4041/4041/4025 4042/4042/4026 4043/4043/4027
f 4009/4009/3993 4040/4040/4024 4044/4044/4028
f 4000/4000/3984 4045/4045/4029 3998/3998/3982
f 4046/4046/4030 4047/4047/4031 4021/4021/4005
f 4048/4048/4032 4049/4049/4033 4050/4050/4034
f 4022/4022/4006 4021/4021/4005 4047/4047/4031
f 4051/4051/4035 4022/4022/4006 4047/4047/4031
f 4052/4052/4036 4053/4053/4037 4054/4054/4038
f 4037/4037/4021 4036/4036/4020 4055/4055/4039
f 3971/3971/3955 3970/3970/3954 4056/4056/4040
f 4057/4057/4041 4058/4058/4042 4059/4059/4043
f 4060/4060/4044 4061/4061/4045 4062/4062/4046
f 4060/4060/4044 4062/4062/4046 4063/4063/4047
f 4006/4006/3990 4040/4040/4024 4009/4009/3993
f 4026/4026/4010 4032/4032/4016 4027/4027/4011
f 4021/4021/4005 4064/4064/4048 4046/4046/4030
f 4058/4058/4042 4057/4057/4041 4065/4065/4049
f 4066/4066/4050 3906/3906/3890 3852/3852/3836
f 4065/4065/4049 4050/4050/4034 4058/4058/4042
f 4052/4052/4036 4054/4054/4038 3920/3920/3904
f 4034/4034/4018 4023/4023/4007 3986/3986/3970
f 4044/4044/4028 4067/4067/4051 4009/4009/3993
f 4068/4068/4052 4028/4028/4012 3943/3943/3927
f 4069/4069/4053 4018/4018/4002 4012/4012/3996
f 4063/4063/4047 4070/4070/4054 4060/4060/4044
f 4032/4032/4016 3837/3837/3821 3968/3968/3952
f 4071/4071/4055 4061/4061/4045 4060/4060/4044
f 4068/4068/4052 4072/4072/4056 4028/4028/4012
f 4073/4073/4057 4062/4062/4046 3997/3997/3981
f 3881/3881/3865 4074/4074/4058 4075/4075/4059
f 3881/3881/3865 4075/4075/4059 4031/4031/4015
f 4073/4073/4057 4063/4063/4047 4062/4062/4046
f 4050/4050/4034 4049/4049/4033 4076/4076/4060
f 4052/4052/4036 3920/3920/3904 3906/3906/3890
f 3968/3968/3952 3978/3978/3962 4027/4027/4011
f 4042/4042/4026 4041/4041/4025 4077/4077/4061
f 4012/4012/3996 4078/4078/4062 4079/4079/4063
f 3920/3920/3904 4054/4054/4038 3921/3921/3905
f 4012/4012/3996 4079/4079/4063 4069/4069/4053
f 4077/4077/4061 4041/4041/4025 4080/4080/4064
f 4071/4071/4055 4060/4060/4044 4081/4081/4065
f 4082/4082/4066 4083/4083/4067 4084/4084/4068
f 4085/4085/4069 4086/4086/4070 4087/4087/4071
f 4088/4088/4072 4038/4038/4022 4037/4037/4021
f 4089/4089/4073 4090/4090/4074 4091/4091/4075
f 4089/4089/4073 4092/4092/4076 4090/4090/4074
f 3920/3920/3904 3904/3904/3888 3906/3906/3890
f 4066/4066/4050 3954/3954/3938 4093/4093/4077
f 3829/3829/3813 3833/3833/3817 4094/4094/4078
f 4012/4012/3996 4014/4014/3998 4078/4078/4062
f 4052/4052/4036 3906/3906/3890 4066/4066/4050
f 4083/4083/4067 4082/4082/4066 4095/4095/4079
f 4090/4090/4074 4079/4079/4063 4078/4078/4062
f 4076/4076/4060 4058/4058/4042 4050/4050/4034
f 4096/4096/4080 4097/4097/4081 4098/4098/4082
f 4071/4071/4055 4099/4099/4083 4061/4061/4045
f 4083/4083/4067 4039/4039/4023 4084/4084/4068
f 4039/4039/4023 4083/4083/4067 4040/4040/4024
f 4085/4085/4069 4100/4100/4084 4086/4086/4070
f 4090/4090/4074 4069/4069/4053 4079/4079/4063
f 4077/4077/4061 4080/4080/4064 4095/4095/4079
f 4101/4101/4085 4102/4102/4086 4103/4103/4087
f 4095/4095/4079 4080/4080/4064 4044/4044/4028
f 4103/4103/4087 4102/4102/4086 4104/4104/4088
f 4090/4090/4074 4092/4092/4076 4069/4069/4053
f 4105/4105/4089 4106/4106/4090 4107/4107/4091
f 4108/4108/4092 4097/4097/4081 4109/4109/4093
f 4082/4082/4066 4110/4110/4094 4095/4095/4079
f 4108/4108/4092 4111/4111/4095 4112/4112/4096
f 4113/4113/4097 4114/4114/4098 4115/4115/4099
f 4095/4095/4079 4044/4044/4028 4083/4083/4067
f 4098/4098/4082 4097/4097/4081 4112/4112/4096
f 4068/4068/4052 3943/3943/3927 3948/3948/3932
f 4094/4094/4078 3833/3833/3817 4116/4116/4100
f 4109/4109/4093 4097/4097/4081 4096/4096/4080
f 4044/4044/4028 4040/4040/4024 4083/4083/4067
f 4097/4097/4081 4108/4108/4092 4112/4112/4096
f 4117/4117/4101 4118/4118/4102 4119/4119/4103
f 4015/4015/3999 4052/4052/4036 4066/4066/4050
f 3963/3963/3947 3962/3962/3946 4120/4120/4104
f 4121/4121/4105 4122/4122/4106 4105/4105/4089
f 4123/4123/4107 4124/4124/4108 4125/4125/4109
f 4030/4030/4014 4029/4029/4013 4126/4126/4110
f 4105/4105/4089 4127/4127/4111 4121/4121/4105
f 4128/4128/4112 4129/4129/4113 4130/4130/4114
f 4124/4124/4108 4131/4131/4115 4125/4125/4109
f 3914/3914/3898 3925/3925/3909 4132/4132/4116
f 4122/4122/4106 4106/4106/4090 4105/4105/4089
f 4094/4094/4078 4133/4133/4117 3829/3829/3813
f 4059/4059/4043 4134/4134/4118 4135/4135/4119
f 4124/4124/4108 4136/4136/4120 4131/4131/4115
f 3925/3925/3909 4114/4114/4098 4132/4132/4116
f 4106/4106/4090 4137/4137/4121 4138/4138/4122
f 4139/4139/4123 4134/4134/4118 4059/4059/4043
f 4130/4130/4114 4140/4140/4124 4128/4128/4112
f 4141/4141/4125 4129/4129/4113 4128/4128/4112
f 4115/4115/4099 4114/4114/4098 4142/4142/4126
f 4130/4130/4114 4143/4143/4127 4140/4140/4124
f 3866/3866/3850 3829/3829/3813 4133/4133/4117
f 4058/4058/4042 4144/4144/4128 4139/4139/4123
f 4057/4057/4041 4059/4059/4043 4135/4135/4119
f 3925/3925/3909 4142/4142/4126 4114/4114/4098
f 4137/4137/4121 4106/4106/4090 4122/4122/4106
f 3882/3882/3866 4122/4122/4106 4145/4145/4129
f 4146/4146/4130 4147/4147/4131 4148/4148/4132
f 4122/4122/4106 3882/3882/3866 4137/4137/4121
f 4139/4139/4123 4149/4149/4133 4134/4134/4118
f 4150/4150/4134 4151/4151/4135 3855/3855/3839
f 4139/4139/4123 4059/4059/4043 4058/4058/4042
f 4132/4132/4116 3912/3912/3896 3914/3914/3898
f 4152/4152/4136 4153/4153/4136 4154/4154/4136
f 4155/4155/4137 4156/4156/4138 4157/4157/4139
f 4058/4058/4042 4076/4076/4060 4158/4158/4140
f 4158/4158/4140 4159/4159/4141 4144/4144/4128
f 4058/4058/4042 4158/4158/4140 4144/4144/4128
f 4160/4160/4142 4161/4161/4143 4162/4162/4144
f 4163/4163/4145 4164/4164/4145 4165/4165/4145
f 4166/4166/4146 4167/4167/4147 4168/4168/4148
f 4169/4169/4149 4170/4170/4150 4171/4171/4151
f 4172/4172/4152 4173/4173/4153 4174/4174/4154
f 4175/4175/4155 4176/4176/4156 4177/4177/4157
f 4119/4119/4103 4178/4178/4158 4179/4179/4159
f 4180/4180/4160 4167/4167/4147 4181/4181/4161
f 4182/4182/4162 4183/4183/4163 4184/4184/4164
f 4168/4168/4148 4167/4167/4147 4180/4180/4160
f 4185/4185/4165 4186/4186/4166 4187/4187/4167
f 4188/4188/4168 4189/4189/4169 4160/4160/4142
f 4190/4190/4170 4161/4161/4143 4160/4160/4142
f 4172/4172/4152 4174/4174/4154 4191/4191/4171
f 4191/4191/4171 4184/4184/4164 4172/4172/4152
f 4192/4192/4172 4176/4176/4156 4175/4175/4155
f 4186/4186/4166 4193/4193/4173 4194/4194/4174
f 4175/4175/4155 4195/4195/4175 4196/4196/4176
f 4197/4197/4177 4172/4172/4152 4184/4184/4164
f 4177/4177/4157 4198/4198/4178 4195/4195/4175
f 4199/4199/4179 4033/4033/4017 3986/3986/3970
f 4200/4200/4180 4194/4194/4174 4193/4193/4173
f 4119/4119/4103 4179/4179/4159 4117/4117/4101
f 4201/4201/4181 4202/4202/4182 4098/4098/4082
f 4203/4203/4183 4204/4204/4184 4205/4205/4185
f 4194/4194/4174 4011/4011/3995 4206/4206/4186
f 4194/4194/4174 4206/4206/4186 4186/4186/4166
f 4200/4200/4180 4011/4011/3995 4194/4194/4174
f 4177/4177/4157 4195/4195/4175 4175/4175/4155
f 4207/4207/4187 4208/4208/4188 4143/4143/4127
f 3979/3979/3963 3967/3967/3951 3966/3966/3950
f 4186/4186/4166 4185/4185/4165 4193/4193/4173
f 4202/4202/4182 4209/4209/4189 4098/4098/4082
f 3845/3845/3829 4141/4141/4125 4128/4128/4112
f 4175/4175/4155 4196/4196/4176 4210/4210/4190
f 4175/4175/4155 4211/4211/4191 4192/4192/4172
f 4212/4212/4192 4213/4213/4193 4214/4214/4194
f 4175/4175/4155 4210/4210/4190 4211/4211/4191
f 4202/4202/4182 4215/4215/4195 4209/4209/4189
f 4216/4216/4196 4217/4217/4197 4033/4033/4017
f 4218/4218/4198 4219/4219/4199 4179/4179/4159
f 4209/4209/4189 4096/4096/4080 4098/4098/4082
f 4220/4220/4200 3925/3925/3909 3926/3926/3910
f 4221/4221/4201 4222/4222/4202 4187/4187/4167
f 3843/3843/3827 3845/3845/3829 3846/3846/3830
f 4223/4223/4203 3976/3976/3960 4024/4024/4008
f 4224/4224/4204 4219/4219/4199 4218/4218/4198
f 4109/4109/4093 4225/4225/4205 4108/4108/4092
f 4142/4142/4126 3925/3925/3909 4220/4220/4200
f 4033/4033/4017 4199/4199/4179 4216/4216/4196
f 4117/4117/4101 4226/4226/4206 4118/4118/4102
f 4030/4030/4014 3881/3881/3865 4031/4031/4015
f 4227/4227/4207 4225/4225/4205 4109/4109/4093
f 4101/4101/4085 4228/4228/4208 4102/4102/4086
f 4223/4223/4203 4048/4048/4032 4065/4065/4049
f 4229/4229/4209 3983/3983/3967 3982/3982/3966
f 4155/4155/4137 4173/4173/4153 4172/4172/4152
f 4103/4103/4087 4104/4104/4088 4230/4230/4210
f 4224/4224/4204 4231/4231/4211 4219/4219/4199
f 4230/4230/4210 4104/4104/4088 4189/4189/4169
f 4232/4232/4212 4104/4104/4088 4102/4102/4086
f 4128/4128/4112 3846/3846/3830 3845/3845/3829
f 4030/4030/4014 3882/3882/3866 3881/3881/3865
f 3997/3997/3981 4062/4062/4046 3995/3995/3979
f 3978/3978/3962 3985/3985/3969 3979/3979/3963
f 4025/4025/4009 3965/3965/3949 4233/4233/4213
f 4234/4234/4214 4235/4235/4215 4236/4236/4216
f 4237/4237/4217 4074/4074/4058 3881/3881/3865
f 3965/3965/3949 4025/4025/4009 3966/3966/3950
f 4179/4179/4159 4178/4178/4158 4218/4218/4198
f 4117/4117/4101 4238/4238/4218 4226/4226/4206
f 4047/4047/4031 4239/4239/4219 4240/4240/4220
f 4051/4051/4035 4047/4047/4031 4240/4240/4220
f 3991/3991/3975 3990/3990/3974 4241/4241/4221
f 4212/4212/4192 4242/4242/4222 4155/4155/4137
f 4219/4219/4199 4243/4243/4223 4117/4117/4101
f 3881/3881/3865 4244/4244/4224 4237/4237/4217
f 4128/4128/4112 4140/4140/4124 3847/3847/3831
f 4241/4241/4221 4245/4245/4225 4246/4246/4226
f 3847/3847/3831 3846/3846/3830 4128/4128/4112
f 4117/4117/4101 4179/4179/4159 4219/4219/4199
f 4247/4247/4227 4157/4157/4139 4156/4156/4138
f 4247/4247/4227 4248/4248/4228 4157/4157/4139
f 4223/4223/4203 4065/4065/4049 3977/3977/3961
f 4223/4223/4203 3977/3977/3961 3976/3976/3960
f 4249/4249/4229 4075/4075/4059 4250/4250/4230
f 4249/4249/4229 4250/4250/4230 4251/4251/4231
f 4031/4031/4015 4075/4075/4059 4249/4249/4229
f 4249/4249/4229 4252/4252/4232 4031/4031/4015
f 4253/4253/4233 4254/4254/4233 4255/4255/4233
f 4251/4251/4231 4256/4256/4234 4249/4249/4229
f 4236/4236/4216 4257/4257/4235 4258/4258/4236
f 4259/4259/4237 3878/3878/3862 3880/3880/3864
f 4138/4138/4122 4126/4126/4110 4107/4107/4091
f 4260/4260/4238 4123/4123/4107 4125/4125/4109
f 4020/4020/4004 4259/4259/4237 4021/4021/4005
f 4234/4234/4214 3876/3876/3860 3875/3875/3859
f 4244/4244/4224 3881/3881/3865 3871/3871/3855
f 3878/3878/3862 4259/4259/4237 4020/4020/4004
f 3876/3876/3860 4234/4234/4214 4261/4261/4239
f 4234/4234/4214 4258/4258/4236 4261/4261/4239
f 4112/4112/4096 4262/4262/4240 4201/4201/4181
f 4244/4244/4224 3871/3871/3855 3873/3873/3857
f 4201/4201/4181 4098/4098/4082 4112/4112/4096
f 4263/4263/4241 3875/3875/3859 3874/3874/3858
f 4106/4106/4090 4138/4138/4122 4107/4107/4091
f 4155/4155/4137 4172/4172/4152 4212/4212/4192
f 3875/3875/3859 4264/4264/4242 4234/4234/4214
f 4265/4265/4243 4266/4266/4244 4267/4267/4245
f 4218/4218/4198 4268/4268/4246 4224/4224/4204
f 4266/4266/4244 4269/4269/4247 4267/4267/4245
f 4170/4170/4150 4270/4270/4248 4132/4132/4116
f 4262/4262/4240 4112/4112/4096 4111/4111/4095
f 3874/3874/3858 4271/4271/4249 4263/4263/4241
f 4171/4171/4151 4170/4170/4150 4114/4114/4098
f 4257/4257/4235 3991/3991/3975 4258/4258/4236
f 4266/4266/4244 4272/4272/4250 4269/4269/4247
f 3836/3836/3820 3968/3968/3952 3837/3837/3821
f 4234/4234/4214 4236/4236/4216 4258/4258/4236
f 3875/3875/3859 4263/4263/4241 4264/4264/4242
f 4132/4132/4116 4270/4270/4248 4273/4273/4251
f 4114/4114/4098 4170/4170/4150 4132/4132/4116
f 4273/4273/4251 3912/3912/3896 4132/4132/4116
f 4274/4274/4252 4275/4275/4253 4276/4276/4254
f 4113/4113/4097 4171/4171/4151 4114/4114/4098
f 4277/4277/4255 4276/4276/4254 4278/4278/4256
f 3994/3994/3978 4279/4279/4257 4280/4280/4258
f 3994/3994/3978 4281/4281/4259 4279/4279/4257
f 4282/4282/4260 4281/4281/4259 3994/3994/3978
f 4283/4283/4261 4284/4284/4262 4285/4285/4263
f 4286/4286/4264 4236/4236/4216 4235/4235/4215
f 4287/4287/4265 4283/4283/4261 4288/4288/4266
f 4234/4234/4214 4264/4264/4242 4235/4235/4215
f 4289/4289/4267 4277/4277/4255 4243/4243/4223
f 4238/4238/4218 4277/4277/4255 4278/4278/4256
f 4124/4124/4108 4123/4123/4107 4287/4287/4265
f 4276/4276/4254 4289/4289/4267 4274/4274/4252
f 4290/4290/4268 4288/4288/4266 4283/4283/4261
f 4136/4136/4120 4124/4124/4108 4288/4288/4266
f 4001/4001/3985 3974/3974/3958 4291/4291/4269
f 4001/4001/3985 4291/4291/4269 4282/4282/4260
f 4292/4292/4270 4231/4231/4211 4224/4224/4204
f 4286/4286/4264 4257/4257/4235 4236/4236/4216
f 4278/4278/4256 4293/4293/4271 4238/4238/4218
f 4276/4276/4254 4277/4277/4255 4289/4289/4267
f 4290/4290/4268 4283/4283/4261 4285/4285/4263
f 4294/4294/4272 4295/4295/4273 4296/4296/4274
f 4126/4126/4110 4138/4138/4122 4030/4030/4014
f 4124/4124/4108 4287/4287/4265 4288/4288/4266
f 4281/4281/4259 4297/4297/4275 4279/4279/4257
f 4283/4283/4261 4287/4287/4265 4284/4284/4262
f 4031/4031/4015 4252/4252/4232 4029/4029/4013
f 4298/4298/4276 4299/4299/4277 4300/4300/4278
f 4301/4301/4279 4148/4148/4132 4147/4147/4131
f 4302/4302/4280 4215/4215/4195 4299/4299/4277
f 4062/4062/4046 4303/4303/4281 3995/3995/3979
f 4262/4262/4240 4300/4300/4278 4299/4299/4277
f 4202/4202/4182 4201/4201/4181 4299/4299/4277
f 3861/3861/3845 3831/3831/3815 3835/3835/3819
f 4202/4202/4182 4299/4299/4277 4215/4215/4195
f 4299/4299/4277 4201/4201/4181 4262/4262/4240
f 4117/4117/4101 4277/4277/4255 4238/4238/4218
f 4277/4277/4255 4117/4117/4101 4243/4243/4223
f 4304/4304/4282 4120/4120/4104 3936/3936/3920
f 4305/4305/4283 4007/4007/3991 4009/4009/3993
f 4156/4156/4138 4306/4306/4284 4247/4247/4227
f 4307/4307/4285 4192/4192/4172 4211/4211/4191
f 4211/4211/4191 4308/4308/4286 4307/4307/4285
f 4309/4309/4287 4061/4061/4045 4099/4099/4083
f 4067/4067/4051 4305/4305/4283 4009/4009/3993
f 4303/4303/4281 4062/4062/4046 4061/4061/4045
f 4263/4263/4241 4310/4310/4288 4169/4169/4149
f 3871/3871/3855 4145/4145/4129 3893/3893/3877
f 4145/4145/4129 3871/3871/3855 3882/3882/3866
f 4242/4242/4222 4212/4212/4192 4214/4214/4194
f 4197/4197/4177 4184/4184/4164 4183/4183/4163
f 4080/4080/4064 4311/4311/4289 4067/4067/4051
f 4169/4169/4149 4171/4171/4151 4263/4263/4241
f 3936/3936/3920 3962/3962/3946 3937/3937/3921
f 4311/4311/4289 4080/4080/4064 4041/4041/4025
f 4041/4041/4025 4043/4043/4027 4311/4311/4289
f 4243/4243/4223 4312/4312/4290 4289/4289/4267
f 4288/4288/4266 4290/4290/4268 4313/4313/4291
f 3962/3962/3946 3936/3936/3920 4120/4120/4104
f 4197/4197/4177 4212/4212/4192 4172/4172/4152
f 4263/4263/4241 4271/4271/4249 4310/4310/4288
f 4138/4138/4122 3882/3882/3866 4030/4030/4014
f 4138/4138/4122 4137/4137/4121 3882/3882/3866
f 4113/4113/4097 4314/4314/4292 4235/4235/4215
f 4004/4004/3988 4003/4003/3987 4197/4197/4177
f 4067/4067/4051 4044/4044/4028 4080/4080/4064
f 4290/4290/4268 4315/4315/4293 4313/4313/4291
f 4003/4003/3987 4213/4213/4193 4212/4212/4192
f 4003/4003/3987 4212/4212/4192 4197/4197/4177
f 4004/4004/3988 4197/4197/4177 4183/4183/4163
f 3994/3994/3978 4001/4001/3985 4282/4282/4260
f 4316/4316/4294 4068/4068/4052 3948/3948/3932
f 3963/3963/3947 4317/4317/4295 3961/3961/3945
f 4264/4264/4242 4263/4263/4241 4171/4171/4151
f 4278/4278/4256 4318/4318/4296 4319/4319/4297
f 4314/4314/4292 4320/4320/4298 4235/4235/4215
f 4313/4313/4291 4136/4136/4120 4288/4288/4266
f 4113/4113/4097 4264/4264/4242 4171/4171/4151
f 4004/4004/3988 4183/4183/4163 4017/4017/4001
f 4321/4321/4299 4322/4322/4300 4323/4323/4301
f 4113/4113/4097 4115/4115/4099 4314/4314/4292
f 4065/4065/4049 4048/4048/4032 4050/4050/4034
f 4008/4008/3992 4007/4007/3991 4324/4324/4302
f 4325/4325/4303 4326/4326/4304 4327/4327/4305
f 4316/4316/4294 4328/4328/4306 4329/4329/4307
f 4219/4219/4199 4231/4231/4211 4243/4243/4223
f 4330/4330/4308 4331/4331/4309 4332/4332/4310
f 4264/4264/4242 4113/4113/4097 4235/4235/4215
f 4319/4319/4297 4293/4293/4271 4278/4278/4256
f 3960/3960/3944 4323/4323/4301 4316/4316/4294
f 4243/4243/4223 4231/4231/4211 4312/4312/4290
f 4316/4316/4294 4323/4323/4301 4328/4328/4306
f 4057/4057/4041 3977/3977/3961 4065/4065/4049
f 4333/4333/4311 4334/4334/4312 4335/4335/4313
f 4316/4316/4294 4336/4336/4314 4068/4068/4052
f 4337/4337/4315 3855/3855/3839 4151/4151/4135
f 4316/4316/4294 3948/3948/3932 3960/3960/3944
f 4334/4334/4312 4333/4333/4311 4338/4338/4316
f 4339/4339/4317 4333/4333/4311 4340/4340/4318
f 3968/3968/3952 4027/4027/4011 4032/4032/4016
f 4341/4341/4319 4291/4291/4269 3974/3974/3958
f 4330/4330/4308 3856/3856/3840 4331/4331/4309
f 4330/4330/4308 3857/3857/3841 3856/3856/3840
f 3953/3953/3937 4342/4342/4320 4186/4186/4166
f 4342/4342/4320 4187/4187/4167 4186/4186/4166
f 4343/4343/4321 3856/3856/3840 3854/3854/3838
f 4335/4335/4313 4344/4344/4322 4345/4345/4323
f 4345/4345/4323 4333/4333/4311 4335/4335/4313
f 3953/3953/3937 4186/4186/4166 4206/4206/4186
f 4345/4345/4323 4340/4340/4318 4333/4333/4311
f 4241/4241/4221 4258/4258/4236 3991/3991/3975
f 4324/4324/4302 4007/4007/3991 4305/4305/4283
f 4305/4305/4283 4346/4346/4324 4324/4324/4302
f 4347/4347/4325 4318/4318/4296 4278/4278/4256
f 4221/4221/4201 4187/4187/4167 4342/4342/4320
f 4340/4340/4318 4348/4348/4326 4349/4349/4327
f 4333/4333/4311 4339/4339/4317 4338/4338/4316
f 4276/4276/4254 4275/4275/4253 4347/4347/4325
f 4008/4008/3992 4324/4324/4302 4350/4350/4328
f 4351/4351/4329 4139/4139/4123 4144/4144/4128
f 4347/4347/4325 4278/4278/4256 4276/4276/4254
f 3856/3856/3840 4343/4343/4321 4331/4331/4309
f 4135/4135/4119 4352/4352/4330 4353/4353/4331
f 4340/4340/4318 4349/4349/4327 4339/4339/4317
f 4353/4353/4331 4352/4352/4330 4341/4341/4319
f 4144/4144/4128 4354/4354/4332 4351/4351/4329
f 4355/4355/4333 4352/4352/4330 4135/4135/4119
f 4149/4149/4133 4139/4139/4123 4356/4356/4334
f 4139/4139/4123 4351/4351/4329 4356/4356/4334
f 4135/4135/4119 4353/4353/4331 4057/4057/4041
f 4348/4348/4326 4340/4340/4318 4345/4345/4323
f 4318/4318/4296 4357/4357/4335 4319/4319/4297
f 4311/4311/4289 4043/4043/4027 4358/4358/4336
f 4359/4359/4337 4205/4205/4185 4000/4000/3984
f 4258/4258/4236 4241/4241/4221 4246/4246/4226
f 4261/4261/4239 4246/4246/4226 4360/4360/4338
f 4144/4144/4128 4159/4159/4141 4354/4354/4332
f 4261/4261/4239 4360/4360/4338 3876/3876/3860
f 3876/3876/3860 4360/4360/4338 3886/3886/3870
f 4361/4361/4339 4359/4359/4337 3999/3999/3983
f 4358/4358/4336 4190/4190/4170 4311/4311/4289
f 4358/4358/4336 4161/4161/4143 4190/4190/4170
f 4246/4246/4226 4261/4261/4239 4258/4258/4236
f 4362/4362/4340 4345/4345/4323 4344/4344/4322
f 4000/4000/3984 3999/3999/3983 4359/4359/4337
f 4308/4308/4286 4363/4363/4341 3897/3897/3881
f 4307/4307/4285 4364/4364/4342 4192/4192/4172
f 4364/4364/4342 4307/4307/4285 3883/3883/3867
f 3897/3897/3881 4307/4307/4285 4308/4308/4286
f 4205/4205/4185 4359/4359/4337 4203/4203/4183
f 4206/4206/4186 4011/4011/3995 4013/4013/3997
f 4203/4203/4183 4359/4359/4337 4361/4361/4339
f 4365/4365/4343 4136/4136/4120 4313/4313/4291
f 4366/4366/4344 3859/3859/3843 3857/3857/3841
f 4367/4367/4345 4368/4368/4346 4369/4369/4347
f 3941/3941/3925 3942/3942/3926 4370/4370/4348
f 3883/3883/3867 4307/4307/4285 3897/3897/3881
f 4365/4365/4343 4371/4371/4349 4136/4136/4120
f 4190/4190/4170 4067/4067/4051 4311/4311/4289
f 4206/4206/4186 4013/4013/3997 3951/3951/3935
f 4066/4066/4050 3852/3852/3836 3954/3954/3938
f 4369/4369/4347 4372/4372/4350 4367/4367/4345
f 4150/4150/4134 3855/3855/3839 3859/3859/3843
f 4373/4373/4351 3883/3883/3867 3885/3885/3869
f 3942/3942/3926 4337/4337/4315 4370/4370/4348
f 3859/3859/3843 4366/4366/4344 4150/4150/4134
f 4122/4122/4106 4121/4121/4105 4374/4374/4352
f 4337/4337/4315 3942/3942/3926 3855/3855/3839
f 4346/4346/4324 4305/4305/4283 4067/4067/4051
f 4369/4369/4347 4266/4266/4244 4375/4375/4353
f 4373/4373/4351 4364/4364/4342 3883/3883/3867
f 3893/3893/3877 3911/3911/3895 3910/3910/3894
f 3936/3936/3920 4121/4121/4105 4127/4127/4111
f 3950/3950/3934 4376/4376/4354 3926/3926/3910
f 3910/3910/3894 3872/3872/3856 3893/3893/3877
f 4145/4145/4129 4374/4374/4352 4377/4377/4355
f 4378/4378/4356 4239/4239/4219 4379/4379/4357
f 3950/3950/3934 3959/3959/3943 4376/4376/4354
f 4374/4374/4352 4145/4145/4129 4122/4122/4106
f 4232/4232/4212 4102/4102/4086 4220/4220/4200
f 4379/4379/4357 4239/4239/4219 4047/4047/4031
f 4127/4127/4111 4304/4304/4282 3936/3936/3920
f 4346/4346/4324 4067/4067/4051 4190/4190/4170
f 3857/3857/3841 4330/4330/4308 4366/4366/4344
f 4339/4339/4317 4380/4380/4358 4338/4338/4316
f 3951/3951/3935 3953/3953/3937 4206/4206/4186
f 4375/4375/4353 4266/4266/4244 4265/4265/4243
f 4063/4063/4047 4381/4381/4359 4070/4070/4054
f 4368/4368/4346 4382/4382/4360 4272/4272/4250
f 3911/3911/3895 3893/3893/3877 4377/4377/4355
f 4232/4232/4212 3926/3926/3910 4376/4376/4354
f 3959/3959/3943 4383/4383/4361 4376/4376/4354
f 3959/3959/3943 4350/4350/4328 4383/4383/4361
f 4232/4232/4212 4220/4220/4200 3926/3926/3910
f 4272/4272/4250 4369/4369/4347 4368/4368/4346
f 4377/4377/4355 3893/3893/3877 4145/4145/4129
f 4063/4063/4047 4073/4073/4057 4381/4381/4359
f 4350/4350/4328 3959/3959/3943 4384/4384/4362
f 4115/4115/4099 4385/4385/4363 4314/4314/4292
f 4300/4300/4278 4386/4386/4364 4298/4298/4276
f 3958/3958/3942 4384/4384/4362 3959/3959/3943
f 4047/4047/4031 4046/4046/4030 4379/4379/4357
f 4350/4350/4328 4324/4324/4302 4383/4383/4361
f 3947/3947/3931 4377/4377/4355 3935/3935/3919
f 4121/4121/4105 3936/3936/3920 3935/3935/3919
f 4385/4385/4363 4115/4115/4099 4387/4387/4365
f 4213/4213/4193 4003/4003/3987 4388/4388/4366
f 4003/4003/3987 4005/4005/3989 4388/4388/4366
f 4377/4377/4355 3947/3947/3931 3911/3911/3895
f 4389/4389/4367 4193/4193/4173 4185/4185/4165
f 4200/4200/4180 4014/4014/3998 4011/4011/3995
f 4213/4213/4193 4390/4390/4368 4214/4214/4194
f 4213/4213/4193 4391/4391/4369 4390/4390/4368
f 4213/4213/4193 4388/4388/4366 4391/4391/4369
f 3935/3935/3919 4377/4377/4355 4374/4374/4352
f 4339/4339/4317 4349/4349/4327 4392/4392/4370
f 4091/4091/4075 4078/4078/4062 4393/4393/4371
f 4387/4387/4365 4394/4394/4372 4395/4395/4373
f 4021/4021/4005 4396/4396/4374 4064/4064/4048
f 4396/4396/4374 4021/4021/4005 4259/4259/4237
f 4091/4091/4075 4393/4393/4371 4389/4389/4367
f 4397/4397/4375 4398/4398/4376 4326/4326/4304
f 4200/4200/4180 4393/4393/4371 4078/4078/4062
f 3935/3935/3919 4374/4374/4352 4121/4121/4105
f 4115/4115/4099 4394/4394/4372 4387/4387/4365
f 4393/4393/4371 4193/4193/4173 4389/4389/4367
f 4399/4399/4377 4400/4400/4378 4398/4398/4376
f 4400/4400/4378 4399/4399/4377 4401/4401/4379
f 4396/4396/4374 4259/4259/4237 3880/3880/3864
f 4396/4396/4374 3880/3880/3864 4402/4402/4380
f 4078/4078/4062 4014/4014/3998 4200/4200/4180
f 4142/4142/4126 4394/4394/4372 4115/4115/4099
f 3947/3947/3931 3935/3935/3919 3934/3934/3918
f 4403/4403/4381 4066/4066/4050 4093/4093/4077
f 4393/4393/4371 4200/4200/4180 4193/4193/4173
f 4369/4369/4347 4272/4272/4250 4266/4266/4244
f 4398/4398/4376 4397/4397/4375 4399/4399/4377
f 4404/4404/4382 4405/4405/4383 4287/4287/4265
f 4405/4405/4383 4284/4284/4262 4287/4287/4265
f 3905/3905/3889 3970/3970/3954 3877/3877/3861
f 4101/4101/4085 4395/4395/4373 4394/4394/4372
f 4228/4228/4208 4220/4220/4200 4102/4102/4086
f 4073/4073/4057 4406/4406/4384 4407/4407/4385
f 4394/4394/4372 4228/4228/4208 4101/4101/4085
f 4407/4407/4385 4381/4381/4359 4073/4073/4057
f 4404/4404/4382 4287/4287/4265 4123/4123/4107
f 4081/4081/4065 4060/4060/4044 4070/4070/4054
f 4408/4408/4386 3886/3886/3870 4360/4360/4338
f 4409/4409/4387 4410/4410/4388 4411/4411/4389
f 4142/4142/4126 4220/4220/4200 4228/4228/4208
f 4412/4412/4390 4381/4381/4359 4407/4407/4385
f 4142/4142/4126 4228/4228/4208 4394/4394/4372
f 4015/4015/3999 4066/4066/4050 4403/4403/4381
f 4412/4412/4390 4070/4070/4054 4381/4381/4359
f 4413/4413/4391 4081/4081/4065 4070/4070/4054
f 4070/4070/4054 4412/4412/4390 4413/4413/4391
f 4404/4404/4382 4123/4123/4107 4260/4260/4238
f 4414/4414/4392 4189/4189/4169 4104/4104/4088
f 4232/4232/4212 4383/4383/4361 4346/4346/4324
f 4410/4410/4388 4415/4415/4393 4411/4411/4389
f 3974/3974/3958 3977/3977/3961 4353/4353/4331
f 4416/4416/4394 4417/4417/4395 4418/4418/4396
f 4417/4417/4395 4416/4416/4394 4419/4419/4397
f 4420/4420/4398 4421/4421/4399 4341/4341/4319
f 4104/4104/4088 4232/4232/4212 4414/4414/4392
f 4346/4346/4324 4383/4383/4361 4324/4324/4302
f 4410/4410/4388 4422/4422/4400 4423/4423/4401
f 4353/4353/4331 4341/4341/4319 3974/3974/3958
f 4414/4414/4392 4160/4160/4142 4189/4189/4169
f 4341/4341/4319 4352/4352/4330 4355/4355/4333
f 4341/4341/4319 4355/4355/4333 4420/4420/4398
f 4346/4346/4324 4414/4414/4392 4232/4232/4212
f 4410/4410/4388 4424/4424/4402 4415/4415/4393
f 4425/4425/4403 4426/4426/4404 4427/4427/4405
f 4232/4232/4212 4376/4376/4354 4383/4383/4361
f 3977/3977/3961 4057/4057/4041 4353/4353/4331
f 4341/4341/4319 4421/4421/4399 4291/4291/4269
f 4428/4428/4406 4429/4429/4406 4430/4430/4406
f 4409/4409/4387 4422/4422/4400 4410/4410/4388
f 4160/4160/4142 4414/4414/4392 4190/4190/4170
f 3960/3960/3944 4431/4431/4407 4323/4323/4301
f 4190/4190/4170 4414/4414/4392 4346/4346/4324
f 3833/3833/3817 3828/3828/3812 4432/4432/4408
f 4064/4064/4048 4396/4396/4374 4402/4402/4380
f 4424/4424/4402 4410/4410/4388 4423/4423/4401
f 4409/4409/4387 4433/4433/4409 4422/4422/4400
f 4434/4434/4410 4435/4435/4411 4418/4418/4396
f 4436/4436/4412 4326/4326/4304 4398/4398/4376
f 4437/4437/4413 4423/4423/4401 4422/4422/4400
f 4434/4434/4410 4418/4418/4396 4438/4438/4414
f 4417/4417/4395 4438/4438/4414 4418/4418/4396
f 4422/4422/4400 4439/4439/4415 4437/4437/4413
f 4400/4400/4378 4401/4401/4379 4435/4435/4411
f 4439/4439/4415 4440/4440/4416 4437/4437/4413
f 4436/4436/4412 4398/4398/4376 4400/4400/4378
f 4111/4111/4095 4108/4108/4092 4181/4181/4161
f 4435/4435/4411 4401/4401/4379 4418/4418/4396
f 3938/3938/3922 4015/4015/3999 4403/4403/4381
f 4441/4441/4417 4068/4068/4052 4336/4336/4314
f 4433/4433/4409 4088/4088/4072 4442/4442/4418
f 4111/4111/4095 4181/4181/4161 4443/4443/4419
f 4328/4328/4306 4444/4444/4420 4329/4329/4307
f 4416/4416/4394 4445/4445/4421 4419/4419/4397
f 3987/3987/3971 4199/4199/4179 3986/3986/3970
f 4415/4415/4393 4446/4446/4422 4411/4411/4389
f 4447/4447/4423 4448/4448/4424 4148/4148/4132
f 4336/4336/4314 4449/4449/4425 4441/4441/4417
f 4415/4415/4393 4450/4450/4426 4446/4446/4422
f 4451/4451/4427 3938/3938/3922 4403/4403/4381
f 4445/4445/4421 4354/4354/4332 4452/4452/4428
f 4453/4453/4429 4328/4328/4306 4323/4323/4301
f 4445/4445/4421 4454/4454/4430 4354/4354/4332
f 4157/4157/4139 4173/4173/4153 4155/4155/4137
f 4436/4436/4412 4455/4455/4431 4326/4326/4304
f 4445/4445/4421 4416/4416/4394 4454/4454/4430
f 4456/4456/4432 4457/4457/4433 4458/4458/4434
f 4454/4454/4430 4351/4351/4329 4354/4354/4332
f 4455/4455/4431 4436/4436/4412 4459/4459/4435
f 4460/4460/4436 4446/4446/4422 4450/4450/4426
f 4457/4457/4433 4456/4456/4432 4250/4250/4230
f 4461/4461/4437 4462/4462/4438 4442/4442/4418
f 4463/4463/4439 4388/4388/4366 4005/4005/3989
f 4108/4108/4092 4225/4225/4205 4181/4181/4161
f 4433/4433/4409 4442/4442/4418 4462/4462/4438
f 4326/4326/4304 4455/4455/4431 4327/4327/4305
f 4329/4329/4307 4336/4336/4314 4316/4316/4294
f 4180/4180/4160 4225/4225/4205 4227/4227/4207
f 4077/4077/4061 4095/4095/4079 4110/4110/4094
f 4239/4239/4219 4464/4464/4440 4240/4240/4220
f 4465/4465/4441 4466/4466/4442 4348/4348/4326
f 4327/4327/4305 4455/4455/4431 4467/4467/4443
f 4463/4463/4439 4005/4005/3989 4016/4016/4000
f 4455/4455/4431 4459/4459/4435 4467/4467/4443
f 4239/4239/4219 4468/4468/4444 4464/4464/4440
f 4328/4328/4306 4453/4453/4429 4444/4444/4420
f 4180/4180/4160 4181/4181/4161 4225/4225/4205
f 4444/4444/4420 4453/4453/4429 4469/4469/4445
f 4400/4400/4378 4435/4435/4411 4470/4470/4446
f 4449/4449/4425 4336/4336/4314 4329/4329/4307
f 4240/4240/4220 4464/4464/4440 4471/4471/4447
f 4469/4469/4445 4472/4472/4448 4444/4444/4420
f 4248/4248/4228 4173/4173/4153 4157/4157/4139
f 4465/4465/4441 4348/4348/4326 4345/4345/4323
f 4467/4467/4443 4473/4473/4449 4327/4327/4305
f 4474/4474/4450 4475/4475/4451 4476/4476/4452
f 4449/4449/4425 4329/4329/4307 4444/4444/4420
f 4388/4388/4366 4463/4463/4439 4477/4477/4453
f 3998/3998/3982 4045/4045/4029 4474/4474/4450
f 4476/4476/4452 3998/3998/3982 4474/4474/4450
f 4348/4348/4326 4392/4392/4370 4349/4349/4327
f 4323/4323/4301 4431/4431/4407 4478/4478/4454
f 4461/4461/4437 4479/4479/4455 4462/4462/4438
f 4439/4439/4415 4462/4462/4438 4479/4479/4455
f 4439/4439/4415 4433/4433/4409 4462/4462/4438
f 4465/4465/4441 4301/4301/4279 4466/4466/4442
f 4433/4433/4409 4439/4439/4415 4422/4422/4400
f 4362/4362/4340 4465/4465/4441 4345/4345/4323
f 4348/4348/4326 4466/4466/4442 4480/4480/4456
f 4481/4481/4457 4440/4440/4416 4482/4482/4458
f 4470/4470/4446 4435/4435/4411 4434/4434/4410
f 4440/4440/4416 4481/4481/4457 4437/4437/4413
f 4470/4470/4446 4459/4459/4435 4436/4436/4412
f 4326/4326/4304 4426/4426/4404 4397/4397/4375
f 4480/4480/4456 4392/4392/4370 4348/4348/4326
f 4301/4301/4279 4465/4465/4441 4362/4362/4340
f 4483/4483/4459 4484/4484/4460 4485/4485/4461
f 4483/4483/4459 4486/4486/4462 4484/4484/4460
f 4487/4487/4463 4049/4049/4033 4488/4488/4464
f 4489/4489/4465 4482/4482/4458 4479/4479/4455
f 4344/4344/4322 4447/4447/4423 4362/4362/4340
f 4490/4490/4466 4491/4491/4467 4492/4492/4468
f 4490/4490/4466 4493/4493/4469 4491/4491/4467
f 4493/4493/4469 4490/4490/4466 4494/4494/4470
f 4470/4470/4446 4436/4436/4412 4400/4400/4378
f 4478/4478/4454 4321/4321/4299 4323/4323/4301
f 4449/4449/4425 4444/4444/4420 4495/4495/4471
f 4487/4487/4463 4496/4496/4472 4158/4158/4140
f 4497/4497/4473 4036/4036/4020 4498/4498/4474
f 4499/4499/4475 4500/4500/4476 4501/4501/4477
f 4409/4409/4387 4411/4411/4389 4038/4038/4022
f 4325/4325/4303 4427/4427/4405 4426/4426/4404
f 4325/4325/4303 4426/4426/4404 4326/4326/4304
f 4502/4502/4478 4477/4477/4453 4463/4463/4439
f 4483/4483/4459 4503/4503/4479 4486/4486/4462
f 4477/4477/4453 4391/4391/4369 4388/4388/4366
f 4038/4038/4022 4088/4088/4072 4409/4409/4387
f 4472/4472/4448 4495/4495/4471 4444/4444/4420
f 4440/4440/4416 4439/4439/4415 4479/4479/4455
f 4504/4504/4480 4487/4487/4463 4488/4488/4464
f 4446/4446/4422 4038/4038/4022 4411/4411/4389
f 4505/4505/4481 4496/4496/4472 4506/4506/4482
f 4090/4090/4074 4078/4078/4062 4091/4091/4075
f 4036/4036/4020 4038/4038/4022 4446/4446/4422
f 4159/4159/4141 4496/4496/4472 4505/4505/4481
f 4507/4507/4483 4508/4508/4484 4509/4509/4485
f 4510/4510/4486 4509/4509/4485 4499/4499/4475
f 4511/4511/4487 3905/3905/3889 3890/3890/3874
f 4512/4512/4488 4513/4513/4489 4477/4477/4453
f 4176/4176/4156 4192/4192/4172 4364/4364/4342
f 4390/4390/4368 4391/4391/4369 4477/4477/4453
f 4364/4364/4342 4373/4373/4351 4176/4176/4156
f 4390/4390/4368 4477/4477/4453 4513/4513/4489
f 4479/4479/4455 4482/4482/4458 4440/4440/4416
f 4505/4505/4481 4452/4452/4428 4354/4354/4332
f 4514/4514/4490 4515/4515/4491 4516/4516/4492
f 4517/4517/4493 3984/3984/3968 4518/4518/4494
f 4496/4496/4472 4159/4159/4141 4158/4158/4140
f 4502/4502/4478 4512/4512/4488 4477/4477/4453
f 3928/3928/3912 4518/4518/4494 3984/3984/3968
f 4505/4505/4481 4354/4354/4332 4159/4159/4141
f 4053/4053/4037 4015/4015/3999 3988/3988/3972
f 4515/4515/4491 4492/4492/4468 4516/4516/4492
f 4515/4515/4491 4490/4490/4466 4492/4492/4468
f 4499/4499/4475 4501/4501/4477 4510/4510/4486
f 4490/4490/4466 4515/4515/4491 4500/4500/4476
f 4500/4500/4476 4499/4499/4475 4490/4490/4466
f 4053/4053/4037 4052/4052/4036 4015/4015/3999
f 4499/4499/4475 4509/4509/4485 4519/4519/4495
f 4506/4506/4482 4487/4487/4463 4504/4504/4480
f 4506/4506/4482 4496/4496/4472 4487/4487/4463
f 4519/4519/4495 4490/4490/4466 4499/4499/4475
f 4056/4056/4040 3970/3970/3954 3905/3905/3889
f 4487/4487/4463 4158/4158/4140 4076/4076/4060
f 4457/4457/4433 4250/4250/4230 4075/4075/4059
f 4519/4519/4495 4494/4494/4470 4490/4490/4466
f 4446/4446/4422 4498/4498/4474 4036/4036/4020
f 4075/4075/4059 4074/4074/4058 4457/4457/4433
f 4520/4520/4496 4521/4521/4497 4522/4522/4498
f 4511/4511/4487 3890/3890/3874 3898/3898/3882
f 4487/4487/4463 4076/4076/4060 4049/4049/4033
f 4478/4478/4454 4431/4431/4407 4517/4517/4493
f 3945/3945/3929 4508/4508/4484 3946/3946/3930
f 4427/4427/4405 4523/4523/4499 4425/4425/4403
f 3984/3984/3968 4431/4431/4407 3960/3960/3944
f 4446/4446/4422 4460/4460/4436 4498/4498/4474
f 3929/3929/3913 4451/4451/4427 4524/4524/4500
f 3984/3984/3968 4517/4517/4493 4431/4431/4407
f 4229/4229/4209 3982/3982/3966 4525/4525/4501
f 4456/4456/4432 4522/4522/4498 4521/4521/4497
f 4493/4493/4469 4494/4494/4470 3945/3945/3929
f 4494/4494/4470 4519/4519/4495 4508/4508/4484
f 4526/4526/4502 4425/4425/4403 4527/4527/4503
f 4425/4425/4403 4528/4528/4504 4527/4527/4503
f 4426/4426/4404 4425/4425/4403 4526/4526/4502
f 4494/4494/4470 4508/4508/4484 3945/3945/3929
f 4508/4508/4484 4519/4519/4495 4509/4509/4485
f 4507/4507/4483 3946/3946/3930 4508/4508/4484
f 4425/4425/4403 4523/4523/4499 4528/4528/4504
f 3938/3938/3922 4451/4451/4427 3929/3929/3913
f 4529/4529/4505 4530/4530/4506 4531/4531/4507
f 4019/4019/4003 3983/3983/3967 4229/4229/4209
f 4529/4529/4505 4531/4531/4507 4295/4295/4273
f 4251/4251/4231 4521/4521/4497 4520/4520/4496
f 4416/4416/4394 4530/4530/4506 4454/4454/4430
f 4521/4521/4497 4251/4251/4231 4250/4250/4230
f 4466/4466/4442 4147/4147/4131 4532/4532/4508
f 4456/4456/4432 4521/4521/4497 4250/4250/4230
f 4068/4068/4052 4441/4441/4417 4072/4072/4056
f 3927/3927/3911 4518/4518/4494 3928/3928/3912
f 4529/4529/4505 4454/4454/4430 4530/4530/4506
f 4533/4533/4509 4534/4534/4510 4530/4530/4506
f 4531/4531/4507 4530/4530/4506 4534/4534/4510
f 4466/4466/4442 4301/4301/4279 4147/4147/4131
f 4401/4401/4379 4533/4533/4509 4418/4418/4396
f 4527/4527/4503 4531/4531/4507 4526/4526/4502
f 4527/4527/4503 4296/4296/4274 4531/4531/4507
f 4533/4533/4509 4530/4530/4506 4416/4416/4394
f 4532/4532/4508 4147/4147/4131 4146/4146/4130
f 4535/4535/4511 4294/4294/4272 4296/4296/4274
f 4241/4241/4221 3990/3990/3974 4245/4245/4225
f 4534/4534/4510 4533/4533/4509 4401/4401/4379
f 4534/4534/4510 4401/4401/4379 4399/4399/4377
f 4356/4356/4334 4351/4351/4329 4536/4536/4512
f 4296/4296/4274 4295/4295/4273 4531/4531/4507
f 4208/4208/4188 4140/4140/4124 4143/4143/4127
f 4528/4528/4504 4535/4535/4511 4527/4527/4503
f 4535/4535/4511 4296/4296/4274 4527/4527/4503
f 4088/4088/4072 4433/4433/4409 4409/4409/4387
f 4526/4526/4502 4531/4531/4507 4534/4534/4510
f 4372/4372/4350 4375/4375/4353 4537/4537/4513
f 4375/4375/4353 4372/4372/4350 4369/4369/4347
f 4538/4538/4514 4432/4432/4408 3828/3828/3812
f 4280/4280/4258 3987/3987/3971 3994/3994/3978
f 4216/4216/4196 3987/3987/3971 4280/4280/4258
f 4216/4216/4196 4199/4199/4179 3987/3987/3971
f 4432/4432/4408 4539/4539/4515 3833/3833/3817
f 4416/4416/4394 4418/4418/4396 4533/4533/4509
f 4116/4116/4100 3833/3833/3817 4539/4539/4515
f 4534/4534/4510 4397/4397/4375 4526/4526/4502
f 3990/3990/3974 4002/4002/3986 4540/4540/4516
f 4534/4534/4510 4399/4399/4377 4397/4397/4375
f 4397/4397/4375 4426/4426/4404 4526/4526/4502
f 4541/4541/4517 4542/4542/4518 4537/4537/4513
f 4323/4323/4301 4322/4322/4300 4453/4453/4429
f 3990/3990/3974 4540/4540/4516 4245/4245/4225
f 4375/4375/4353 4265/4265/4243 4543/4543/4519
f 4543/4543/4519 4537/4537/4513 4375/4375/4353
f 4544/4544/4520 4545/4545/4521 4537/4537/4513
f 4546/4546/4522 4547/4547/4523 4542/4542/4518
f 4537/4537/4513 4545/4545/4521 4541/4541/4517
f 4372/4372/4350 4542/4542/4518 4547/4547/4523
f 4372/4372/4350 4547/4547/4523 4367/4367/4345
f 4542/4542/4518 4541/4541/4517 4546/4546/4522
f 4378/4378/4356 4548/4548/4524 4468/4468/4444
f 4378/4378/4356 4468/4468/4444 4239/4239/4219
f 4549/4549/4525 4550/4550/4526 4551/4551/4527
f 4552/4552/4528 4553/4553/4529 4554/4554/4530
f 4555/4555/4531 4556/4556/4532 4557/4557/4533
f 4551/4551/4527 4558/4558/4534 4549/4549/4525
f 3907/3907/3891 4559/4559/4535 3908/3908/3892
f 3907/3907/3891 4560/4560/4536 4559/4559/4535
f 4537/4537/4513 4543/4543/4519 4544/4544/4520
f 4544/4544/4520 4543/4543/4519 4561/4561/4537
f 4208/4208/4188 4562/4562/4538 4563/4563/4539
f 4207/4207/4187 4564/4564/4540 4562/4562/4538
f 4562/4562/4538 4208/4208/4188 4207/4207/4187
f 4561/4561/4537 4565/4565/4541 4566/4566/4542
f 4567/4567/4543 4568/4568/4544 4549/4549/4525
f 4568/4568/4544 4567/4567/4543 4268/4268/4246
f 4002/4002/3986 4569/4569/4545 4570/4570/4546
f 4571/4571/4547 4544/4544/4520 4566/4566/4542
f 4572/4572/4548 4565/4565/4541 4561/4561/4537
f 4568/4568/4544 4178/4178/4158 4573/4573/4549
f 4574/4574/4550 4575/4575/4551 4576/4576/4552
f 4549/4549/4525 4577/4577/4553 4567/4567/4543
f 4568/4568/4544 4218/4218/4198 4178/4178/4158
f 4566/4566/4542 4544/4544/4520 4561/4561/4537
f 4567/4567/4543 4577/4577/4553 4578/4578/4554
f 4579/4579/4555 4553/4553/4529 4580/4580/4556
f 4581/4581/4557 4520/4520/4496 4522/4522/4498
f 4538/4538/4514 4582/4582/4558 4541/4541/4517
f 4582/4582/4558 4546/4546/4522 4541/4541/4517
f 4268/4268/4246 4583/4583/4559 4292/4292/4270
f 4584/4584/4560 4553/4553/4529 4552/4552/4528
f 4567/4567/4543 4578/4578/4554 4583/4583/4559
f 4229/4229/4209 4585/4585/4561 4019/4019/4003
f 4541/4541/4517 4545/4545/4521 4538/4538/4514
f 4583/4583/4559 4268/4268/4246 4567/4567/4543
f 4586/4586/4562 4584/4584/4560 4019/4019/4003
f 4556/4556/4532 4587/4587/4563 4557/4557/4533
f 4571/4571/4547 4539/4539/4515 4432/4432/4408
f 4587/4587/4563 4280/4280/4258 4557/4557/4533
f 4588/4588/4564 4217/4217/4197 4216/4216/4196
f 4584/4584/4560 4586/4586/4562 4553/4553/4529
f 4216/4216/4196 4589/4589/4565 4588/4588/4564
f 4539/4539/4515 4571/4571/4547 4566/4566/4542
f 4556/4556/4532 4555/4555/4531 4575/4575/4551
f 4002/4002/3986 4570/4570/4546 4540/4540/4516
f 4556/4556/4532 4575/4575/4551 4574/4574/4550
f 4268/4268/4246 4218/4218/4198 4568/4568/4544
f 4216/4216/4196 4587/4587/4563 4589/4589/4565
f 4372/4372/4350 4537/4537/4513 4542/4542/4518
f 4297/4297/4275 4590/4590/4566 4279/4279/4257
f 4568/4568/4544 4573/4573/4549 4549/4549/4525
f 4432/4432/4408 4545/4545/4521 4571/4571/4547
f 4549/4549/4525 4573/4573/4549 4550/4550/4526
f 4549/4549/4525 4558/4558/4534 4577/4577/4553
f 4010/4010/3994 4552/4552/4528 4591/4591/4567
f 4582/4582/4558 4538/4538/4514 3827/3827/3811
f 4292/4292/4270 4224/4224/4204 4268/4268/4246
f 4584/4584/4560 4552/4552/4528 4010/4010/3994
f 4556/4556/4532 4592/4592/4568 4587/4587/4563
f 4538/4538/4514 3828/3828/3812 3827/3827/3811
f 4581/4581/4557 4522/4522/4498 4593/4593/4569
f 4574/4574/4550 4592/4592/4568 4556/4556/4532
f 4584/4584/4560 4010/4010/3994 4019/4019/4003
f 4280/4280/4258 4587/4587/4563 4216/4216/4196
f 4557/4557/4533 4279/4279/4257 4590/4590/4566
f 4557/4557/4533 4280/4280/4258 4279/4279/4257
f 4557/4557/4533 4590/4590/4566 4555/4555/4531
f 4574/4574/4550 4576/4576/4552 4594/4594/4570
f 4538/4538/4514 4545/4545/4521 4432/4432/4408
f 4456/4456/4432 4458/4458/4434 4595/4595/4571
f 4456/4456/4432 4595/4595/4571 4522/4522/4498
f 4571/4571/4547 4545/4545/4521 4544/4544/4520
f 4596/4596/4572 4574/4574/4550 4594/4594/4570
f 4580/4580/4556 4553/4553/4529 4586/4586/4562
f 4597/4597/4573 4577/4577/4553 4558/4558/4534
f 4595/4595/4571 4593/4593/4569 4522/4522/4498
f 4010/4010/3994 4591/4591/4567 3980/3980/3964
f 4019/4019/4003 4585/4585/4561 4586/4586/4562
f 4148/4148/4132 4362/4362/4340 4447/4447/4423
f 4301/4301/4279 4362/4362/4340 4148/4148/4132
f 4454/4454/4430 4529/4529/4505 4351/4351/4329
f 4351/4351/4329 4529/4529/4505 4536/4536/4512
f 4529/4529/4505 4295/4295/4273 4536/4536/4512
o eyes
v 0.104889 0.482792 4.063023
v 0.090224 0.466214 4.046056
v 0.105721 0.459956 4.068900
v -0.192918 0.345695 3.984374
v -0.204066 0.353084 3.959404
v -0.177322 0.351888 3.955153
v 0.084052 0.485474 4.020910
v 0.081410 0.455710 4.023597
v 0.090224 0.466214 4.046056
v 0.107773 0.520525 4.038143
v 0.107918 0.506436 4.053276
v 0.125043 0.523055 4.057860
v 0.122690 0.503944 4.071058
v 0.090551 0.511237 3.998109
v 0.078977 0.477337 4.000127
v -0.168517 0.345843 3.982913
v 0.077922 0.453615 4.003655
v -0.172110 0.377590 3.914937
v -0.149906 0.376919 3.920952
v -0.155795 0.362928 3.936962
v 0.094195 0.494880 4.039585
v 0.094195 0.494880 4.039585
v -0.190521 0.361638 3.934853
v 0.092972 0.507323 4.020321
v -0.150564 0.348332 3.995462
v -0.148916 0.354279 3.958553
v -0.123850 0.359996 3.975366
v 0.092972 0.507323 4.020321
v -0.130526 0.389759 3.918331
v -0.156124 0.394983 3.903054
v -0.131975 0.409547 3.903440
v 0.107773 0.520525 4.038143
v 0.107846 0.532882 4.011559
v -0.149906 0.376919 3.920952
v -0.124678 0.374003 3.940643
v -0.155795 0.362928 3.936962
v -0.168517 0.345843 3.982913
v -0.148916 0.354279 3.958553
v -0.217616 0.353500 3.975019
v -0.131853 0.437024 3.893898
v -0.149859 0.420631 3.891744
v -0.150385 0.453810 3.885000
v -0.124678 0.374003 3.940643
v -0.118522 0.456423 3.898465
v -0.173082 0.410376 3.891928
v -0.218807 0.422807 4.093420
v -0.211010 0.450629 4.101598
v -0.228170 0.448303 4.094993
v 0.216860 0.491641 3.890319
v 0.242024 0.502454 3.904606
v 0.239805 0.469379 3.893424
v -0.168262 0.435617 3.884103
v -0.176100 0.467729 3.881486
v 0.253378 0.476582 3.903450
v 0.230056 0.518146 3.907326
v 0.195827 0.510239 3.894228
v -0.213777 0.392250 4.079729
v -0.190523 0.405222 4.093426
v -0.105022 0.510854 3.927372
v -0.081859 0.491443 3.947443
v -0.093972 0.474380 3.921544
v -0.078948 0.503525 3.973303
v -0.092459 0.523460 3.964751
v -0.089384 0.525896 3.994142
v 0.208743 0.464563 3.883206
v -0.197763 0.360414 4.048039
v -0.192652 0.348497 4.019960
v -0.170334 0.352602 4.033904
v -0.174341 0.345894 4.009372
v -0.192918 0.345695 3.984374
v -0.130234 0.465865 4.094745
v -0.132171 0.489302 4.091063
v -0.156709 0.484608 4.101217
v -0.208941 0.377811 4.067749
v -0.181902 0.365569 4.059267
v -0.097243 0.519125 3.947142
v 0.229173 0.447617 3.888508
v -0.216025 0.355654 4.025525
v -0.067622 0.470439 4.006829
v -0.070030 0.479954 3.978122
v -0.074592 0.500005 3.999173
v -0.192920 0.430186 4.102030
v -0.157955 0.531316 4.076043
v -0.162073 0.511268 4.090959
v -0.130754 0.507562 4.083325
v -0.156598 0.451640 4.104672
v -0.156709 0.484608 4.101217
v -0.178259 0.476098 4.104590
v -0.074808 0.468958 3.952580
v -0.078455 0.449306 3.943116
v -0.130463 0.530737 4.064262
v -0.241055 0.404137 4.072104
v -0.271655 0.419738 4.045837
v -0.284144 0.434700 4.049605
v -0.290010 0.417147 4.029505
v -0.067698 0.450547 3.977696
v -0.242792 0.429308 4.081963
v -0.214146 0.394870 3.906867
v -0.193864 0.419929 3.888253
v -0.189883 0.389236 3.904764
v -0.101909 0.382434 3.960018
v -0.105931 0.371534 3.995517
v -0.130234 0.465865 4.094745
v 0.103894 0.390012 3.966732
v 0.092635 0.415057 3.956617
v 0.107128 0.403978 3.938292
v -0.227088 0.417720 3.899418
v -0.218147 0.442759 3.889228
v -0.184370 0.496746 4.099079
v -0.184370 0.496746 4.099079
v -0.124678 0.374003 3.940643
v -0.190013 0.452554 3.882239
v -0.105931 0.371534 3.995517
v -0.101909 0.382434 3.960018
v -0.090842 0.389805 3.977003
v 0.122542 0.368048 3.978661
v 0.104927 0.383878 3.994951
v -0.113702 0.533604 4.044637
v -0.140031 0.548485 4.048061
v -0.096664 0.525998 4.028837
v -0.113976 0.543856 4.024661
v -0.105681 0.400392 3.929277
v -0.101909 0.382434 3.960018
v -0.172110 0.377590 3.914937
v -0.138041 0.558445 4.020960
v 0.093533 0.436602 3.938765
v 0.078988 0.460925 3.969635
v 0.089490 0.467389 3.943848
v 0.084046 0.435990 3.963297
v 0.089259 0.407266 3.980908
v 0.080278 0.431887 3.988502
v 0.110860 0.536569 3.977414
v -0.113215 0.548959 4.002265
v -0.139554 0.562741 3.990560
v -0.207376 0.466142 3.885283
v 0.110325 0.428702 3.919915
v 0.094556 0.400283 4.012700
v 0.103112 0.458299 3.922046
v 0.254792 0.366651 3.975831
v 0.236232 0.354960 4.002018
v 0.224606 0.351523 3.973251
v 0.133863 0.365608 4.028149
v 0.156319 0.352131 4.014255
v 0.164001 0.357437 4.039281
v 0.140615 0.356169 3.999380
v 0.210550 0.347242 4.009416
v 0.132111 0.545416 4.035837
v 0.150098 0.520021 4.079287
v 0.152871 0.537251 4.064834
v 0.182604 0.348819 4.022895
v 0.164499 0.347647 3.997210
v 0.183750 0.345038 3.995106
v 0.197516 0.355944 4.042661
v 0.190772 0.367491 4.061907
v 0.169904 0.371922 4.064507
v 0.138345 0.374513 4.051042
v 0.132111 0.545416 4.035837
v 0.126062 0.549237 4.002368
v 0.107846 0.532882 4.011559
v 0.107846 0.532882 4.011559
v 0.141658 0.558525 4.007191
v 0.154760 0.388191 4.076119
v 0.220368 0.379855 3.918725
v 0.219861 0.361038 3.943257
v 0.203615 0.367106 3.928447
v 0.150841 0.354695 3.968002
v 0.122542 0.368048 3.978661
v 0.126467 0.372022 3.956551
v 0.244744 0.383356 3.928572
v 0.122756 0.367279 4.001614
v -0.068212 0.442778 4.010364
v -0.074272 0.460472 4.034194
v -0.080649 0.438166 4.045583
v 0.242278 0.368653 3.949548
v 0.242278 0.368653 3.949548
v 0.219861 0.361038 3.943257
v 0.103139 0.507827 3.943520
v 0.124453 0.523383 3.929652
v 0.118995 0.502166 3.918404
v 0.264804 0.384157 3.952749
v -0.089840 0.412714 4.045996
v -0.115523 0.393828 4.062689
v -0.109130 0.386955 4.047257
v 0.150763 0.367336 3.937920
v 0.122696 0.383388 3.942194
v 0.137976 0.393845 3.916070
v -0.146230 0.354186 4.024835
v 0.122696 0.383388 3.942194
v 0.150763 0.367336 3.937920
v 0.104927 0.383878 3.994951
v -0.130100 0.357156 4.008229
v -0.153051 0.363633 4.050754
v -0.177079 0.378444 4.074648
v -0.231974 0.546188 4.037951
v -0.215368 0.538873 4.062819
v -0.212754 0.555220 4.038143
v 0.126467 0.372022 3.956551
v -0.075657 0.421473 4.020565
v -0.089840 0.412714 4.045996
v -0.090877 0.395798 4.027792
v -0.131566 0.370385 4.046819
v -0.090222 0.458134 4.064093
v -0.227233 0.558819 4.006680
v -0.147384 0.377978 4.066909
v -0.111066 0.478109 4.080658
v -0.089557 0.389509 4.008469
v -0.090877 0.395798 4.027792
v -0.074136 0.417658 3.997404
v -0.078235 0.409584 3.978387
v -0.111066 0.478109 4.080658
v -0.107178 0.447482 4.080723
v -0.131651 0.479206 3.894328
v 0.126471 0.464203 4.086623
v 0.148655 0.455471 4.098173
v 0.147786 0.477299 4.096213
v 0.110274 0.389289 4.035889
v 0.096459 0.418989 4.045230
v 0.125245 0.482650 4.082402
v -0.100854 0.420989 4.066152
v -0.107178 0.447482 4.080723
v -0.101994 0.489236 4.069225
v -0.104132 0.508895 4.060704
v -0.101994 0.489236 4.069225
v -0.129875 0.441298 4.094155
v 0.083612 0.424320 4.013258
v 0.091005 0.438759 4.044720
v 0.108439 0.383696 4.018909
v 0.122090 0.397550 4.061494
v 0.096459 0.418989 4.045230
v 0.110274 0.389289 4.035889
v 0.110117 0.440350 4.071838
v 0.091005 0.438759 4.044720
v 0.142147 0.500817 4.086213
v -0.158189 0.523867 3.905855
v -0.145235 0.502700 3.896917
v -0.170613 0.502762 3.890925
v -0.232035 0.529597 4.061650
v -0.152330 0.482117 3.887713
v 0.172536 0.407970 3.894537
v 0.176831 0.426041 3.886382
v 0.199113 0.409634 3.892263
v -0.158189 0.523867 3.905855
v -0.134674 0.531107 3.921455
v -0.132178 0.513582 3.908571
v -0.248936 0.529894 4.044590
v -0.132178 0.513582 3.908571
v 0.110325 0.428702 3.919915
v 0.121887 0.445906 3.905099
v 0.125914 0.417075 3.909842
v 0.153750 0.412589 3.897180
v 0.137976 0.393845 3.916070
v -0.138910 0.395726 4.079021
v -0.123545 0.415421 4.082261
v -0.144451 0.419866 4.094175
v 0.144187 0.509560 3.905247
v 0.151699 0.532315 3.919098
v -0.129875 0.441298 4.094155
v -0.156598 0.451640 4.104672
v 0.131568 0.482328 3.901157
v 0.152873 0.491418 3.893437
v 0.141727 0.467964 3.892636
v 0.188772 0.381415 3.910215
v -0.159476 0.397191 4.087068
v -0.171090 0.420258 4.099893
v -0.190523 0.405222 4.093426
v 0.193882 0.443631 3.882029
v 0.219111 0.425475 3.890299
v 0.116874 0.470250 3.908960
v 0.210778 0.391349 3.905315
v 0.144416 0.438046 3.892754
v 0.100589 0.484322 3.931095
v 0.103112 0.458299 3.922046
v 0.162089 0.449804 3.885031
v -0.204401 0.502045 4.093930
v -0.181575 0.518588 4.087988
v -0.200169 0.524853 4.081529
v -0.189723 0.558075 4.042138
v -0.193656 0.545681 4.061546
v -0.169637 0.552540 4.053752
v -0.171090 0.420258 4.099893
v -0.144451 0.419866 4.094175
v -0.186299 0.450589 4.106236
v -0.209134 0.476371 4.101063
v 0.232890 0.403049 3.904706
v -0.129875 0.441298 4.094155
v -0.178497 0.565784 4.023332
v -0.154837 0.565497 4.012976
v -0.171325 0.569703 3.997103
v -0.197996 0.568082 3.992676
v -0.198855 0.565613 4.018064
v -0.274633 0.398476 3.990177
v -0.273199 0.401988 4.019619
v -0.289233 0.406188 4.003764
v -0.204401 0.502045 4.093930
v 0.110274 0.389289 4.035889
v -0.176577 0.536716 4.073283
v 0.291764 0.518731 4.022513
v 0.290519 0.524866 3.994542
v 0.275420 0.529679 4.005573
v -0.113280 0.426232 3.908133
v 0.108439 0.383696 4.018909
v 0.255166 0.493883 4.077897
v 0.230174 0.493951 4.092556
v 0.246023 0.471208 4.090414
v -0.116499 0.369425 4.026906
v -0.096079 0.445596 3.919217
v -0.094941 0.425918 3.925930
v -0.093972 0.474380 3.921544
v 0.237378 0.513453 4.078830
v 0.257001 0.521585 4.058054
v -0.169490 0.568391 3.977189
v -0.139554 0.562741 3.990560
v -0.145354 0.560341 3.964058
v -0.089557 0.389509 4.008469
v -0.171325 0.569703 3.997103
v 0.228502 0.445011 4.099129
v 0.214444 0.475387 4.102737
v 0.247353 0.447715 4.090095
v -0.273199 0.401988 4.019619
v 0.227338 0.536821 4.064452
v -0.164657 0.559866 3.949213
v -0.136270 0.548595 3.944077
v 0.154760 0.388191 4.076119
v 0.186301 0.388803 4.083307
v 0.167190 0.412435 4.094969
v -0.213777 0.392250 4.079729
v -0.166516 0.545579 3.923779
v -0.100854 0.420989 4.066152
v 0.167479 0.469073 4.103415
v 0.171393 0.440282 4.103789
v 0.195182 0.451349 4.106651
v -0.107178 0.447482 4.080723
v -0.200017 0.371396 3.924340
v -0.222463 0.379791 3.925462
v -0.214146 0.394870 3.906867
v 0.125914 0.417075 3.909842
v 0.167479 0.469073 4.103415
v 0.171393 0.440282 4.103789
v 0.191915 0.421919 4.100404
v 0.202989 0.402601 4.091638
v 0.215442 0.425707 4.098763
v 0.146199 0.428317 4.093571
v -0.228965 0.469023 3.894022
v -0.240592 0.488252 3.904818
v -0.215188 0.497641 3.894538
v 0.138025 0.408285 4.080784
v 0.229051 0.358212 4.030255
v -0.192219 0.524540 3.903850
v -0.215188 0.497641 3.894538
v -0.225814 0.519067 3.912119
v 0.219960 0.365841 4.051992
v 0.213506 0.380139 4.072084
v 0.223252 0.400707 4.084972
v 0.202989 0.402601 4.091638
v -0.081183 0.483439 4.044106
v -0.089384 0.525896 3.994142
v 0.191915 0.421919 4.100404
v 0.196152 0.346234 3.977785
v -0.225386 0.365483 3.947765
v -0.240592 0.488252 3.904818
v -0.244450 0.458617 3.902542
v 0.202989 0.402601 4.091638
v 0.186301 0.388803 4.083307
v -0.237262 0.361389 3.980993
v -0.214696 0.351140 3.999008
v -0.240003 0.388282 3.928203
v -0.087636 0.503368 4.039928
v -0.104132 0.508895 4.060704
v -0.250127 0.376100 3.961719
v -0.124181 0.552543 3.970196
v 0.165781 0.381467 3.913452
v -0.115613 0.538233 3.947299
v -0.107872 0.542586 3.979174
v -0.115613 0.538233 3.947299
v -0.124181 0.552543 3.970196
v -0.113215 0.548959 4.002265
v -0.190924 0.493156 3.888037
v -0.113215 0.548959 4.002265
v -0.192219 0.524540 3.903850
v 0.243996 0.534878 3.932971
v 0.223759 0.554675 3.948408
v 0.249785 0.544256 3.954728
v 0.219417 0.543711 3.928356
v 0.170820 0.469370 3.883630
v -0.096664 0.525998 4.028837
v -0.078601 0.501942 4.019650
v 0.085951 0.495152 3.973526
v 0.095047 0.513135 3.970626
v -0.249657 0.509842 4.064121
v -0.232344 0.493658 4.086479
v -0.225585 0.514479 4.078738
v -0.239187 0.468193 4.088048
v 0.207866 0.552521 4.051327
v 0.204193 0.532802 4.075989
v -0.170613 0.502762 3.890925
v 0.182846 0.545257 4.064073
v -0.225585 0.514479 4.078738
v 0.225609 0.560681 3.967692
v 0.242338 0.557202 3.988716
v -0.232035 0.529597 4.061650
v 0.181251 0.523799 4.084427
v 0.282245 0.459771 3.929806
v 0.298377 0.467262 3.937509
v 0.303740 0.438474 3.946521
v 0.100589 0.484322 3.931095
v -0.232451 0.546919 3.951046
v -0.251832 0.541456 3.976401
v -0.235828 0.553332 3.980736
v 0.241300 0.552808 4.024231
v 0.257461 0.546976 4.004975
v -0.216148 0.561970 3.974585
v 0.124453 0.523383 3.929652
v 0.103139 0.507827 3.943520
v 0.109409 0.526548 3.956819
v 0.239668 0.544146 4.045794
v 0.189837 0.477488 4.104248
v 0.089980 0.491849 3.955423
v -0.197996 0.568082 3.992676
v -0.193248 0.564731 3.963193
v 0.118995 0.502166 3.918404
v -0.134674 0.531107 3.921455
v -0.115613 0.538233 3.947299
v -0.105022 0.510854 3.927372
v -0.195205 0.541014 3.920726
v -0.199674 0.557089 3.945182
v -0.247569 0.440182 3.906083
v -0.227233 0.558819 4.006680
v -0.213440 0.542044 3.928313
v -0.244418 0.527690 3.934333
v 0.199250 0.504270 4.096061
v 0.170260 0.496074 4.097987
v 0.215654 0.519663 4.083667
v -0.086716 0.407714 3.952698
v -0.105681 0.400392 3.929277
v -0.158624 0.559413 4.035412
v -0.227088 0.417720 3.899418
v -0.254158 0.411625 3.922797
v -0.078110 0.429214 3.952833
v -0.070871 0.431370 3.978771
v -0.154837 0.565497 4.012976
v -0.119256 0.499705 3.908514
v -0.096079 0.445596 3.919217
v 0.131016 0.551959 3.981804
v 0.150592 0.561323 3.977490
v -0.109534 0.480280 3.908523
v 0.133387 0.547052 3.954966
v -0.094941 0.425918 3.925930
v 0.223252 0.400707 4.084972
v 0.249365 0.404542 4.073411
v 0.241607 0.420984 4.086813
v -0.189883 0.389236 3.904764
v 0.181251 0.523799 4.084427
v 0.182846 0.545257 4.064073
v 0.145725 0.543518 3.937158
v 0.151699 0.532315 3.919098
v 0.124453 0.523383 3.929652
v 0.110860 0.536569 3.977414
v 0.233358 0.381492 4.065118
v 0.256185 0.388631 4.053334
v 0.109409 0.526548 3.956819
v 0.129840 0.435879 4.087085
v 0.170260 0.496074 4.097987
v -0.267107 0.391195 4.020655
v -0.260988 0.407082 4.052189
v 0.233358 0.381492 4.065118
v 0.116891 0.414835 4.067735
v 0.122090 0.397550 4.061494
v 0.193040 0.353096 3.951502
v 0.170529 0.350562 3.963027
v 0.202584 0.531775 3.910378
v 0.230056 0.518146 3.907326
v 0.193040 0.353096 3.951502
v 0.207866 0.552521 4.051327
v 0.181066 0.560180 4.039052
v 0.182846 0.545257 4.064073
v 0.253278 0.374749 4.037714
v 0.256185 0.388631 4.053334
v 0.179373 0.361143 3.936713
v 0.189318 0.569530 3.990757
v 0.196163 0.566834 4.020725
v 0.217843 0.566836 3.999594
v 0.261443 0.519393 3.932673
v 0.263884 0.498475 3.919677
v 0.242024 0.502454 3.904606
v 0.194848 0.476853 3.883158
v 0.275016 0.386128 3.975842
v 0.271637 0.380613 3.997637
v 0.202584 0.531775 3.910378
v 0.215736 0.559337 4.032871
v 0.263884 0.498475 3.919677
v 0.272262 0.465149 3.916423
v 0.170770 0.517117 3.900072
v 0.255232 0.367334 4.012269
v 0.302366 0.454602 4.050911
v 0.309795 0.480996 4.041955
v 0.293271 0.479850 4.054671
v 0.178707 0.565775 3.965636
v 0.164895 0.566904 3.990736
v 0.201447 0.566522 3.969350
v 0.325992 0.474411 4.018372
v 0.321498 0.455595 4.029865
v 0.327781 0.449640 4.006921
v 0.199551 0.559000 3.947825
v 0.174529 0.553685 3.937222
v 0.307204 0.502768 4.027698
v 0.307472 0.512298 4.006579
v 0.275016 0.386128 3.975842
v 0.254792 0.366651 3.975831
v 0.197937 0.548288 3.928373
v -0.302915 0.468392 3.951159
v -0.314557 0.451228 3.970361
v -0.313398 0.476187 3.972775
v 0.174424 0.491440 3.888101
v 0.285245 0.430812 3.940715
v 0.310025 0.510058 3.984094
v 0.307472 0.512298 4.006579
v 0.307204 0.502768 4.027698
v 0.319583 0.492661 4.016860
v 0.176632 0.538773 3.917829
v 0.270552 0.428451 3.920605
v 0.279353 0.406210 3.948315
v 0.261815 0.404039 3.925441
v 0.179373 0.361143 3.936713
v 0.322942 0.493761 3.995484
v 0.310025 0.510058 3.984094
v 0.321498 0.455595 4.029865
v 0.325992 0.474411 4.018372
v 0.319583 0.492661 4.016860
v 0.307204 0.502768 4.027698
v 0.330063 0.466873 3.992921
v 0.150763 0.367336 3.937920
v -0.256062 0.375451 3.992795
v 0.292219 0.500695 4.043762
v -0.267751 0.389420 3.982274
v -0.263224 0.393756 3.953556
v 0.291764 0.518731 4.022513
v -0.229740 0.371964 4.048417
v -0.246935 0.385215 4.047136
v -0.229740 0.371964 4.048417
v -0.308031 0.499380 3.984437
v -0.317869 0.474583 3.989448
v -0.192652 0.348497 4.019960
v -0.216025 0.355654 4.025525
v -0.235466 0.361381 4.011060
v -0.318519 0.450170 3.994728
v -0.229740 0.371964 4.048417
v -0.252000 0.375877 4.020610
v 0.162581 0.557577 4.037959
v 0.152871 0.537251 4.064834
v 0.167948 0.566512 4.009626
v 0.157913 0.557251 3.953448
v -0.304083 0.492695 3.965422
v -0.288446 0.495195 3.948162
v -0.288827 0.512952 3.968497
v -0.308031 0.499380 3.984437
v -0.287041 0.521143 3.989722
v -0.288827 0.512952 3.968497
v 0.285235 0.413162 3.955122
v -0.265296 0.443618 3.922472
v -0.247569 0.440182 3.906083
v 0.243212 0.420736 3.901930
v 0.278091 0.461282 4.062742
v 0.253806 0.441944 3.902747
v 0.318464 0.490340 3.969657
v 0.307708 0.490858 3.953565
v 0.297817 0.514113 3.967249
v -0.244450 0.458617 3.902542
v -0.247569 0.440182 3.906083
v -0.265296 0.443618 3.922472
v 0.176632 0.538773 3.917829
v 0.297817 0.514113 3.967249
v -0.286879 0.450493 3.939320
v -0.288113 0.472924 3.939511
v -0.248936 0.529894 4.044590
v -0.252075 0.541943 4.011271
v -0.264703 0.524490 4.022294
v -0.200169 0.524853 4.081529
v 0.285624 0.402420 3.974705
v 0.285501 0.398601 3.998486
v 0.292220 0.496796 3.945277
v 0.307708 0.490858 3.953565
v 0.239668 0.544146 4.045794
v 0.326287 0.474801 3.977093
v 0.285624 0.402420 3.974705
v 0.317015 0.466301 3.955294
v -0.269572 0.484961 3.934212
v -0.267233 0.510839 3.949033
v -0.288446 0.495195 3.948162
v 0.307723 0.416149 4.015939
v 0.296760 0.414714 4.029739
v 0.283865 0.401057 4.018026
v 0.292220 0.496796 3.945277
v 0.298377 0.467262 3.937509
v -0.252976 0.503866 3.922430
v -0.252075 0.541943 4.011271
v 0.292220 0.496796 3.945277
v 0.277883 0.515141 3.955249
v 0.301055 0.406221 3.995254
v 0.307723 0.416149 4.015939
v 0.283865 0.401057 4.018026
v 0.323656 0.452712 3.968448
v 0.280142 0.493688 3.937836
v 0.307723 0.416149 4.015939
v 0.301055 0.406221 3.995254
v 0.320650 0.426495 3.995435
v 0.310266 0.432559 4.034317
v 0.293377 0.434801 4.050890
v 0.268273 0.461982 4.074982
v 0.268109 0.496125 4.064939
v -0.264958 0.529119 3.994204
v -0.281783 0.522276 4.009786
v -0.264793 0.508244 4.044964
v -0.285291 0.513037 4.028164
v -0.286078 0.500093 4.041444
v 0.327725 0.448668 3.987264
v 0.265253 0.539229 3.979162
v -0.249657 0.509842 4.064121
v 0.320888 0.434456 4.014849
v -0.266209 0.482401 4.061234
v -0.287656 0.460472 4.053857
v -0.269527 0.450471 4.060769
v -0.285599 0.478148 4.052945
v 0.267451 0.530607 3.959443
v 0.320888 0.434456 4.014849
v 0.310266 0.432559 4.034317
v -0.259566 0.429533 4.067396
v 0.282896 0.413726 4.038297
v 0.281472 0.433789 4.055165
v 0.269862 0.408538 4.055914
v -0.264703 0.524490 4.022294
v -0.248936 0.529894 4.044590
v -0.312657 0.447520 4.023673
v -0.303791 0.467034 4.039445
v -0.316570 0.470053 4.015689
v 0.277107 0.393228 4.026132
v -0.251041 0.456021 4.080488
v -0.316570 0.470053 4.015689
v -0.313386 0.490207 4.005631
v -0.269572 0.484961 3.934212
v -0.306969 0.423482 3.985631
v -0.265772 0.525375 3.973587
v -0.255588 0.530837 3.957349
v 0.317445 0.432998 3.968172
v -0.259260 0.476044 3.917295
v -0.272073 0.460738 3.930980
v -0.240592 0.488252 3.904818
v -0.252976 0.503866 3.922430
v -0.246935 0.385215 4.047136
v -0.253784 0.487057 4.072592
v -0.267107 0.391195 4.020655
v -0.285291 0.513037 4.028164
v 0.276586 0.525709 3.975794
v 0.277107 0.393228 4.026132
v -0.302381 0.491629 4.031911
v -0.312657 0.447520 4.023673
v -0.306622 0.424562 4.013487
v 0.264531 0.429771 4.073797
v -0.297813 0.441063 4.041260
v 0.304582 0.414522 3.970627
v -0.300738 0.507662 4.007739
v -0.302381 0.491629 4.031911
v -0.306622 0.424562 4.013487
v 0.263091 0.533421 4.032084
v -0.306622 0.424562 4.013487
v -0.306969 0.423482 3.985631
v 0.263091 0.533421 4.032084
v 0.303740 0.438474 3.946521
v -0.300738 0.507662 4.007739
v -0.300279 0.444823 3.952501
v -0.302381 0.491629 4.031911
v -0.286879 0.450493 3.939320
v -0.273753 0.436485 3.937089
v -0.294385 0.424225 3.957407
v 0.280142 0.493688 3.937836
v -0.290010 0.417147 4.029505
v -0.287437 0.407366 3.979450
v -0.294385 0.424225 3.957407
v -0.275155 0.422072 3.946976
v -0.274683 0.406143 3.966056
v 0.275292 0.514043 4.039964
v 0.277140 0.487587 4.057858
v 0.275292 0.514043 4.039964
v 0.304582 0.414522 3.970627
v -0.273753 0.436485 3.937089
v 0.301055 0.406221 3.995254
vn -0.7524 0.2331 0.6161
vn -0.8332 0.0833 0.5466
vn -0.7473 0.0277 0.6639
vn -0.1559 -0.9802 -0.1218
vn -0.2174 -0.9249 -0.3119
vn 0.0185 -0.9414 -0.3368
vn -0.9386 0.2464 0.2417
vn -0.9636 -0.0199 0.2666
vn -0.9291 0.0783 0.3614
vn -0.7098 0.5702 0.4137
vn -0.7276 0.4301 0.5344
vn -0.5687 0.5926 0.5704
vn -0.5983 0.4153 0.6853
vn -0.8790 0.4756 0.0344
vn -0.9821 0.1832 0.0446
vn 0.0424 -0.9733 -0.2254
vn -0.9959 -0.0407 0.0813
vn 0.0225 -0.7685 -0.6395
vn 0.1448 -0.7708 -0.6204
vn 0.1661 -0.8498 -0.5003
vn -0.8953 0.2834 0.3436
vn -0.8167 0.3597 0.4513
vn -0.0954 -0.8494 -0.5190
vn -0.8212 0.4542 0.3455
vn 0.2595 -0.9657 0.0123
vn 0.3425 -0.9116 -0.2274
vn 0.4879 -0.8573 -0.1645
vn -0.8645 0.4534 0.2168
vn 0.4317 -0.5992 -0.6743
vn 0.2017 -0.5534 -0.8082
vn 0.4236 -0.4269 -0.7990
vn -0.7958 0.5500 0.2535
vn -0.8017 0.5841 0.1273
vn 0.3038 -0.6909 -0.6560
vn 0.4933 -0.6815 -0.5407
vn 0.3375 -0.7668 -0.5460
vn 0.1259 -0.9910 -0.0449
vn 0.1964 -0.9073 -0.3718
vn -0.3451 -0.9239 -0.1654
vn 0.4128 -0.1864 -0.8915
vn 0.2571 -0.3223 -0.9111
vn 0.2592 -0.0298 -0.9654
vn 0.3467 -0.8274 -0.4419
vn 0.5408 -0.0098 -0.8411
vn 0.0592 -0.4262 -0.9027
vn -0.3518 -0.3133 0.8821
vn -0.2751 -0.0643 0.9593
vn -0.4430 -0.0784 0.8931
vn 0.2465 0.3028 -0.9206
vn 0.4321 0.3184 -0.8438
vn 0.4417 0.1139 -0.8899
vn 0.0935 -0.1899 -0.9773
vn 0.0289 0.0995 -0.9946
vn 0.5733 0.1763 -0.8001
vn 0.2537 0.4572 -0.8524
vn 0.0591 0.4636 -0.8841
vn -0.3849 -0.5042 0.7731
vn -0.1841 -0.3713 0.9101
vn 0.7289 0.4474 -0.5181
vn 0.8573 0.3089 -0.4118
vn 0.8182 0.1499 -0.5551
vn 0.8916 0.4121 -0.1878
vn 0.7696 0.5893 -0.2459
vn 0.8075 0.5894 -0.0246
vn 0.1786 0.0643 -0.9818
vn -0.1713 -0.8646 0.4724
vn -0.0861 -0.9578 0.2744
vn 0.0744 -0.9296 0.3611
vn 0.0510 -0.9896 0.1342
vn -0.0335 -0.9989 0.0329
vn 0.4890 0.1038 0.8661
vn 0.4207 0.2654 0.8675
vn 0.2396 0.3296 0.9132
vn -0.2573 -0.7169 0.6480
vn -0.0176 -0.8191 0.5734
vn 0.7305 0.5410 -0.4167
vn 0.3448 -0.0952 -0.9338
vn -0.2500 -0.8862 0.3901
vn 0.9857 0.1205 0.1181
vn 0.9693 0.1998 -0.1430
vn 0.9252 0.3779 0.0341
vn -0.1311 -0.2445 0.9608
vn 0.1984 0.6580 0.7264
vn 0.1582 0.4765 0.8648
vn 0.4255 0.4479 0.7863
vn 0.1823 -0.0326 0.9827
vn 0.1587 0.1492 0.9760
vn -0.0040 0.1581 0.9874
vn 0.9267 0.1043 -0.3611
vn 0.8875 -0.0718 -0.4551
vn 0.4293 0.6476 0.6295
vn -0.5453 -0.4742 0.6912
vn -0.6328 -0.4888 0.6005
vn -0.4639 -0.4018 0.7895
vn -0.5525 -0.6064 0.5718
vn 0.9880 -0.0540 -0.1445
vn -0.5633 -0.2469 0.7885
vn -0.2240 -0.4578 -0.8604
vn -0.1378 -0.3272 -0.9348
vn -0.0528 -0.5288 -0.8471
vn 0.5987 -0.7595 -0.2545
vn 0.6095 -0.7914 0.0478
vn 0.3329 0.0404 0.9421
vn -0.7592 -0.6036 -0.2435
vn -0.8665 -0.3742 -0.3305
vn -0.7290 -0.4721 -0.4957
vn -0.3477 -0.2989 -0.8887
vn -0.3468 -0.1277 -0.9292
vn -0.0055 0.4316 0.9021
vn -0.0832 0.2613 0.9617
vn 0.4988 -0.7996 -0.3344
vn -0.1027 -0.0674 -0.9924
vn 0.7314 -0.6780 -0.0730
vn 0.7448 -0.6062 -0.2789
vn 0.7845 -0.6033 -0.1435
vn -0.6958 -0.6931 -0.1883
vn -0.7899 -0.6127 -0.0256
vn 0.5795 0.6729 0.4597
vn 0.3445 0.8072 0.4793
vn 0.6846 0.6642 0.3004
vn 0.5709 0.7727 0.2773
vn 0.5827 -0.5224 -0.6226
vn 0.6210 -0.6412 -0.4508
vn 0.1112 -0.6283 -0.7700
vn 0.3743 0.8955 0.2410
vn -0.8544 -0.1820 -0.4868
vn -0.9767 0.0336 -0.2121
vn -0.8915 0.0849 -0.4450
vn -0.9412 -0.1977 -0.2738
vn -0.8894 -0.4435 -0.1108
vn -0.9740 -0.2205 -0.0530
vn -0.7921 0.5998 -0.1131
vn 0.5737 0.8028 0.1625
vn 0.3906 0.9140 0.1097
vn -0.2496 0.0881 -0.9643
vn -0.7409 -0.2923 -0.6046
vn -0.8495 -0.5003 0.1675
vn -0.8224 -0.0192 -0.5686
vn 0.5482 -0.8302 -0.1014
vn 0.4159 -0.9069 0.0676
vn 0.3042 -0.9348 -0.1834
vn -0.4970 -0.8150 0.2980
vn -0.2979 -0.9335 0.1997
vn -0.2298 -0.8839 0.4073
vn -0.4335 -0.9002 0.0417
vn 0.1782 -0.9744 0.1368
vn -0.5878 0.6758 0.4446
vn -0.3477 0.5509 0.7587
vn -0.3468 0.6629 0.6636
vn -0.0641 -0.9654 0.2528
vn -0.2234 -0.9745 0.0181
vn -0.0502 -0.9987 0.0078
vn 0.0692 -0.9024 0.4252
vn 0.0115 -0.7962 0.6049
vn -0.1823 -0.7638 0.6192
vn -0.4526 -0.7315 0.5099
vn -0.4479 0.8380 0.3116
vn -0.5832 0.8089 0.0746
vn -0.6321 0.7668 0.1116
vn -0.6643 0.6785 0.3136
vn -0.4215 0.8988 0.1205
vn -0.3056 -0.6829 0.6635
vn 0.2740 -0.6962 -0.6635
vn 0.2586 -0.8063 -0.5320
vn 0.1154 -0.8008 -0.5878
vn -0.3567 -0.9072 -0.2231
vn -0.5390 -0.8354 -0.1079
vn -0.4745 -0.8065 -0.3527
vn 0.4834 -0.6579 -0.5775
vn -0.6031 -0.7936 0.0806
vn 0.9812 -0.1281 0.1443
vn 0.9349 0.0292 0.3537
vn 0.8725 -0.1726 0.4572
vn 0.4182 -0.8552 -0.3063
vn 0.4979 -0.7529 -0.4305
vn 0.2796 -0.9015 -0.3302
vn -0.6959 0.4678 -0.5448
vn -0.5705 0.5124 -0.6419
vn -0.6084 0.3889 -0.6918
vn 0.6638 -0.6497 -0.3706
vn 0.7101 -0.4886 0.5070
vn 0.5572 -0.5586 0.6144
vn 0.6303 -0.6287 0.4556
vn -0.4757 -0.6846 -0.5523
vn -0.6176 -0.6289 -0.4723
vn -0.5636 -0.5775 -0.5907
vn 0.2911 -0.9160 0.2762
vn -0.4931 -0.7405 -0.4567
vn -0.3514 -0.8470 -0.3988
vn -0.6903 -0.7220 0.0484
vn 0.4415 -0.8890 0.1217
vn 0.2248 -0.8332 0.5052
vn 0.0189 -0.6911 0.7225
vn -0.4751 0.7913 0.3849
vn -0.3183 0.7262 0.6094
vn -0.2978 0.8695 0.3941
vn -0.6733 -0.6779 -0.2951
vn 0.9138 -0.3262 0.2421
vn 0.8393 -0.3305 0.4316
vn 0.8609 -0.4370 0.2605
vn 0.4230 -0.7726 0.4735
vn 0.7870 0.0103 0.6169
vn -0.3894 0.8941 0.2211
vn 0.2830 -0.7039 0.6515
vn 0.5530 0.2097 0.8063
vn 0.8468 -0.5285 0.0595
vn 0.7023 -0.6202 0.3495
vn 0.9329 -0.3584 0.0367
vn 0.8935 -0.4279 -0.1364
vn 0.6879 0.1249 0.7150
vn 0.7173 -0.0579 0.6943
vn 0.4163 0.1954 -0.8880
vn -0.5612 0.0529 0.8260
vn -0.3679 -0.0242 0.9295
vn -0.3753 0.1796 0.9093
vn -0.8040 -0.5122 0.3021
vn -0.8788 -0.3571 0.3166
vn -0.5807 0.2278 0.7816
vn 0.7731 -0.2185 0.5955
vn 0.5372 0.0309 0.8429
vn 0.5807 0.3433 0.7382
vn 0.5948 0.5001 0.6294
vn 0.7498 0.2318 0.6197
vn 0.5119 -0.0132 0.8590
vn -0.9408 -0.2886 0.1780
vn -0.9287 -0.1595 0.3347
vn -0.7870 -0.5826 0.2030
vn -0.6295 -0.4709 0.6180
vn -0.7533 -0.3370 0.5647
vn -0.7208 -0.4896 0.4906
vn -0.7104 -0.1612 0.6851
vn -0.8117 -0.1354 0.5681
vn -0.4218 0.3754 0.8253
vn 0.2406 0.4988 -0.8326
vn 0.3028 0.4019 -0.8642
vn 0.0794 0.3673 -0.9267
vn -0.4687 0.6618 0.5851
vn 0.2344 0.2167 -0.9477
vn -0.1462 -0.4631 -0.8741
vn -0.1195 -0.2734 -0.9545
vn 0.0850 -0.4219 -0.9027
vn 0.1604 0.6269 -0.7624
vn 0.3246 0.6921 -0.6447
vn 0.3115 0.5913 -0.7439
vn -0.5518 0.6893 0.4695
vn 0.4372 0.4864 -0.7565
vn -0.6693 -0.1726 -0.7227
vn -0.6002 -0.1013 -0.7934
vn -0.5102 -0.2997 -0.8062
vn -0.3243 -0.3976 -0.8583
vn -0.3695 -0.5508 -0.7484
vn 0.3595 -0.5481 0.7552
vn 0.5015 -0.3666 0.7836
vn 0.3215 -0.3524 0.8789
vn -0.4105 0.4636 -0.7852
vn -0.3336 0.5986 -0.7283
vn 0.4239 -0.2378 0.8740
vn 0.2919 -0.1976 0.9358
vn -0.5172 0.2422 -0.8209
vn -0.3246 0.3020 -0.8963
vn -0.4242 0.0850 -0.9016
vn -0.0026 -0.6704 -0.7420
vn 0.1675 -0.5346 0.8283
vn 0.1181 -0.4365 0.8919
vn -0.0237 -0.5541 0.8321
vn 0.0406 -0.1217 -0.9917
vn 0.2527 -0.2863 -0.9242
vn -0.6473 0.1196 -0.7528
vn 0.1857 -0.5848 -0.7897
vn -0.4071 -0.1756 -0.8964
vn -0.7197 0.2086 -0.6622
vn -0.7204 0.0209 -0.6933
vn -0.2421 -0.0713 -0.9676
vn -0.1170 0.4747 0.8723
vn -0.0183 0.5434 0.8392
vn -0.1683 0.6226 0.7642
vn -0.0963 0.8972 0.4311
vn -0.1332 0.7878 0.6014
vn 0.0866 0.8426 0.5316
vn 0.0591 -0.2463 0.9674
vn 0.2005 -0.2374 0.9505
vn -0.0590 -0.0555 0.9967
vn -0.2672 0.1686 0.9488
vn 0.3810 -0.4830 -0.7884
vn 0.3604 -0.0171 0.9326
vn 0.0136 0.9639 0.2658
vn 0.2120 0.9543 0.2104
vn 0.0005 0.9905 0.1373
vn -0.1571 0.9834 0.0903
vn -0.1787 0.9615 0.2086
vn -0.6671 -0.7434 -0.0479
vn -0.6701 -0.7173 0.1909
vn -0.5631 -0.8191 0.1096
vn -0.2745 0.3711 0.8871
vn -0.6073 -0.6941 0.3866
vn 0.0134 0.7063 0.7078
vn 0.4043 0.8618 0.3063
vn 0.4270 0.9034 -0.0395
vn 0.5508 0.8241 0.1321
vn 0.5865 -0.2768 -0.7612
vn -0.6462 -0.7319 0.2164
vn 0.5760 0.3216 0.7515
vn 0.3575 0.3301 0.8736
vn 0.4946 0.1265 0.8599
vn 0.5580 -0.7782 0.2880
vn 0.6702 -0.0994 -0.7355
vn 0.6651 -0.2845 -0.6904
vn 0.6795 0.1486 -0.7185
vn 0.4267 0.5040 0.7510
vn 0.5912 0.5690 0.5716
vn 0.0855 0.9844 -0.1540
vn 0.3314 0.9397 -0.0843
vn 0.3003 0.9175 -0.2608
vn 0.6767 -0.7009 0.2253
vn 0.1075 0.9935 -0.0364
vn 0.3370 -0.1025 0.9359
vn 0.2227 0.1562 0.9623
vn 0.5197 -0.0902 0.8496
vn -0.7172 -0.5567 0.4191
vn 0.3323 0.7010 0.6311
vn 0.1219 0.9091 -0.3982
vn 0.3700 0.8124 -0.4506
vn -0.3181 -0.5219 0.7915
vn -0.1031 -0.5060 0.8563
vn -0.1964 -0.4047 0.8931
vn -0.2067 -0.6472 0.7338
vn 0.1125 0.7779 -0.6182
vn 0.6382 -0.3778 0.6708
vn -0.1005 0.1040 0.9895
vn -0.0723 -0.1012 0.9922
vn 0.0508 -0.0559 0.9971
vn 0.5708 -0.2539 0.7809
vn -0.2023 -0.7523 -0.6270
vn -0.3665 -0.7027 -0.6099
vn -0.3614 -0.6016 -0.7123
vn -0.6439 -0.4385 -0.6270
vn -0.2739 0.0951 0.9570
vn -0.2334 -0.1788 0.9558
vn 0.0757 -0.2620 0.9621
vn 0.1961 -0.3839 0.9023
vn 0.2290 -0.2833 0.9313
vn -0.3752 -0.2559 0.8909
vn -0.4432 0.1027 -0.8905
vn -0.4780 0.1921 -0.8571
vn -0.2737 0.2859 -0.9183
vn -0.4621 -0.4356 0.7725
vn 0.3468 -0.8793 0.3263
vn -0.1165 0.6317 -0.7664
vn -0.3849 0.4638 -0.7979
vn -0.4117 0.5515 -0.7255
vn 0.2724 -0.8142 0.5128
vn 0.1954 -0.6850 0.7018
vn 0.2371 -0.5940 0.7687
vn 0.1598 -0.6045 0.7804
vn 0.8671 0.2258 0.4440
vn 0.7133 0.6851 0.1477
vn -0.0609 -0.3719 0.9263
vn 0.0596 -0.9877 -0.1444
vn -0.4119 -0.8134 -0.4107
vn -0.4958 0.4181 -0.7611
vn -0.5012 -0.0034 -0.8653
vn -0.0419 -0.4540 0.8900
vn 0.0122 -0.6727 0.7398
vn -0.5152 -0.8495 -0.1136
vn -0.3144 -0.9481 0.0481
vn -0.5405 -0.6098 -0.5797
vn 0.8004 0.4255 0.4222
vn 0.7601 0.3971 0.5143
vn -0.6263 -0.7247 -0.2875
vn 0.4368 0.8736 -0.2145
vn -0.2174 -0.6676 -0.7121
vn 0.4576 0.7791 -0.4285
vn 0.6419 0.7530 -0.1449
vn 0.6418 0.6905 -0.3336
vn 0.5874 0.7851 -0.1965
vn 0.6376 0.7677 -0.0643
vn -0.1085 0.3123 -0.9438
vn 0.4864 0.8710 -0.0690
vn -0.1214 0.4427 -0.8884
vn 0.4740 0.6891 -0.5481
vn 0.2983 0.8626 -0.4085
vn 0.5327 0.7755 -0.3388
vn 0.2688 0.7632 -0.5877
vn -0.1673 0.1071 -0.9801
vn 0.7974 0.5240 0.2994
vn 0.8889 0.3945 0.2327
vn -0.9319 0.3226 -0.1659
vn -0.8397 0.5003 -0.2113
vn -0.6361 0.4452 0.6302
vn -0.4706 0.3181 0.8230
vn -0.4302 0.4751 0.7676
vn -0.5255 0.1127 0.8433
vn 0.1882 0.7783 0.5990
vn 0.1227 0.6741 0.7284
vn 0.0599 0.5527 -0.8312
vn 0.0532 0.7364 0.6745
vn -0.3527 0.6105 0.7092
vn 0.3224 0.9192 -0.2260
vn 0.4673 0.8824 -0.0545
vn -0.5106 0.5392 0.6698
vn 0.0106 0.5752 0.8180
vn 0.6593 -0.0176 -0.7517
vn 0.4459 0.1083 -0.8885
vn 0.4674 -0.4153 -0.7804
vn -0.8175 0.2629 -0.5125
vn -0.4677 0.7999 -0.3760
vn -0.6448 0.7497 -0.1490
vn -0.5097 0.8528 -0.1141
vn 0.4498 0.8536 0.2626
vn 0.6018 0.7919 0.1039
vn -0.3300 0.9278 -0.1738
vn -0.6988 0.5548 -0.4516
vn -0.7831 0.4449 -0.4346
vn -0.7628 0.5529 -0.3354
vn 0.4555 0.7212 0.5220
vn -0.0078 0.1866 0.9824
vn -0.8860 0.3046 -0.3497
vn -0.1752 0.9809 -0.0839
vn -0.1165 0.9584 -0.2605
vn -0.7441 0.3735 -0.5539
vn 0.5249 0.5890 -0.6144
vn 0.5383 0.6221 -0.5686
vn 0.5823 0.4848 -0.6526
vn -0.1426 0.7492 -0.6469
vn -0.1821 0.8806 -0.4374
vn -0.4851 -0.1240 -0.8656
vn -0.4573 0.8892 -0.0122
vn -0.3182 0.7436 -0.5881
vn -0.5747 0.6244 -0.5290
vn 0.0846 0.4166 0.9051
vn -0.0666 0.3261 0.9430
vn 0.2315 0.5481 0.8037
vn 0.8167 -0.4435 -0.3691
vn 0.7537 -0.4641 -0.4652
vn 0.1774 0.9151 0.3622
vn -0.5276 -0.4211 -0.7378
vn -0.6670 -0.3994 -0.6290
vn 0.8982 -0.2526 -0.3597
vn 0.9630 -0.2340 -0.1338
vn 0.2198 0.9751 0.0300
vn 0.5317 0.3706 -0.7615
vn 0.8081 -0.0814 -0.5833
vn -0.5211 0.8467 -0.1075
vn -0.3529 0.9236 -0.1498
vn 0.6169 0.2088 -0.7589
vn -0.5053 0.7921 -0.3424
vn 0.8098 -0.2726 -0.5195
vn 0.3477 -0.4458 0.8248
vn 0.5270 -0.4722 0.7066
vn 0.4530 -0.3230 0.8310
vn -0.1478 -0.6917 -0.7069
vn -0.1891 0.5979 0.7789
vn -0.1650 0.6852 0.7094
vn -0.3852 0.7662 -0.5143
vn -0.3335 0.7394 -0.5849
vn -0.5315 0.6924 -0.4880
vn -0.6222 0.7683 -0.1503
vn 0.4573 -0.5647 0.6870
vn 0.6160 -0.5470 0.5669
vn -0.6226 0.6958 -0.3581
vn -0.5365 -0.1869 0.8229
vn -0.2661 0.3635 0.8928
vn -0.7827 -0.4901 0.3837
vn -0.7232 -0.4608 0.5145
vn 0.3601 -0.7160 0.5980
vn -0.6545 -0.3619 0.6638
vn -0.5404 -0.6329 0.5545
vn 0.0705 -0.8665 -0.4942
vn -0.1654 -0.9483 -0.2708
vn 0.1509 0.7198 -0.6776
vn 0.4218 0.6088 -0.6720
vn 0.0279 -0.9475 -0.3185
vn 0.1367 0.8852 0.4446
vn -0.0664 0.9125 0.4036
vn -0.1078 0.8428 0.5273
vn 0.5564 -0.7349 0.3878
vn 0.5704 -0.6638 0.4838
vn -0.0589 -0.8170 -0.5736
vn -0.0052 0.9997 -0.0222
vn 0.0533 0.9707 0.2343
vn 0.2479 0.9673 0.0537
vn 0.6356 0.5503 -0.5415
vn 0.6386 0.4585 -0.6181
vn 0.5349 0.5069 -0.6760
vn 0.0381 0.1808 -0.9828
vn 0.7682 -0.6368 -0.0655
vn 0.7252 -0.6873 0.0406
vn 0.0642 0.5953 -0.8009
vn 0.2428 0.9084 0.3404
vn 0.6702 0.2592 -0.6954
vn 0.7231 0.0714 -0.6870
vn -0.1703 0.5337 -0.8284
vn 0.5860 -0.7950 0.1566
vn 0.5951 -0.1043 0.7969
vn 0.7060 0.2643 0.6570
vn 0.4574 0.2429 0.8554
vn -0.1023 0.9625 -0.2513
vn -0.2178 0.9753 -0.0359
vn 0.1101 0.9701 -0.2163
vn 0.9765 0.1277 0.1737
vn 0.9468 -0.1319 0.2935
vn 0.9699 -0.1855 0.1575
vn 0.0851 0.9076 -0.4112
vn -0.1372 0.8528 -0.5039
vn 0.6235 0.7096 0.3282
vn 0.5812 0.7992 0.1532
vn 0.7434 -0.6145 -0.2640
vn 0.6201 -0.7308 -0.2853
vn 0.0732 0.8114 -0.5799
vn -0.7583 0.0914 -0.6454
vn -0.9148 -0.1687 -0.3669
vn -0.9142 0.2062 -0.3489
vn -0.1348 0.3089 -0.9415
vn 0.6450 -0.3606 -0.6738
vn 0.5626 0.8193 -0.1107
vn 0.7788 0.6099 0.1470
vn 0.7430 0.6065 0.2831
vn 0.8491 0.4906 0.1959
vn -0.1143 0.7671 -0.6313
vn 0.7150 -0.2535 -0.6515
vn 0.7890 -0.4595 -0.4078
vn 0.6376 -0.4706 -0.6100
vn -0.1634 -0.8951 -0.4149
vn 0.8948 0.4463 -0.0101
vn 0.7828 0.5879 -0.2037
vn 0.8018 -0.0926 0.5903
vn 0.8310 0.2291 0.5068
vn 0.7961 0.3671 0.4812
vn 0.6363 0.5288 0.5617
vn 0.9970 0.0673 -0.0378
vn -0.2721 -0.7514 -0.6010
vn -0.6883 -0.7254 -0.0070
vn 0.4450 0.5577 0.7007
vn -0.7839 -0.6116 -0.1065
vn -0.7458 -0.5584 -0.3633
vn 0.4612 0.6813 0.5684
vn -0.3156 -0.7960 0.5165
vn -0.6146 -0.5825 0.5320
vn -0.4877 -0.6223 0.6123
vn -0.8643 0.4654 -0.1907
vn -0.9810 0.1682 -0.0969
vn -0.2277 -0.9666 0.1176
vn -0.3778 -0.9016 0.2109
vn -0.5026 -0.8508 0.1532
vn -0.9827 -0.1852 -0.0071
vn -0.5338 -0.7779 0.3316
vn -0.6326 -0.7363 0.2402
vn -0.2533 0.8856 0.3892
vn -0.2737 0.8121 0.5153
vn -0.1879 0.9705 0.1512
vn -0.2867 0.8902 -0.3539
vn -0.7779 0.4306 -0.4577
vn -0.6315 0.3880 -0.6713
vn -0.6836 0.5818 -0.4407
vn -0.7018 0.7037 -0.1106
vn -0.5261 0.8452 -0.0938
vn -0.4890 0.7818 -0.3869
vn 0.7065 -0.5370 -0.4610
vn -0.7324 -0.2698 -0.6251
vn -0.6344 -0.2762 -0.7220
vn 0.4851 -0.3173 -0.8149
vn 0.6216 0.0060 0.7833
vn 0.5717 -0.1304 -0.8100
vn 0.8278 0.4128 -0.3799
vn 0.6999 0.4300 -0.5704
vn 0.6661 0.5819 -0.4667
vn -0.6678 0.0427 -0.7431
vn -0.6813 -0.0253 -0.7316
vn -0.7685 -0.0219 -0.6395
vn -0.1210 0.6488 -0.7513
vn 0.4182 0.8242 -0.3817
vn -0.5328 -0.1395 -0.8347
vn -0.5334 0.1512 -0.8322
vn -0.6678 0.6777 0.3080
vn -0.6806 0.7267 0.0929
vn -0.5530 0.7944 0.2513
vn -0.2929 0.4981 0.8161
vn 0.7133 -0.6925 -0.1075
vn 0.6497 -0.7596 0.0307
vn 0.4858 0.3157 -0.8151
vn 0.5392 0.3176 -0.7800
vn 0.4237 0.8221 0.3803
vn 0.9438 0.1778 -0.2784
vn 0.6405 -0.7022 -0.3110
vn 0.8012 0.0519 -0.5962
vn -0.6239 0.2392 -0.7440
vn -0.5966 0.5939 -0.5397
vn -0.3998 0.5815 -0.7085
vn 0.5982 -0.6925 0.4032
vn 0.5136 -0.6945 0.5038
vn 0.6738 -0.6328 0.3815
vn 0.5455 0.5851 -0.6001
vn 0.6909 0.0394 -0.7219
vn -0.6401 0.4592 -0.6159
vn -0.5416 0.7919 0.2821
vn 0.3362 0.6389 -0.6920
vn 0.5798 0.6535 -0.4865
vn 0.4775 -0.8761 0.0667
vn 0.5352 -0.8158 0.2190
vn 0.7049 -0.6904 0.1629
vn 0.9047 -0.1421 -0.4017
vn 0.5944 0.2683 -0.7580
vn 0.7624 -0.6076 0.2228
vn 0.7189 -0.6947 -0.0244
vn 0.8522 -0.5230 -0.0135
vn 0.6942 -0.4155 0.5878
vn 0.4647 -0.4060 0.7869
vn 0.6951 0.0432 0.7177
vn 0.6958 0.3477 0.6284
vn -0.5504 0.8349 -0.0072
vn -0.4442 0.8749 0.1929
vn -0.5582 0.5748 0.5984
vn -0.4067 0.7006 0.5863
vn -0.4940 0.5316 0.6881
vn 0.9681 -0.2130 -0.1317
vn 0.6671 0.7335 -0.1301
vn -0.5723 0.5826 0.5771
vn 0.8423 -0.3281 0.4276
vn -0.5888 0.2582 0.7659
vn -0.5334 -0.0388 0.8450
vn -0.5899 -0.1161 0.7990
vn -0.5272 0.2396 0.8152
vn 0.6898 0.6524 -0.3140
vn 0.8668 -0.4296 0.2530
vn 0.7656 -0.5288 0.3663
vn -0.7148 -0.2475 0.6540
vn 0.6302 -0.5611 0.5367
vn 0.5871 -0.3207 0.7433
vn 0.7139 -0.4380 0.5464
vn -0.5193 0.6956 0.4965
vn -0.7193 0.5345 0.4439
vn -0.8208 -0.2072 0.5323
vn -0.7705 0.0692 0.6336
vn -0.8710 0.0993 0.4812
vn 0.7331 -0.6439 0.2191
vn -0.6467 -0.0123 0.7627
vn -0.9772 0.1101 0.1815
vn -0.9030 0.4047 0.1439
vn -0.5928 0.4399 -0.6746
vn -0.8969 -0.4067 -0.1737
vn -0.5778 0.7738 -0.2595
vn -0.6825 0.6532 -0.3279
vn 0.8133 -0.4213 -0.4013
vn -0.7140 0.1592 -0.6818
vn -0.6344 0.0179 -0.7728
vn -0.6358 0.2144 -0.7415
vn -0.6970 0.2793 -0.6605
vn -0.6098 -0.7039 0.3642
vn -0.6517 0.2588 0.7129
vn -0.7711 -0.6174 0.1553
vn -0.5759 0.7466 0.3331
vn 0.5699 0.7902 -0.2254
vn 0.7965 -0.4708 0.3795
vn -0.8420 0.4271 0.3295
vn -0.9599 -0.2196 0.1743
vn -0.9274 -0.3622 0.0937
vn 0.6603 -0.2414 0.7111
vn -0.6945 -0.3111 0.6487
vn 0.7339 -0.6111 -0.2966
vn -0.6764 0.7165 0.1705
vn -0.6960 0.6193 0.3634
vn -0.7350 -0.4545 0.5032
vn 0.6241 0.6454 0.4404
vn -0.6714 -0.7226 0.1647
vn -0.6844 -0.7177 -0.1285
vn 0.6694 0.6906 0.2739
vn 0.7365 -0.2647 -0.6225
vn -0.8064 0.5622 0.1833
vn -0.7163 -0.2547 -0.6496
vn -0.7060 0.3399 0.6214
vn -0.5285 -0.3738 -0.7622
vn -0.6394 -0.3711 -0.6734
vn -0.5268 -0.6394 -0.5600
vn 0.5905 0.5286 -0.6098
vn -0.5726 -0.7604 0.3064
vn -0.5485 -0.7999 -0.2435
vn -0.7596 -0.3888 -0.5214
vn -0.6354 -0.4853 -0.6007
vn -0.6777 -0.6474 -0.3488
vn 0.5654 0.5851 0.5814
vn 0.5662 0.3321 0.7544
vn 0.5252 0.7739 0.3538
vn 0.4913 -0.7565 -0.4316
vn -0.6452 -0.1443 -0.7502
vn 0.4925 -0.8436 -0.2138
vt 0.415344 0.927108
vt 0.431909 0.958870
vt 0.449280 0.927050
vt 0.864444 0.352902
vt 0.894917 0.328848
vt 0.914912 0.357100
vt 0.801562 0.966055
vt 0.758081 0.969998
vt 0.774455 0.999603
vt 0.348091 0.934745
vt 0.377700 0.926197
vt 0.356125 0.902258
vt 0.389936 0.899819
vt 0.839146 0.937017
vt 0.787851 0.941109
vt 0.880631 0.381169
vt 0.754684 0.946016
vt 0.983283 0.337571
vt 0.990935 0.366208
vt 0.957612 0.370948
vt 0.819114 0.991298
vt 0.387168 0.953555
vt 0.936863 0.331185
vt 0.356401 0.968601
vt 0.310836 0.760932
vt 0.353535 0.730192
vt 0.309742 0.717395
vt 0.837206 0.965649
vt 0.313780 0.618832
vt 0.298363 0.583821
vt 0.277997 0.613277
vt 0.868562 0.988278
vt 0.882307 0.952029
vt 0.335647 0.594969
vt 0.352332 0.634845
vt 0.370706 0.593808
vt 0.341804 0.770935
vt 0.928906 0.391303
vt 0.867948 0.319070
vt 0.236596 0.612531
vt 0.258001 0.590275
vt 0.210943 0.590413
vt 0.980650 0.409777
vt 0.210759 0.630913
vt 0.271716 0.562808
vt 0.638212 0.186769
vt 0.678706 0.197607
vt 0.660294 0.212929
vt 0.180916 0.071779
vt 0.137436 0.057252
vt 0.149828 0.100092
vt 0.234852 0.568899
vt 0.189823 0.561318
vt 0.125259 0.093000
vt 0.155203 0.034337
vt 0.210251 0.047613
vt 0.598074 0.162525
vt 0.638472 0.146023
vt 0.374146 0.688773
vt 0.427970 0.698986
vt 0.400108 0.734070
vt 0.452237 0.671047
vt 0.421572 0.652794
vt 0.459232 0.630639
vt 0.195648 0.103518
vt 0.272236 0.843015
vt 0.310815 0.821736
vt 0.276747 0.804903
vt 0.312152 0.794758
vt 0.359256 0.799048
vt 0.948689 0.646108
vt 0.932716 0.673331
vt 0.898319 0.654734
vt 0.243637 0.868910
vt 0.246872 0.831573
vt 0.399464 0.667734
vt 0.168743 0.123967
vt 0.314290 0.853730
vt 0.517919 0.686539
vt 0.476856 0.693294
vt 0.487961 0.660120
vt 0.670065 0.165801
vt 0.880519 0.718157
vt 0.880774 0.687889
vt 0.926717 0.696873
vt 0.727710 0.144619
vt 0.768018 0.170727
vt 0.737089 0.185161
vt 0.452546 0.719267
vt 0.453682 0.745688
vt 0.919414 0.732265
vt 0.588854 0.199411
vt 0.563888 0.248996
vt 0.577725 0.270978
vt 0.537144 0.271480
vt 0.496953 0.722922
vt 0.621958 0.216254
vt 0.299616 0.510872
vt 0.256509 0.538736
vt 0.308003 0.541774
vt 0.303531 0.673688
vt 0.266167 0.710373
vt 0.772424 0.128384
vt 0.655957 0.901021
vt 0.696428 0.890418
vt 0.674536 0.865018
vt 0.262172 0.496273
vt 0.223608 0.510248
vt 0.852815 0.662096
vt 0.755890 0.208318
vt 0.349943 0.684038
vt 0.210137 0.544494
vt 0.583102 0.810022
vt 0.523371 0.817415
vt 0.540279 0.792960
vt 0.610985 0.912493
vt 0.645075 0.936138
vt 0.944614 0.755220
vt 0.901134 0.758567
vt 0.977419 0.768659
vt 0.943220 0.782720
vt 0.304262 0.655276
vt 0.354955 0.675278
vt 0.331381 0.565288
vt 0.903180 0.793262
vt 0.726201 0.867842
vt 0.763440 0.906288
vt 0.771430 0.873178
vt 0.728054 0.899048
vt 0.687155 0.919839
vt 0.723808 0.928840
vt 0.885973 0.907719
vt 0.946982 0.811483
vt 0.904780 0.831876
vt 0.190353 0.524249
vt 0.708746 0.838076
vt 0.674551 0.958102
vt 0.756036 0.841471
vt 0.226165 0.434963
vt 0.202568 0.397405
vt 0.176226 0.427697
vt 0.070637 0.333140
vt 0.097700 0.359767
vt 0.117450 0.333677
vt 0.069126 0.370113
vt 0.168117 0.382457
vt 0.307729 0.905371
vt 0.370531 0.863536
vt 0.336711 0.865492
vt 0.136061 0.359327
vt 0.102408 0.381846
vt 0.127400 0.390568
vt 0.163372 0.340532
vt 0.162330 0.313172
vt 0.134616 0.301669
vt 0.085005 0.305576
vt 0.646384 0.445415
vt 0.639837 0.488658
vt 0.679866 0.484657
vt 0.308243 0.952189
vt 0.616107 0.477741
vt 0.116743 0.274086
vt 0.179198 0.209302
vt 0.174028 0.247548
vt 0.201852 0.229773
vt 0.069607 0.410121
vt 0.028653 0.386380
vt 0.021659 0.415527
vt 0.141243 0.210820
vt 0.041535 0.358779
vt 0.541286 0.711872
vt 0.558436 0.679817
vt 0.590529 0.694969
vt 0.199853 0.465421
vt 0.135633 0.242720
vt 0.161600 0.465421
vt 0.376431 0.027459
vt 0.329824 0.015498
vt 0.334177 0.048912
vt 0.098392 0.225644
vt 0.162349 0.722965
vt 0.182035 0.764778
vt 0.199581 0.748802
vt 0.589218 0.845003
vt 0.634841 0.865165
vt 0.641070 0.823469
vt 0.270581 0.774897
vt 0.002385 0.433542
vt 0.049957 0.447810
vt 0.002741 0.354704
vt 0.276842 0.747759
vt 0.240613 0.796674
vt 0.218003 0.835672
vt 0.765635 0.757565
vt 0.795097 0.728846
vt 0.795318 0.764892
vt 0.614967 0.883146
vt 0.570616 0.727773
vt 0.615695 0.721566
vt 0.605660 0.753020
vt 0.227079 0.772642
vt 0.601882 0.661134
vt 0.765648 0.800173
vt 0.209692 0.800201
vt 0.972420 0.674708
vt 0.583648 0.773107
vt 0.199592 0.713659
vt 0.544222 0.745598
vt 0.526470 0.766146
vt 0.618861 0.622007
vt 0.640744 0.657355
vt 0.176843 0.616562
vt 0.450603 0.894324
vt 0.469282 0.866828
vt 0.437734 0.864227
vt 0.650313 0.989783
vt 0.700774 0.999603
vt 0.423888 0.894345
vt 0.640744 0.697344
vt 0.999523 0.641411
vt 0.981497 0.697013
vt 0.968551 0.722249
vt 0.590272 0.620207
vt 0.967636 0.618044
vt 0.712788 0.957982
vt 0.732306 0.998293
vt 0.642653 0.967280
vt 0.545514 0.932102
vt 0.504377 0.965035
vt 0.556444 0.968601
vt 0.478267 0.925193
vt 0.472971 0.966000
vt 0.400864 0.871417
vt 0.101304 0.592674
vt 0.139591 0.603767
vt 0.137272 0.570583
vt 0.767785 0.721304
vt 0.170792 0.590825
vt 0.246369 0.167258
vt 0.239661 0.145301
vt 0.210583 0.164918
vt 0.352916 0.346081
vt 0.383865 0.372027
vt 0.352774 0.381320
vt 0.737011 0.738335
vt 0.121268 0.625431
vt 0.350093 0.147885
vt 0.322823 0.123943
vt 0.318864 0.161764
vt 0.272991 0.162900
vt 0.300614 0.193327
vt 0.176978 0.798813
vt 0.144241 0.784376
vt 0.138018 0.815323
vt 0.288423 0.044038
vt 0.280980 0.008475
vt 0.102455 0.798176
vt 0.087309 0.836694
vt 0.306365 0.078975
vt 0.272718 0.069521
vt 0.288662 0.097113
vt 0.224474 0.202748
vt 0.178697 0.825484
vt 0.146604 0.849693
vt 0.180558 0.866139
vt 0.216553 0.125884
vt 0.183586 0.148024
vt 0.332069 0.093306
vt 0.194431 0.189778
vt 0.285188 0.132376
vt 0.373505 0.070813
vt 0.362769 0.108134
vt 0.258895 0.118443
vt 0.820146 0.667023
vt 0.850535 0.693173
vt 0.820626 0.701048
vt 0.829102 0.765074
vt 0.826643 0.737336
vt 0.859100 0.752310
vt 0.675561 0.136104
vt 0.697827 0.106916
vt 0.700225 0.173740
vt 0.709052 0.214886
vt 0.164165 0.177144
vt 0.743829 0.107506
vt 0.842246 0.790715
vt 0.876822 0.805508
vt 0.848969 0.824693
vt 0.807191 0.825519
vt 0.811810 0.793908
vt 0.827149 0.234574
vt 0.781666 0.239400
vt 0.802884 0.216615
vt 0.742300 0.233266
vt 0.032146 0.304765
vt 0.853176 0.721951
vt 0.384910 0.412194
vt 0.383641 0.450076
vt 0.411968 0.439146
vt 0.256619 0.638548
vt 0.022217 0.327053
vt 0.753012 0.567500
vt 0.769853 0.598337
vt 0.791223 0.571515
vt 0.239403 0.745064
vt 0.231775 0.667228
vt 0.264431 0.669944
vt 0.187665 0.674429
vt 0.735357 0.595072
vt 0.704135 0.570841
vt 0.472855 0.315631
vt 0.497226 0.351966
vt 0.456509 0.347849
vt 0.225870 0.698853
vt 0.502025 0.309667
vt 0.835529 0.580755
vt 0.803835 0.609817
vt 0.820658 0.559397
vt 0.515319 0.245912
vt 0.698510 0.611971
vt 0.432304 0.326807
vt 0.425098 0.363374
vt 0.571478 0.890015
vt 0.585401 0.850708
vt 0.537798 0.859538
vt 0.220661 0.884340
vt 0.391162 0.329904
vt 0.139740 0.748500
vt 0.835204 0.661721
vt 0.874671 0.643577
vt 0.845641 0.621134
vt 0.095022 0.763431
vt 0.948856 0.313169
vt 0.937799 0.285871
vt 0.974634 0.278778
vt 0.682735 0.819157
vt 0.454407 0.839914
vt 0.498749 0.842357
vt 0.888813 0.609800
vt 0.909321 0.583961
vt 0.868526 0.585101
vt 0.506803 0.878482
vt 0.185095 0.496288
vt 0.154349 0.478425
vt 0.142244 0.513834
vt 0.533307 0.899577
vt 0.202436 0.362842
vt 0.343671 0.304152
vt 0.302409 0.274103
vt 0.343385 0.261238
vt 0.199469 0.333455
vt 0.201370 0.302258
vt 0.228083 0.277146
vt 0.199721 0.261924
vt 0.555243 0.649201
vt 0.999523 0.810205
vt 0.536078 0.825807
vt 0.137668 0.414034
vt 0.902702 0.297509
vt 0.300095 0.237849
vt 0.200203 0.473839
vt 0.572602 0.823132
vt 0.167232 0.275361
vt 0.853031 0.296408
vt 0.835290 0.329882
vt 0.927293 0.264392
vt 0.537045 0.628408
vt 0.564114 0.602341
vt 0.875469 0.270287
vt 0.466064 0.375953
vt 0.257155 0.204889
vt 0.427464 0.392289
vt 0.416280 0.616144
vt 0.372615 0.640890
vt 0.385506 0.604248
vt 0.437448 0.588633
vt 0.151532 0.544715
vt 0.516092 0.390149
vt 0.098683 0.542833
vt 0.441745 0.538107
vt 0.482980 0.521155
vt 0.444966 0.508843
vt 0.478537 0.548294
vt 0.246401 0.096605
vt 0.505924 0.606030
vt 0.511881 0.645258
vt 0.812947 0.908326
vt 0.841967 0.902588
vt 0.702517 0.294105
vt 0.704902 0.253764
vt 0.734028 0.269189
vt 0.670885 0.239494
vt 0.670936 0.639013
vt 0.718822 0.639331
vt 0.311488 0.336042
vt 0.697608 0.668919
vt 0.779695 0.692322
vt 0.488164 0.498317
vt 0.470721 0.470498
vt 0.742647 0.298394
vt 0.743078 0.665065
vt 0.066916 0.121390
vt 0.035270 0.115813
vt 0.029711 0.156997
vt 0.797222 0.852195
vt 0.410585 0.247328
vt 0.433933 0.213661
vt 0.451281 0.234117
vt 0.480973 0.428556
vt 0.449660 0.447086
vt 0.453429 0.260858
vt 0.870721 0.840344
vt 0.835480 0.866272
vt 0.868378 0.881332
vt 0.668749 0.595976
vt 0.812609 0.638272
vt 0.807918 0.885869
vt 0.487299 0.277131
vt 0.446199 0.290697
vt 0.830316 0.827034
vt 0.087008 0.633296
vt 0.069179 0.675278
vt 0.126609 0.669750
vt 0.377762 0.297345
vt 0.417708 0.287446
vt 0.228715 0.468601
vt 0.493074 0.234749
vt 0.384194 0.274839
vt 0.373360 0.234758
vt 0.769834 0.636850
vt 0.793110 0.668919
vt 0.737534 0.622424
vt 0.494930 0.786319
vt 0.466657 0.818362
vt 0.872703 0.776376
vt 0.986691 0.245769
vt 0.935623 0.231904
vt 0.480301 0.760803
vt 0.511400 0.741916
vt 0.529103 0.329206
vt 0.145925 0.639374
vt 0.418071 0.769035
vt 0.623592 0.510945
vt 0.592253 0.508341
vt 0.177039 0.648666
vt 0.610934 0.542446
vt 0.443576 0.786986
vt 0.898510 0.557726
vt 0.875245 0.526948
vt 0.858488 0.550614
vt 0.990935 0.307898
vt 0.364323 0.824198
vt 0.319301 0.828603
vt 0.587889 0.561210
vt 0.574581 0.587043
vt 0.622832 0.586515
vt 0.658120 0.526518
vt 0.919370 0.524165
vt 0.893700 0.497245
vt 0.655768 0.556643
vt 0.490886 0.896961
vt 0.412500 0.834495
vt 0.509065 0.231072
vt 0.562860 0.226425
vt 0.229713 0.315895
vt 0.517108 0.928032
vt 0.059655 0.274514
vt 0.215048 0.265103
vt 0.095806 0.422898
vt 0.491324 0.581016
vt 0.443140 0.580509
vt 0.122926 0.445733
vt 0.539059 0.403073
vt 0.572823 0.429030
vt 0.582806 0.393315
vt 0.246184 0.357802
vt 0.264868 0.335741
vt 0.238300 0.243899
vt 0.544595 0.482069
vt 0.545176 0.446893
vt 0.509666 0.464812
vt 0.407075 0.538357
vt 0.382202 0.562621
vt 0.412801 0.587043
vt 0.213611 0.089019
vt 0.270060 0.441413
vt 0.265771 0.411897
vt 0.198006 0.013680
vt 0.521636 0.425879
vt 0.094025 0.064567
vt 0.092418 0.111063
vt 0.247147 0.036897
vt 0.237405 0.389875
vt 0.771033 0.486032
vt 0.729092 0.487026
vt 0.743277 0.509379
vt 0.550235 0.512634
vt 0.576832 0.488954
vt 0.521667 0.502313
vt 0.551454 0.118556
vt 0.582766 0.131592
vt 0.586646 0.100858
vt 0.516061 0.527916
vt 0.546053 0.548529
vt 0.352182 0.398496
vt 0.353781 0.429445
vt 0.064469 0.241836
vt 0.098622 0.265103
vt 0.509639 0.553611
vt 0.184425 0.931566
vt 0.151276 0.915476
vt 0.152752 0.943880
vt 0.241314 0.070862
vt 0.062721 0.163864
vt 0.342080 0.458477
vt 0.484869 0.105836
vt 0.497663 0.133943
vt 0.521068 0.118320
vt 0.535181 0.577854
vt 0.100683 0.156931
vt 0.074412 0.197738
vt 0.115530 0.186448
vt 0.093220 0.460323
vt 0.520631 0.091262
vt 0.489647 0.076481
vt 0.752154 0.454148
vt 0.717210 0.451476
vt 0.692517 0.466360
vt 0.690149 0.491756
vt 0.560021 0.086393
vt 0.283137 0.238312
vt 0.830353 0.271586
vt 0.709282 0.515012
vt 0.841370 0.247482
vt 0.884191 0.243355
vt 0.666573 0.514388
vt 0.283558 0.884340
vt 0.541855 0.198159
vt 0.538194 0.170835
vt 0.143222 0.975261
vt 0.128760 0.944364
vt 0.811129 0.362111
vt 0.795257 0.333108
vt 0.811310 0.305331
vt 0.117800 0.917013
vt 0.753822 0.313686
vt 0.790998 0.281451
vt 0.598535 0.435540
vt 0.630086 0.400432
vt 0.579320 0.467190
vt 0.574395 0.533966
vt 0.170164 0.962838
vt 0.204922 0.964869
vt 0.181384 0.993243
vt 0.401517 0.126002
vt 0.427479 0.158140
vt 0.393234 0.161873
vt 0.056779 0.194731
vt 0.945087 0.190962
vt 0.976168 0.207676
vt 0.149008 0.157480
vt 0.778702 0.519753
vt 0.131005 0.134734
vt 0.522628 0.059057
vt 0.516917 0.035025
vt 0.475668 0.050968
vt 0.301684 0.911134
vt 0.292118 0.887191
vt 0.254296 0.894075
vt 0.240249 0.000397
vt 0.357652 0.484002
vt 0.209885 0.906638
vt 0.211605 0.935095
vt 0.529103 0.172589
vt 0.482810 0.197084
vt 0.486835 0.166241
vt 0.772424 0.255158
vt 0.300498 0.447250
vt 0.301903 0.414648
vt 0.029005 0.071934
vt 0.000477 0.084192
vt 0.486468 0.399266
vt 0.546989 0.068490
vt 0.043861 0.222849
vt 0.555606 0.040045
vt 0.240996 0.950550
vt 0.370415 0.194720
vt 0.351957 0.164230
vt 0.818311 0.431476
vt 0.827242 0.452936
vt 0.859557 0.443947
vt 0.496456 0.017445
vt 0.550708 0.008347
vt 0.335081 0.221520
vt 0.724714 0.782368
vt 0.345609 0.520671
vt 0.383133 0.507278
vt 0.329386 0.422086
vt 0.351622 0.395567
vt 0.306325 0.388025
vt 0.576213 0.055894
vt 0.053981 0.073375
vt 0.648336 0.104464
vt 0.659828 0.074783
vt 0.618467 0.082665
vt 0.792158 0.454922
vt 0.802821 0.483861
vt 0.787367 0.537735
vt 0.737571 0.549444
vt 0.447549 0.183502
vt 0.457985 0.154144
vt 0.680859 0.320214
vt 0.659163 0.350161
vt 0.647075 0.329282
vt 0.584273 0.077553
vt 0.426658 0.476465
vt 0.733614 0.702575
vt 0.778112 0.428855
vt 0.653561 0.287583
vt 0.606883 0.291208
vt 0.612991 0.264873
vt 0.627613 0.303622
vt 0.412505 0.501128
vt 0.613031 0.108731
vt 0.631218 0.133943
vt 0.601045 0.236526
vt 0.840636 0.470956
vt 0.813869 0.497145
vt 0.856520 0.496771
vt 0.696046 0.354134
vt 0.722079 0.325889
vt 0.555341 0.317235
vt 0.594391 0.315927
vt 0.572908 0.344034
vt 0.291028 0.376067
vt 0.644797 0.243536
vt 0.090138 0.943022
vt 0.109531 0.966202
vt 0.324888 0.187451
vt 0.128948 0.881838
vt 0.415519 0.191046
vt 0.401013 0.213406
vt 0.604523 0.050961
vt 0.270457 0.935932
vt 0.238498 0.917892
vt 0.306775 0.950721
vt 0.275029 0.973985
vt 0.748569 0.286445
vt 0.674458 0.273891
vt 0.784008 0.255175
vt 0.480448 0.135516
vt 0.398618 0.478512
vt 0.874358 0.455582
vt 0.069179 0.977914
vt 0.075351 0.915438
vt 0.087908 0.885114
vt 0.832109 0.525236
vt 0.570802 0.290872
vt 0.637773 0.046142
vt 0.441295 0.127065
vt 0.472912 0.100556
vt 0.522579 0.299462
vt 0.662691 0.558912
vt 0.781600 0.187514
vt 0.823719 0.182124
vt 0.441570 0.408271
vt 0.595864 0.019109
vt 0.109841 0.993243
vt 0.180829 0.903722
vt 0.618772 0.340115
vt 0.914184 0.168124
vt 0.917824 0.192227
vt 0.870622 0.187694
vt 0.356999 0.537215
vt 0.760822 0.213073
vt 0.839059 0.212569
vt 0.173979 0.877186
vt 0.896668 0.205771
vt 0.864321 0.223296
vt 0.691529 0.538816
vt 0.740360 0.531783
vt 0.411248 0.388315
vt 0.017439 0.201583
vt 0.227194 0.885732
vt 0.004812 0.235112
s 1
usemtl Material.021
f 4598/4598/4574 4599/4599/4575 4600/4600/4576
f 4601/4601/4577 4602/4602/4578 4603/4603/4579
f 4604/4604/4580 4605/4605/4581 4606/4606/4582
f 4607/4607/4583 4608/4608/4584 4609/4609/4585
f 4610/4610/4586 4609/4609/4585 4608/4608/4584
f 4611/4611/4587 4612/4612/4588 4604/4604/4580
f 4603/4603/4579 4613/4613/4589 4601/4601/4577
f 4605/4605/4581 4604/4604/4580 4612/4612/4588
f 4612/4612/4588 4614/4614/4590 4605/4605/4581
f 4615/4615/4591 4616/4616/4592 4617/4617/4593
f 4606/4606/4582 4618/4618/4594 4604/4604/4580
f 4619/4619/4595 4599/4599/4575 4598/4598/4574
f 4598/4598/4574 4608/4608/4584 4619/4619/4595
f 4602/4602/4578 4620/4620/4596 4603/4603/4579
f 4619/4619/4595 4608/4608/4584 4607/4607/4583
f 4621/4621/4597 4619/4619/4595 4607/4607/4583
f 4622/4622/4598 4623/4623/4599 4624/4624/4600
f 4604/4604/4580 4625/4625/4601 4611/4611/4587
f 4626/4626/4602 4627/4627/4603 4628/4628/4604
f 4625/4625/4601 4629/4629/4605 4630/4630/4606
f 4618/4618/4594 4625/4625/4601 4604/4604/4580
f 4631/4631/4607 4626/4626/4602 4632/4632/4608
f 4632/4632/4608 4633/4633/4609 4631/4631/4607
f 4622/4622/4598 4634/4634/4610 4623/4623/4599
f 4626/4626/4602 4631/4631/4607 4627/4627/4603
f 4613/4613/4589 4603/4603/4579 4635/4635/4611
f 4630/4630/4606 4611/4611/4587 4625/4625/4601
f 4636/4636/4612 4602/4602/4578 4601/4601/4577
f 4637/4637/4613 4638/4638/4614 4639/4639/4615
f 4637/4637/4613 4628/4628/4604 4638/4638/4614
f 4640/4640/4616 4635/4635/4611 4617/4617/4593
f 4603/4603/4579 4617/4617/4593 4635/4635/4611
f 4617/4617/4593 4603/4603/4579 4620/4620/4596
f 4641/4641/4617 4637/4637/4613 4639/4639/4615
f 4615/4615/4591 4617/4617/4593 4620/4620/4596
f 4638/4638/4614 4627/4627/4603 4642/4642/4618
f 4643/4643/4619 4644/4644/4620 4645/4645/4621
f 4646/4646/4622 4647/4647/4623 4648/4648/4624
f 4649/4649/4625 4650/4650/4626 4639/4639/4615
f 4649/4649/4625 4639/4639/4615 4638/4638/4614
f 4647/4647/4623 4651/4651/4627 4648/4648/4624
f 4638/4638/4614 4628/4628/4604 4627/4627/4603
f 4652/4652/4628 4646/4646/4622 4653/4653/4629
f 4642/4642/4618 4649/4649/4625 4638/4638/4614
f 4646/4646/4622 4652/4652/4628 4647/4647/4623
f 4643/4643/4619 4654/4654/4630 4655/4655/4631
f 4656/4656/4632 4657/4657/4633 4658/4658/4634
f 4659/4659/4635 4660/4660/4636 4661/4661/4637
f 4662/4662/4638 4646/4646/4622 4648/4648/4624
f 4663/4663/4639 4664/4664/4640 4665/4665/4641
f 4634/4634/4610 4666/4666/4642 4667/4667/4643
f 4668/4668/4644 4669/4669/4645 4670/4670/4646
f 4671/4671/4647 4663/4663/4639 4672/4672/4648
f 4657/4657/4633 4673/4673/4649 4660/4660/4636
f 4648/4648/4624 4674/4674/4650 4662/4662/4638
f 4656/4656/4632 4673/4673/4649 4657/4657/4633
f 4663/4663/4639 4675/4675/4651 4664/4664/4640
f 4676/4676/4652 4677/4677/4653 4678/4678/4654
f 4643/4643/4619 4679/4679/4655 4644/4644/4620
f 4680/4680/4656 4681/4681/4657 4682/4682/4658
f 4683/4683/4659 4684/4684/4660 4685/4685/4661
f 4658/4658/4634 4686/4686/4662 4687/4687/4663
f 4682/4682/4658 4688/4688/4664 4680/4680/4656
f 4665/4665/4641 4664/4664/4640 4666/4666/4642
f 4660/4660/4636 4659/4659/4635 4657/4657/4633
f 4667/4667/4643 4666/4666/4642 4664/4664/4640
f 4677/4677/4653 4686/4686/4662 4657/4657/4633
f 4643/4643/4619 4689/4689/4665 4654/4654/4630
f 4657/4657/4633 4659/4659/4635 4677/4677/4653
f 4677/4677/4653 4659/4659/4635 4678/4678/4654
f 4690/4690/4666 4691/4691/4667 4692/4692/4668
f 4693/4693/4669 4677/4677/4653 4676/4676/4652
f 4643/4643/4619 4694/4694/4670 4689/4689/4665
f 4663/4663/4639 4665/4665/4641 4672/4672/4648
f 4658/4658/4634 4657/4657/4633 4686/4686/4662
f 4678/4678/4654 4659/4659/4635 4661/4661/4637
f 4695/4695/4671 4696/4696/4672 4697/4697/4673
f 4693/4693/4669 4686/4686/4662 4677/4677/4653
f 4698/4698/4674 4699/4699/4675 4624/4624/4600
f 4700/4700/4676 4684/4684/4660 4683/4683/4659
f 4701/4701/4677 4702/4702/4678 4703/4703/4679
f 4670/4670/4646 4669/4669/4645 4682/4682/4658
f 4696/4696/4672 4704/4704/4680 4705/4705/4681
f 4682/4682/4658 4681/4681/4657 4670/4670/4646
f 4706/4706/4682 4670/4670/4646 4681/4681/4657
f 4707/4707/4683 4685/4685/4661 4684/4684/4660
f 4623/4623/4599 4708/4708/4684 4624/4624/4600
f 4705/4705/4681 4709/4709/4685 4696/4696/4672
f 4710/4710/4686 4711/4711/4687 4712/4712/4688
f 4701/4701/4677 4713/4713/4689 4714/4714/4690
f 4697/4697/4673 4642/4642/4618 4627/4627/4603
f 4715/4715/4691 4716/4716/4692 4688/4688/4664
f 4717/4717/4693 4718/4718/4694 4715/4715/4691
f 4697/4697/4673 4696/4696/4672 4642/4642/4618
f 4632/4632/4608 4719/4719/4695 4720/4720/4696
f 4624/4624/4600 4708/4708/4684 4698/4698/4674
f 4627/4627/4603 4721/4721/4697 4697/4697/4673
f 4718/4718/4694 4722/4722/4698 4716/4716/4692
f 4723/4723/4699 4724/4724/4700 4725/4725/4701
f 4726/4726/4702 4727/4727/4703 4728/4728/4704
f 4723/4723/4699 4726/4726/4702 4724/4724/4700
f 4726/4726/4702 4728/4728/4704 4724/4724/4700
f 4649/4649/4625 4696/4696/4672 4709/4709/4685
f 4726/4726/4702 4702/4702/4678 4727/4727/4703
f 4649/4649/4625 4642/4642/4618 4696/4696/4672
f 4729/4729/4705 4611/4611/4587 4630/4630/4606
f 4722/4722/4698 4730/4730/4706 4731/4731/4707
f 4709/4709/4685 4705/4705/4681 4732/4732/4708
f 4722/4722/4698 4718/4718/4694 4730/4730/4706
f 4702/4702/4678 4726/4726/4702 4723/4723/4699
f 4733/4733/4709 4703/4703/4679 4723/4723/4699
f 4716/4716/4692 4715/4715/4691 4718/4718/4694
f 4649/4649/4625 4709/4709/4685 4650/4650/4626
f 4714/4714/4690 4727/4727/4703 4701/4701/4677
f 4714/4714/4690 4734/4734/4710 4727/4727/4703
f 4730/4730/4706 4718/4718/4694 4717/4717/4693
f 4725/4725/4701 4735/4735/4711 4723/4723/4699
f 4736/4736/4712 4737/4737/4713 4738/4738/4714
f 4739/4739/4715 4740/4740/4716 4741/4741/4717
f 4739/4739/4715 4742/4742/4718 4740/4740/4716
f 4702/4702/4678 4701/4701/4677 4727/4727/4703
f 4737/4737/4713 4743/4743/4719 4738/4738/4714
f 4607/4607/4583 4609/4609/4585 4744/4744/4720
f 4609/4609/4585 4745/4745/4721 4746/4746/4722
f 4723/4723/4699 4703/4703/4679 4702/4702/4678
f 4747/4747/4723 4748/4748/4724 4749/4749/4725
f 4741/4741/4717 4750/4750/4726 4751/4751/4727
f 4609/4609/4585 4746/4746/4722 4744/4744/4720
f 4752/4752/4728 4753/4753/4729 4741/4741/4717
f 4754/4754/4730 4755/4755/4731 4756/4756/4732
f 4757/4757/4733 4607/4607/4583 4744/4744/4720
f 4747/4747/4723 4740/4740/4716 4748/4748/4724
f 4741/4741/4717 4751/4751/4727 4752/4752/4728
f 4740/4740/4716 4747/4747/4723 4741/4741/4717
f 4758/4758/4734 4755/4755/4731 4754/4754/4730
f 4741/4741/4717 4753/4753/4729 4739/4739/4715
f 4753/4753/4729 4752/4752/4728 4759/4759/4735
f 4760/4760/4736 4761/4761/4737 4762/4762/4738
f 4763/4763/4739 4742/4742/4718 4764/4764/4740
f 4748/4748/4724 4740/4740/4716 4742/4742/4718
f 4763/4763/4739 4764/4764/4740 4765/4765/4741
f 4760/4760/4736 4766/4766/4742 4761/4761/4737
f 4742/4742/4718 4767/4767/4743 4764/4764/4740
f 4768/4768/4744 4769/4769/4745 4770/4770/4746
f 4771/4771/4747 4736/4736/4712 4738/4738/4714
f 4766/4766/4742 4772/4772/4748 4761/4761/4737
f 4771/4771/4747 4738/4738/4714 4773/4773/4749
f 4774/4774/4750 4775/4775/4751 4776/4776/4752
f 4777/4777/4753 4772/4772/4748 4766/4766/4742
f 4778/4778/4754 4779/4779/4755 4780/4780/4756
f 4781/4781/4757 4782/4782/4758 4783/4783/4759
f 4634/4634/4610 4622/4622/4598 4666/4666/4642
f 4666/4666/4642 4622/4622/4598 4784/4784/4760
f 4785/4785/4761 4786/4786/4762 4765/4765/4741
f 4787/4787/4763 4764/4764/4740 4767/4767/4743
f 4763/4763/4739 4765/4765/4741 4786/4786/4762
f 4622/4622/4598 4788/4788/4764 4784/4784/4760
f 4665/4665/4641 4666/4666/4642 4784/4784/4760
f 4693/4693/4669 4676/4676/4652 4768/4768/4744
f 4789/4789/4765 4790/4790/4766 4672/4672/4648
f 4791/4791/4767 4792/4792/4768 4793/4793/4769
f 4701/4701/4677 4794/4794/4770 4713/4713/4689
f 4701/4701/4677 4782/4782/4758 4794/4794/4770
f 4795/4795/4771 4796/4796/4772 4797/4797/4773
f 4798/4798/4774 4789/4789/4765 4784/4784/4760
f 4782/4782/4758 4701/4701/4677 4703/4703/4679
f 4799/4799/4775 4770/4770/4746 4769/4769/4745
f 4800/4800/4776 4791/4791/4767 4793/4793/4769
f 4798/4798/4774 4801/4801/4777 4789/4789/4765
f 4796/4796/4772 4795/4795/4771 4770/4770/4746
f 4789/4789/4765 4665/4665/4641 4784/4784/4760
f 4665/4665/4641 4789/4789/4765 4672/4672/4648
f 4798/4798/4774 4779/4779/4755 4801/4801/4777
f 4802/4802/4778 4682/4682/4658 4669/4669/4645
f 4795/4795/4771 4797/4797/4773 4803/4803/4779
f 4780/4780/4756 4804/4804/4780 4778/4778/4754
f 4805/4805/4781 4803/4803/4779 4806/4806/4782
f 4803/4803/4779 4805/4805/4781 4795/4795/4771
f 4768/4768/4744 4795/4795/4771 4805/4805/4781
f 4807/4807/4783 4808/4808/4784 4799/4799/4775
f 4809/4809/4785 4641/4641/4617 4639/4639/4615
f 4810/4810/4786 4811/4811/4787 4812/4812/4788
f 4734/4734/4710 4813/4813/4789 4814/4814/4790
f 4812/4812/4788 4815/4815/4791 4810/4810/4786
f 4770/4770/4746 4816/4816/4792 4796/4796/4772
f 4816/4816/4792 4770/4770/4746 4799/4799/4775
f 4668/4668/4644 4817/4817/4793 4802/4802/4778
f 4770/4770/4746 4795/4795/4771 4768/4768/4744
f 4818/4818/4794 4819/4819/4795 4682/4682/4658
f 4807/4807/4783 4799/4799/4775 4820/4820/4796
f 4802/4802/4778 4669/4669/4645 4668/4668/4644
f 4668/4668/4644 4821/4821/4797 4817/4817/4793
f 4819/4819/4795 4688/4688/4664 4682/4682/4658
f 4734/4734/4710 4814/4814/4790 4822/4822/4798
f 4682/4682/4658 4802/4802/4778 4818/4818/4794
f 4606/4606/4582 4605/4605/4581 4823/4823/4799
f 4734/4734/4710 4824/4824/4800 4813/4813/4789
f 4825/4825/4801 4826/4826/4802 4827/4827/4803
f 4727/4727/4703 4734/4734/4710 4822/4822/4798
f 4828/4828/4804 4829/4829/4805 4826/4826/4802
f 4815/4815/4791 4830/4830/4806 4610/4610/4586
f 4815/4815/4791 4812/4812/4788 4830/4830/4806
f 4598/4598/4574 4815/4815/4791 4610/4610/4586
f 4822/4822/4798 4728/4728/4704 4727/4727/4703
f 4829/4829/4805 4828/4828/4804 4600/4600/4576
f 4600/4600/4576 4599/4599/4575 4829/4829/4805
f 4598/4598/4574 4610/4610/4586 4608/4608/4584
f 4815/4815/4791 4598/4598/4574 4600/4600/4576
f 4614/4614/4590 4728/4728/4704 4822/4822/4798
f 4822/4822/4798 4814/4814/4790 4823/4823/4799
f 4831/4831/4807 4832/4832/4808 4833/4833/4809
f 4791/4791/4767 4834/4834/4810 4792/4792/4768
f 4714/4714/4690 4824/4824/4800 4734/4734/4710
f 4639/4639/4615 4650/4650/4626 4835/4835/4811
f 4614/4614/4590 4724/4724/4700 4728/4728/4704
f 4836/4836/4812 4837/4837/4813 4838/4838/4814
f 4832/4832/4808 4835/4835/4811 4833/4833/4809
f 4610/4610/4586 4830/4830/4806 4745/4745/4721
f 4839/4839/4815 4840/4840/4816 4841/4841/4817
f 4809/4809/4785 4835/4835/4811 4832/4832/4808
f 4822/4822/4798 4605/4605/4581 4614/4614/4590
f 4834/4834/4810 4791/4791/4767 4842/4842/4818
f 4822/4822/4798 4823/4823/4799 4605/4605/4581
f 4745/4745/4721 4609/4609/4585 4610/4610/4586
f 4833/4833/4809 4835/4835/4811 4650/4650/4626
f 4831/4831/4807 4843/4843/4819 4832/4832/4808
f 4844/4844/4820 4845/4845/4821 4846/4846/4822
f 4639/4639/4615 4835/4835/4811 4809/4809/4785
f 4847/4847/4823 4848/4848/4824 4846/4846/4822
f 4849/4849/4825 4850/4850/4826 4851/4851/4827
f 4600/4600/4576 4810/4810/4786 4815/4815/4791
f 4852/4852/4828 4775/4775/4751 4853/4853/4829
f 4851/4851/4827 4854/4854/4830 4855/4855/4831
f 4856/4856/4832 4857/4857/4833 4858/4858/4834
f 4836/4836/4812 4838/4838/4814 4859/4859/4835
f 4860/4860/4836 4861/4861/4837 4862/4862/4838
f 4863/4863/4839 4674/4674/4650 4864/4864/4840
f 4845/4845/4821 4865/4865/4841 4858/4858/4834
f 4838/4838/4814 4866/4866/4842 4859/4859/4835
f 4856/4856/4832 4776/4776/4752 4852/4852/4828
f 4852/4852/4828 4776/4776/4752 4775/4775/4751
f 4847/4847/4823 4846/4846/4822 4867/4867/4843
f 4865/4865/4841 4856/4856/4832 4858/4858/4834
f 4868/4868/4844 4865/4865/4841 4869/4869/4845
f 4867/4867/4843 4846/4846/4822 4845/4845/4821
f 4867/4867/4843 4845/4845/4821 4858/4858/4834
f 4863/4863/4839 4864/4864/4840 4838/4838/4814
f 4838/4838/4814 4837/4837/4813 4863/4863/4839
f 4870/4870/4846 4863/4863/4839 4837/4837/4813
f 4871/4871/4847 4872/4872/4848 4873/4873/4849
f 4874/4874/4850 4875/4875/4851 4876/4876/4852
f 4683/4683/4659 4877/4877/4853 4878/4878/4854
f 4685/4685/4661 4879/4879/4855 4683/4683/4659
f 4872/4872/4848 4871/4871/4847 4706/4706/4682
f 4879/4879/4855 4685/4685/4661 4880/4880/4856
f 4868/4868/4844 4776/4776/4752 4865/4865/4841
f 4881/4881/4857 4866/4866/4842 4838/4838/4814
f 4882/4882/4858 4700/4700/4676 4683/4683/4659
f 4880/4880/4856 4685/4685/4661 4707/4707/4683
f 4863/4863/4839 4662/4662/4638 4674/4674/4650
f 4861/4861/4837 4860/4860/4836 4851/4851/4827
f 4883/4883/4859 4884/4884/4860 4885/4885/4861
f 4885/4885/4861 4886/4886/4862 4887/4887/4863
f 4887/4887/4863 4883/4883/4859 4885/4885/4861
f 4706/4706/4682 4681/4681/4657 4872/4872/4848
f 4851/4851/4827 4860/4860/4836 4849/4849/4825
f 4852/4852/4828 4857/4857/4833 4856/4856/4832
f 4776/4776/4752 4856/4856/4832 4865/4865/4841
f 4888/4888/4864 4889/4889/4865 4890/4890/4866
f 4707/4707/4683 4891/4891/4867 4880/4880/4856
f 4644/4644/4620 4879/4879/4855 4880/4880/4856
f 4872/4872/4848 4681/4681/4657 4680/4680/4656
f 4883/4883/4859 4874/4874/4850 4876/4876/4852
f 4875/4875/4851 4874/4874/4850 4793/4793/4769
f 4875/4875/4851 4793/4793/4769 4792/4792/4768
f 4874/4874/4850 4883/4883/4859 4887/4887/4863
f 4874/4874/4850 4887/4887/4863 4793/4793/4769
f 4892/4892/4868 4739/4739/4715 4753/4753/4729
f 4872/4872/4848 4680/4680/4656 4893/4893/4869
f 4894/4894/4870 4895/4895/4871 4896/4896/4872
f 4897/4897/4873 4637/4637/4613 4641/4641/4617
f 4628/4628/4604 4637/4637/4613 4897/4897/4873
f 4898/4898/4874 4787/4787/4763 4767/4767/4743
f 4899/4899/4875 4900/4900/4876 4901/4901/4877
f 4784/4784/4760 4788/4788/4764 4902/4902/4878
f 4767/4767/4743 4742/4742/4718 4739/4739/4715
f 4739/4739/4715 4892/4892/4868 4898/4898/4874
f 4719/4719/4695 4628/4628/4604 4897/4897/4873
f 4788/4788/4764 4699/4699/4675 4902/4902/4878
f 4903/4903/4879 4897/4897/4873 4641/4641/4617
f 4897/4897/4873 4904/4904/4880 4719/4719/4695
f 4905/4905/4881 4903/4903/4879 4641/4641/4617
f 4644/4644/4620 4679/4679/4655 4879/4879/4855
f 4906/4906/4882 4899/4899/4875 4907/4907/4883
f 4903/4903/4879 4904/4904/4880 4897/4897/4873
f 4719/4719/4695 4626/4626/4602 4628/4628/4604
f 4739/4739/4715 4898/4898/4874 4767/4767/4743
f 4899/4899/4875 4906/4906/4882 4900/4900/4876
f 4908/4908/4884 4909/4909/4885 4910/4910/4886
f 4902/4902/4878 4699/4699/4675 4911/4911/4887
f 4909/4909/4885 4908/4908/4884 4912/4912/4888
f 4913/4913/4889 4901/4901/4877 4914/4914/4890
f 4784/4784/4760 4902/4902/4878 4798/4798/4774
f 4643/4643/4619 4655/4655/4631 4679/4679/4655
f 4913/4913/4889 4915/4915/4891 4901/4901/4877
f 4798/4798/4774 4780/4780/4756 4779/4779/4755
f 4690/4690/4666 4692/4692/4668 4916/4916/4892
f 4917/4917/4893 4906/4906/4882 4907/4907/4883
f 4780/4780/4756 4798/4798/4774 4902/4902/4878
f 4804/4804/4780 4780/4780/4756 4902/4902/4878
f 4918/4918/4894 4910/4910/4886 4919/4919/4895
f 4788/4788/4764 4624/4624/4600 4699/4699/4675
f 4902/4902/4878 4911/4911/4887 4804/4804/4780
f 4920/4920/4896 4921/4921/4897 4922/4922/4898
f 4788/4788/4764 4622/4622/4598 4624/4624/4600
f 4923/4923/4899 4790/4790/4766 4862/4862/4838
f 4919/4919/4895 4840/4840/4816 4924/4924/4900
f 4778/4778/4754 4925/4925/4901 4779/4779/4755
f 4860/4860/4836 4862/4862/4838 4790/4790/4766
f 4908/4908/4884 4910/4910/4886 4918/4918/4894
f 4926/4926/4902 4927/4927/4903 4928/4928/4904
f 4919/4919/4895 4924/4924/4900 4918/4918/4894
f 4845/4845/4821 4869/4869/4845 4865/4865/4841
f 4655/4655/4631 4877/4877/4853 4679/4679/4655
f 4850/4850/4826 4925/4925/4901 4929/4929/4905
f 4879/4879/4855 4877/4877/4853 4683/4683/4659
f 4879/4879/4855 4679/4679/4655 4877/4877/4853
f 4733/4733/4709 4723/4723/4699 4735/4735/4711
f 4869/4869/4845 4845/4845/4821 4844/4844/4820
f 4850/4850/4826 4849/4849/4825 4779/4779/4755
f 4783/4783/4759 4782/4782/4758 4703/4703/4679
f 4930/4930/4906 4931/4931/4907 4932/4932/4908
f 4703/4703/4679 4733/4733/4709 4933/4933/4909
f 4934/4934/4910 4811/4811/4787 4935/4935/4911
f 4850/4850/4826 4779/4779/4755 4925/4925/4901
f 4936/4936/4912 4937/4937/4913 4938/4938/4914
f 4850/4850/4826 4929/4929/4905 4854/4854/4830
f 4703/4703/4679 4933/4933/4909 4783/4783/4759
f 4741/4741/4717 4747/4747/4723 4750/4750/4726
f 4854/4854/4830 4851/4851/4827 4850/4850/4826
f 4939/4939/4915 4922/4922/4898 4935/4935/4911
f 4940/4940/4916 4941/4941/4917 4942/4942/4918
f 4943/4943/4919 4922/4922/4898 4939/4939/4915
f 4811/4811/4787 4939/4939/4915 4935/4935/4911
f 4944/4944/4920 4750/4750/4726 4743/4743/4719
f 4750/4750/4726 4747/4747/4723 4743/4743/4719
f 4945/4945/4921 4946/4946/4922 4947/4947/4923
f 4922/4922/4898 4943/4943/4919 4920/4920/4896
f 4948/4948/4924 4751/4751/4727 4750/4750/4726
f 4949/4949/4925 4950/4950/4926 4951/4951/4927
f 4799/4799/4775 4769/4769/4745 4952/4952/4928
f 4953/4953/4929 4730/4730/4706 4717/4717/4693
f 4954/4954/4930 4935/4935/4911 4922/4922/4898
f 4747/4747/4723 4749/4749/4725 4743/4743/4719
f 4837/4837/4813 4867/4867/4843 4870/4870/4846
f 4940/4940/4916 4942/4942/4918 4732/4732/4708
f 4749/4749/4725 4955/4955/4931 4743/4743/4719
f 4956/4956/4932 4931/4931/4907 4930/4930/4906
f 4957/4957/4933 4947/4947/4923 4946/4946/4922
f 4936/4936/4912 4938/4938/4914 4928/4928/4904
f 4941/4941/4917 4940/4940/4916 4958/4958/4934
f 4922/4922/4898 4959/4959/4935 4954/4954/4930
f 4949/4949/4925 4951/4951/4927 4960/4960/4936
f 4922/4922/4898 4921/4921/4897 4959/4959/4935
f 4928/4928/4904 4938/4938/4914 4913/4913/4889
f 4961/4961/4937 4636/4636/4612 4962/4962/4938
f 4956/4956/4932 4930/4930/4906 4620/4620/4596
f 4963/4963/4939 4931/4931/4907 4956/4956/4932
f 4837/4837/4813 4836/4836/4812 4847/4847/4823
f 4928/4928/4904 4927/4927/4903 4936/4936/4912
f 4956/4956/4932 4636/4636/4612 4961/4961/4937
f 4952/4952/4928 4964/4964/4940 4965/4965/4941
f 4956/4956/4932 4602/4602/4578 4636/4636/4612
f 4620/4620/4596 4602/4602/4578 4956/4956/4932
f 4820/4820/4796 4799/4799/4775 4952/4952/4928
f 4601/4601/4577 4962/4962/4938 4636/4636/4612
f 4956/4956/4932 4966/4966/4942 4963/4963/4939
f 4650/4650/4626 4709/4709/4685 4732/4732/4708
f 4952/4952/4928 4965/4965/4941 4820/4820/4796
f 4967/4967/4943 4910/4910/4886 4909/4909/4885
f 4836/4836/4812 4968/4968/4944 4847/4847/4823
f 4840/4840/4816 4919/4919/4895 4969/4969/4945
f 4969/4969/4945 4919/4919/4895 4967/4967/4943
f 4970/4970/4946 4971/4971/4947 4972/4972/4948
f 4952/4952/4928 4769/4769/4745 4676/4676/4652
f 4661/4661/4637 4970/4970/4946 4973/4973/4949
f 4858/4858/4834 4870/4870/4846 4867/4867/4843
f 4768/4768/4744 4676/4676/4652 4769/4769/4745
f 4836/4836/4812 4859/4859/4835 4968/4968/4944
f 4848/4848/4824 4847/4847/4823 4968/4968/4944
f 4732/4732/4708 4974/4974/4950 4650/4650/4626
f 4974/4974/4950 4732/4732/4708 4942/4942/4918
f 4967/4967/4943 4909/4909/4885 4975/4975/4951
f 4970/4970/4946 4661/4661/4637 4660/4660/4636
f 4974/4974/4950 4942/4942/4918 4976/4976/4952
f 4660/4660/4636 4971/4971/4947 4970/4970/4946
f 4967/4967/4943 4919/4919/4895 4910/4910/4886
f 4973/4973/4949 4970/4970/4946 4972/4972/4948
f 4977/4977/4953 4978/4978/4954 4979/4979/4955
f 4977/4977/4953 4980/4980/4956 4978/4978/4954
f 4837/4837/4813 4847/4847/4823 4867/4867/4843
f 4660/4660/4636 4673/4673/4649 4971/4971/4947
f 4863/4863/4839 4870/4870/4846 4981/4981/4957
f 4982/4982/4958 4964/4964/4940 4983/4983/4959
f 4676/4676/4652 4678/4678/4654 4983/4983/4959
f 4676/4676/4652 4983/4983/4959 4952/4952/4928
f 4976/4976/4952 4833/4833/4809 4974/4974/4950
f 4983/4983/4959 4678/4678/4654 4661/4661/4637
f 4983/4983/4959 4964/4964/4940 4952/4952/4928
f 4983/4983/4959 4661/4661/4637 4982/4982/4958
f 4984/4984/4960 4611/4611/4587 4985/4985/4961
f 4965/4965/4941 4964/4964/4940 4982/4982/4958
f 4986/4986/4962 4987/4987/4963 4988/4988/4964
f 4989/4989/4965 4880/4880/4856 4987/4987/4963
f 4990/4990/4966 4991/4991/4967 4917/4917/4893
f 4880/4880/4856 4989/4989/4965 4645/4645/4621
f 4650/4650/4626 4974/4974/4950 4833/4833/4809
f 4803/4803/4779 4710/4710/4686 4712/4712/4688
f 4839/4839/4815 4992/4992/4968 4945/4945/4921
f 4990/4990/4966 4993/4993/4969 4991/4991/4967
f 4760/4760/4736 4762/4762/4738 4859/4859/4835
f 4792/4792/4768 4834/4834/4810 4994/4994/4970
f 4979/4979/4955 4995/4995/4971 4996/4996/4972
f 4979/4979/4955 4978/4978/4954 4995/4995/4971
f 4760/4760/4736 4859/4859/4835 4866/4866/4842
f 4984/4984/4960 4612/4612/4588 4611/4611/4587
f 4988/4988/4964 4997/4997/4973 4986/4986/4962
f 4998/4998/4974 4991/4991/4967 4993/4993/4969
f 4984/4984/4960 4724/4724/4700 4612/4612/4588
f 4729/4729/4705 4985/4985/4961 4611/4611/4587
f 4999/4999/4975 5000/5000/4976 5001/5001/4977
f 5002/5002/4978 4735/4735/4711 4725/4725/4701
f 5003/5003/4979 5004/5004/4980 5005/5005/4981
f 5006/5006/4982 5007/5007/4983 4996/4996/4972
f 5003/5003/4979 5005/5005/4981 5008/5008/4984
f 5009/5009/4985 5010/5010/4986 5011/5011/4987
f 5010/5010/4986 4985/4985/4961 5011/5011/4987
f 4907/4907/4883 5012/5012/4988 4917/4917/4893
f 5013/5013/4989 4926/4926/4902 4928/4928/4904
f 4614/4614/4590 4612/4612/4588 4724/4724/4700
f 4729/4729/4705 5011/5011/4987 4985/4985/4961
f 5014/5014/4990 4984/4984/4960 4985/4985/4961
f 4984/4984/4960 5014/5014/4990 4724/4724/4700
f 5002/5002/4978 5014/5014/4990 5010/5010/4986
f 5002/5002/4978 4725/4725/4701 5014/5014/4990
f 5015/5015/4991 4912/4912/4888 4908/4908/4884
f 5014/5014/4990 4985/4985/4961 5010/5010/4986
f 5016/5016/4992 4908/4908/4884 4918/4918/4894
f 4971/4971/4947 4673/4673/4649 4656/4656/4632
f 5010/5010/4986 5017/5017/4993 5002/5002/4978
f 5018/5018/4994 5019/5019/4995 5020/5020/4996
f 4924/4924/4900 5021/5021/4997 5022/5022/4998
f 4725/4725/4701 4724/4724/4700 5014/5014/4990
f 5023/5023/4999 4705/4705/4681 4704/4704/4680
f 5022/5022/4998 4918/4918/4894 4924/4924/4900
f 5022/5022/4998 5016/5016/4992 4918/4918/4894
f 5008/5008/4984 5005/5005/4981 5024/5024/5000
f 5021/5021/4997 5025/5025/5001 5022/5022/4998
f 5015/5015/4991 5016/5016/4992 5008/5008/4984
f 4696/4696/4672 4695/4695/4671 4704/4704/4680
f 5025/5025/5001 4947/4947/4923 5026/5026/5002
f 5013/5013/4989 5027/5027/5003 5028/5028/5004
f 5015/5015/4991 4908/4908/4884 5016/5016/4992
f 4900/4900/4876 5029/5029/5005 5027/5027/5003
f 4914/4914/4890 5013/5013/4989 4928/4928/4904
f 5027/5027/5003 5013/5013/4989 4914/4914/4890
f 5026/5026/5002 5003/5003/4979 5025/5025/5001
f 4705/4705/4681 5023/5023/4999 4958/4958/4934
f 4893/4893/4869 4875/4875/4851 4873/4873/4849
f 4998/4998/4974 5028/5028/5004 5027/5027/5003
f 5030/5030/5006 4711/4711/4687 5031/5031/5007
f 4705/4705/4681 4958/4958/4934 4940/4940/4916
f 4932/4932/4908 4931/4931/4907 4963/4963/4939
f 4991/4991/4967 4998/4998/4974 5027/5027/5003
f 4693/4693/4669 4687/4687/4663 4686/4686/4662
f 4873/4873/4849 4875/4875/4851 4792/4792/4768
f 5032/5032/5008 4884/4884/4860 4883/4883/4859
f 5027/5027/5003 5029/5029/5005 4991/4991/4967
f 4963/4963/4939 5033/5033/5009 4932/4932/4908
f 5033/5033/5009 4963/4963/4939 5034/5034/5010
f 4693/4693/4669 5035/5035/5011 4687/4687/4663
f 4731/4731/4707 4884/4884/4860 4722/4722/4698
f 5030/5030/5006 4712/4712/4688 4711/4711/4687
f 4768/4768/4744 4805/4805/4781 5036/5036/5012
f 5035/5035/5011 4806/4806/4782 5030/5030/5006
f 4909/4909/4885 4912/4912/4888 5037/5037/5013
f 4768/4768/4744 5036/5036/5012 4693/4693/4669
f 4806/4806/4782 4712/4712/4688 5030/5030/5006
f 5036/5036/5012 4805/4805/4781 4806/4806/4782
f 4940/4940/4916 4732/4732/4708 4705/4705/4681
f 4722/4722/4698 5032/5032/5008 4716/4716/4692
f 4803/4803/4779 4712/4712/4688 4806/4806/4782
f 5035/5035/5011 5036/5036/5012 4806/4806/4782
f 5032/5032/5008 4722/4722/4698 4884/4884/4860
f 4876/4876/4852 5032/5032/5008 4883/4883/4859
f 4716/4716/4692 5032/5032/5008 4876/4876/4852
f 5020/5020/4996 5038/5038/5014 4843/4843/4819
f 5039/5039/5015 4658/4658/4634 4687/4687/4663
f 5040/5040/5016 4755/4755/4731 4758/4758/4734
f 4758/4758/4734 5041/5041/5017 5040/5040/5016
f 5035/5035/5011 4693/4693/4669 5036/5036/5012
f 4809/4809/4785 5042/5042/5018 4641/4641/4617
f 4832/4832/4808 4843/4843/4819 5038/5038/5014
f 4620/4620/4596 4930/4930/4906 4615/4615/4591
f 5040/5040/5016 5041/5041/5017 5043/5043/5019
f 4631/4631/4607 4721/4721/4697 4627/4627/4603
f 4875/4875/4851 4893/4893/4869 4876/4876/4852
f 4873/4873/4849 4872/4872/4848 4893/4893/4869
f 5044/5044/5020 5035/5035/5011 5030/5030/5006
f 5035/5035/5011 5044/5044/5020 4687/4687/4663
f 5045/5045/5021 5046/5046/5022 5047/5047/5023
f 4932/4932/4908 5048/5048/5024 4930/4930/4906
f 4930/4930/4906 5048/5048/5024 4615/4615/4591
f 5049/5049/5025 5050/5050/5026 4746/4746/4722
f 5044/5044/5020 5039/5039/5015 4687/4687/4663
f 5030/5030/5006 5031/5031/5007 5044/5044/5020
f 5049/5049/5025 4746/4746/4722 4745/4745/4721
f 4680/4680/4656 4688/4688/4664 4716/4716/4692
f 5051/5051/5027 5052/5052/5028 5053/5053/5029
f 5051/5051/5027 5053/5053/5029 5043/5043/5019
f 5054/5054/5030 5040/5040/5016 5043/5043/5019
f 5020/5020/4996 4843/4843/4819 5018/5018/4994
f 4641/4641/4617 5042/5042/5018 4905/4905/4881
f 5046/5046/5022 5055/5055/5031 5056/5056/5032
f 4755/4755/4731 5040/5040/5016 5054/5054/5030
f 5057/5057/5033 5043/5043/5019 5053/5053/5029
f 4810/4810/4786 4828/4828/4804 5058/5058/5034
f 5045/5045/5021 5055/5055/5031 5046/5046/5022
f 5054/5054/5030 4756/4756/4732 4755/4755/4731
f 5042/5042/5018 5020/5020/4996 4905/4905/4881
f 4745/4745/4721 4830/4830/4806 5059/5059/5035
f 5042/5042/5018 5038/5038/5014 5020/5020/4996
f 4876/4876/4852 4893/4893/4869 4680/4680/4656
f 5060/5060/5036 5061/5061/5037 4690/4690/4666
f 4680/4680/4656 4716/4716/4692 4876/4876/4852
f 5013/5013/4989 5028/5028/5004 4926/4926/4902
f 5057/5057/5033 5054/5054/5030 5043/5043/5019
f 4812/4812/4788 5059/5059/5035 4830/4830/4806
f 5042/5042/5018 4809/4809/4785 5038/5038/5014
f 4832/4832/4808 5038/5038/5014 4809/4809/4785
f 4950/4950/4926 4949/4949/4925 5062/5062/5038
f 5063/5063/5039 4943/4943/4919 5058/5058/5034
f 5063/5063/5039 5058/5058/5034 4828/4828/4804
f 4943/4943/4919 5063/5063/5039 4825/4825/4801
f 5047/5047/5023 4913/4913/4889 4938/4938/4914
f 5049/5049/5025 4745/4745/4721 5059/5059/5035
f 4812/4812/4788 4934/4934/4910 5059/5059/5035
f 4937/4937/4913 5045/5045/5021 4938/4938/4914
f 4816/4816/4792 4799/4799/4775 4808/4808/4784
f 5047/5047/5023 4938/4938/4914 5045/5045/5021
f 5027/5027/5003 4914/4914/4890 4900/4900/4876
f 5029/5029/5005 4900/4900/4876 4906/4906/4882
f 4715/4715/4691 4688/4688/4664 4819/4819/4795
f 5025/5025/5001 5021/5021/4997 4945/4945/4921
f 4934/4934/4910 4812/4812/4788 4811/4811/4787
f 4943/4943/4919 4939/4939/4915 5058/5058/5034
f 4759/4759/4735 5064/5064/5040 4753/4753/4729
f 4825/4825/4801 4920/4920/4896 4943/4943/4919
f 4810/4810/4786 5058/5058/5034 4811/4811/4787
f 4810/4810/4786 4600/4600/4576 4828/4828/4804
f 4819/4819/4795 4717/4717/4693 4715/4715/4691
f 4811/4811/4787 5058/5058/5034 4939/4939/4915
f 4839/4839/4815 4945/4945/4921 4924/4924/4900
f 4913/4913/4889 4914/4914/4890 4928/4928/4904
f 4945/4945/4921 5021/5021/4997 4924/4924/4900
f 5029/5029/5005 4906/4906/4882 4917/4917/4893
f 4760/4760/4736 4881/4881/4857 4766/4766/4742
f 5065/5065/5041 4762/4762/4738 4761/4761/4737
f 4886/4886/4862 4800/4800/4776 4887/4887/4863
f 4671/4671/4647 4672/4672/4648 4790/4790/4766
f 4790/4790/4766 4923/4923/4899 4671/4671/4647
f 4901/4901/4877 4900/4900/4876 4914/4914/4890
f 4793/4793/4769 4887/4887/4863 4800/4800/4776
f 4955/4955/4931 4749/4749/4725 5066/5066/5042
f 5067/5067/5043 4980/4980/4956 5068/5068/5044
f 4980/4980/4956 4977/4977/4953 5068/5068/5044
f 4753/4753/4729 5064/5064/5040 4892/4892/4868
f 4801/4801/4777 4849/4849/4825 4860/4860/4836
f 4825/4825/4801 5063/5063/5039 4826/4826/4802
f 4738/4738/4714 4955/4955/4931 5069/5069/5045
f 5066/5066/5042 5069/5069/5045 4955/4955/4931
f 4743/4743/4719 4955/4955/4931 4738/4738/4714
f 5070/5070/5046 5071/5071/5047 5072/5072/5048
f 4945/4945/4921 4947/4947/4923 5025/5025/5001
f 4960/4960/4936 4752/4752/4728 4751/4751/4727
f 5073/5073/5049 5074/5074/5050 5062/5062/5038
f 4790/4790/4766 4789/4789/4765 4801/4801/4777
f 5073/5073/5049 5062/5062/5038 4948/4948/4924
f 4949/4949/4925 4751/4751/4727 4948/4948/4924
f 4801/4801/4777 4860/4860/4836 4790/4790/4766
f 5069/5069/5045 4773/4773/4749 4738/4738/4714
f 4960/4960/4936 4751/4751/4727 4949/4949/4925
f 4840/4840/4816 4839/4839/4815 4924/4924/4900
f 5075/5075/5051 4859/4859/4835 4762/4762/4738
f 4762/4762/4738 5065/5065/5041 5075/5075/5051
f 5062/5062/5038 4949/4949/4925 4948/4948/4924
f 4632/4632/4608 4626/4626/4602 4719/4719/4695
f 4779/4779/4755 4849/4849/4825 4801/4801/4777
f 5076/5076/5052 5077/5077/5053 5078/5078/5054
f 5079/5079/5055 5080/5080/5056 5081/5081/5057
f 4646/4646/4622 5082/5082/5058 4653/4653/4629
f 5073/5073/5049 4948/4948/4924 4944/4944/4920
f 4948/4948/4924 4750/4750/4726 4944/4944/4920
f 4736/4736/4712 5083/5083/5059 5084/5084/5060
f 4653/4653/4629 5085/5085/5061 4652/4652/4628
f 5070/5070/5046 5086/5086/5062 5077/5077/5053
f 4651/4651/4627 5087/5087/5063 5088/5088/5064
f 5085/5085/5061 4653/4653/4629 5089/5089/5065
f 5082/5082/5058 4662/4662/4638 4863/4863/4839
f 4944/4944/4920 5090/5090/5066 5073/5073/5049
f 5091/5091/5067 5092/5092/5068 5093/5093/5069
f 5094/5094/5070 5095/5095/5071 5076/5076/5052
f 5076/5076/5052 5096/5096/5072 5094/5094/5070
f 5097/5097/5073 5098/5098/5074 5099/5099/5075
f 5079/5079/5055 5081/5081/5057 5068/5068/5044
f 5090/5090/5066 4944/4944/4920 4737/4737/4713
f 5100/5100/5076 5101/5101/5077 5094/5094/5070
f 4651/4651/4627 4647/4647/4623 5087/5087/5063
f 4646/4646/4622 4662/4662/4638 5082/5082/5058
f 5102/5102/5078 5103/5103/5079 4894/4894/4870
f 4944/4944/4920 4743/4743/4719 4737/4737/4713
f 4863/4863/4839 4981/4981/4957 5082/5082/5058
f 4777/4777/4753 5104/5104/5080 5105/5105/5081
f 4980/4980/4956 5106/5106/5082 4978/4978/4954
f 4978/4978/4954 5106/5106/5082 5100/5100/5076
f 5070/5070/5046 5077/5077/5053 5071/5071/5047
f 5107/5107/5083 5108/5108/5084 5109/5109/5085
f 5110/5110/5086 4653/4653/4629 5082/5082/5058
f 4999/4999/4975 5001/5001/4977 5111/5111/5087
f 5082/5082/5058 4981/4981/4957 5110/5110/5086
f 4894/4894/4870 5103/5103/5079 4895/4895/4871
f 5103/5103/5079 5112/5112/5088 4895/4895/4871
f 4759/4759/4735 4752/4752/4728 4960/4960/4936
f 5113/5113/5089 5114/5114/5090 5115/5115/5091
f 4786/4786/4762 5066/5066/5042 4763/4763/4739
f 5096/5096/5072 5076/5076/5052 5078/5078/5054
f 5106/5106/5082 5116/5116/5092 5101/5101/5077
f 5117/5117/5093 5118/5118/5094 5119/5119/5095
f 5100/5100/5076 5106/5106/5082 5101/5101/5077
f 4956/4956/4932 4961/4961/4937 4966/4966/4942
f 5100/5100/5076 5094/5094/5070 5096/5096/5072
f 5066/5066/5042 4786/4786/4762 5120/5120/5096
f 5113/5113/5089 5121/5121/5097 5122/5122/5098
f 4826/4826/4802 5063/5063/5039 4828/4828/4804
f 5113/5113/5089 5115/5115/5091 5121/5121/5097
f 5092/5092/5068 5091/5091/5067 5123/5123/5099
f 4995/4995/4971 5096/5096/5072 5078/5078/5054
f 5120/5120/5096 5069/5069/5045 5066/5066/5042
f 5096/5096/5072 4995/4995/4971 4978/4978/4954
f 4968/4968/4944 4859/4859/4835 5075/5075/5051
f 5092/5092/5068 5123/5123/5099 5124/5124/5100
f 5066/5066/5042 4749/4749/4725 4748/4748/4724
f 4978/4978/4954 5100/5100/5076 5096/5096/5072
f 4777/4777/4753 5105/5105/5081 4772/4772/4748
f 4748/4748/4724 4763/4763/4739 5066/5066/5042
f 5121/5121/5097 5115/5115/5091 5097/5097/5073
f 5125/5125/5101 5126/5126/5102 5092/5092/5068
f 5097/5097/5073 5127/5127/5103 5121/5121/5097
f 4763/4763/4739 4748/4748/4724 4742/4742/4718
f 5125/5125/5101 5092/5092/5068 5124/5124/5100
f 5128/5128/5104 4848/4848/4824 4968/4968/4944
f 5075/5075/5051 5128/5128/5104 4968/4968/4944
f 5129/5129/5105 4966/4966/4942 4961/4961/4937
f 5130/5130/5106 5093/5093/5069 5092/5092/5068
f 5131/5131/5107 5132/5132/5108 4966/4966/4942
f 5130/5130/5106 5126/5126/5102 5133/5133/5109
f 4663/4663/4639 5134/5134/5110 4675/4675/4651
f 4689/4689/4665 5135/5135/5111 5136/5136/5112
f 4777/4777/4753 5119/5119/5095 5118/5118/5094
f 5099/5099/5075 5127/5127/5103 5097/5097/5073
f 5137/5137/5113 5109/5109/5085 5138/5138/5114
f 4663/4663/4639 4671/4671/4647 5134/5134/5110
f 5130/5130/5106 5092/5092/5068 5126/5126/5102
f 5136/5136/5112 4654/4654/4630 4689/4689/4665
f 5131/5131/5107 4966/4966/4942 5129/5129/5105
f 4962/4962/4938 5139/5139/5115 5140/5140/5116
f 4962/4962/4938 5140/5140/5116 5141/5141/5117
f 5138/5138/5114 5108/5108/5084 5142/5142/5118
f 5139/5139/5115 4962/4962/4938 4601/4601/4577
f 4963/4963/4939 4966/4966/4942 5132/5132/5108
f 5138/5138/5114 5109/5109/5085 5108/5108/5084
f 5143/5143/5119 5144/5144/5120 5141/5141/5117
f 4962/4962/4938 5141/5141/5117 4961/4961/4937
f 4777/4777/4753 4766/4766/4742 5119/5119/5095
f 4857/4857/4833 4852/4852/4828 5089/5089/5065
f 5145/5145/5121 4754/4754/4730 5146/5146/5122
f 5101/5101/5077 5116/5116/5092 5052/5052/5028
f 5089/5089/5065 5110/5110/5086 4857/4857/4833
f 4981/4981/4957 4870/4870/4846 4858/4858/4834
f 5110/5110/5086 5089/5089/5065 4653/4653/4629
f 5147/5147/5123 5071/5071/5047 5077/5077/5053
f 4857/4857/4833 5110/5110/5086 4981/4981/4957
f 5147/5147/5123 5145/5145/5121 5071/5071/5047
f 4648/4648/4624 4651/4651/4627 5088/5088/5064
f 5072/5072/5048 5071/5071/5047 5145/5145/5121
f 5041/5041/5017 5094/5094/5070 5148/5148/5124
f 4981/4981/4957 4858/4858/4834 4857/4857/4833
f 5094/5094/5070 5101/5101/5077 5148/5148/5124
f 5141/5141/5117 5140/5140/5116 5143/5143/5119
f 5145/5145/5121 5147/5147/5123 4758/4758/4734
f 5109/5109/5085 5149/5149/5125 5107/5107/5083
f 5149/5149/5125 5150/5150/5126 5107/5107/5083
f 5109/5109/5085 5137/5137/5113 5149/5149/5125
f 5149/5149/5125 5151/5151/5127 5150/5150/5126
f 4758/4758/4734 5095/5095/5071 5041/5041/5017
f 5118/5118/5094 5117/5117/5093 5111/5111/5087
f 5145/5145/5121 5146/5146/5122 5072/5072/5048
f 5151/5151/5127 5149/5149/5125 5137/5137/5113
f 5051/5051/5027 5148/5148/5124 5101/5101/5077
f 5145/5145/5121 4758/4758/4734 4754/4754/4730
f 5152/5152/5128 5153/5153/5129 5154/5154/5130
f 4852/4852/4828 4853/4853/4829 5089/5089/5065
f 4758/4758/4734 5147/5147/5123 5095/5095/5071
f 5111/5111/5087 5155/5155/5131 5118/5118/5094
f 5148/5148/5124 5043/5043/5019 5041/5041/5017
f 5094/5094/5070 5041/5041/5017 5095/5095/5071
f 5095/5095/5071 5147/5147/5123 5076/5076/5052
f 5156/5156/5132 5157/5157/5133 5034/5034/5010
f 4760/4760/4736 4866/4866/4842 4881/4881/4857
f 5077/5077/5053 5076/5076/5052 5147/5147/5123
f 5052/5052/5028 5051/5051/5027 5101/5101/5077
f 5116/5116/5092 5106/5106/5082 5067/5067/5043
f 5158/5158/5134 4864/4864/4840 4674/4674/4650
f 5091/5091/5067 5093/5093/5069 5159/5159/5135
f 5160/5160/5136 4674/4674/4650 4648/4648/4624
f 5161/5161/5137 5162/5162/5138 5163/5163/5139
f 5119/5119/5095 4881/4881/4857 5158/5158/5134
f 4995/4995/4971 5078/5078/5054 4996/4996/4972
f 5164/5164/5140 5165/5165/5141 5166/5166/5142
f 5148/5148/5124 5051/5051/5027 5043/5043/5019
f 4864/4864/4840 5158/5158/5134 4881/4881/4857
f 5089/5089/5065 5167/5167/5143 5085/5085/5061
f 5034/5034/5010 5157/5157/5133 5033/5033/5009
f 4881/4881/4857 4838/4838/4814 4864/4864/4840
f 4674/4674/4650 5160/5160/5136 5158/5158/5134
f 4999/4999/4975 5111/5111/5087 5117/5117/5093
f 4895/4895/4871 5112/5112/5088 5168/5168/5144
f 5169/5169/5145 5107/5107/5083 5170/5170/5146
f 5150/5150/5126 5170/5170/5146 5107/5107/5083
f 5171/5171/5147 5172/5172/5148 5173/5173/5149
f 5134/5134/5110 4671/4671/4647 4923/4923/4899
f 5161/5161/5137 5163/5163/5139 5122/5122/5098
f 4891/4891/4867 4988/4988/4964 4987/4987/4963
f 5167/5167/5143 5089/5089/5065 4853/4853/4829
f 4988/4988/4964 4891/4891/4867 5174/5174/5150
f 5175/5175/5151 5176/5176/5152 5083/5083/5059
f 5078/5078/5054 5077/5077/5053 5086/5086/5062
f 5000/5000/4976 5177/5177/5153 5178/5178/5154
f 4990/4990/4966 4917/4917/4893 5012/5012/4988
f 5179/5179/5155 5086/5086/5062 5070/5070/5046
f 5176/5176/5152 5084/5084/5060 5083/5083/5059
f 5067/5067/5043 5106/5106/5082 4980/4980/4956
f 5127/5127/5103 5180/5180/5156 5121/5121/5097
f 4891/4891/4867 4987/4987/4963 4880/4880/4856
f 5181/5181/5157 5118/5118/5094 5155/5155/5131
f 5029/5029/5005 4917/4917/4893 4991/4991/4967
f 5121/5121/5097 5180/5180/5156 5161/5161/5137
f 5161/5161/5137 5180/5180/5156 5182/5182/5158
f 5161/5161/5137 5122/5122/5098 5121/5121/5097
f 5086/5086/5062 5179/5179/5155 5006/5006/4982
f 5183/5183/5159 5170/5170/5146 5150/5150/5126
f 5118/5118/5094 5181/5181/5157 5104/5104/5080
f 5154/5154/5130 5184/5184/5160 5185/5185/5161
f 4994/4994/4970 4873/4873/4849 4792/4792/4768
f 5024/5024/5000 5015/5015/4991 5008/5008/4984
f 5078/5078/5054 5086/5086/5062 5006/5006/4982
f 5186/5186/5162 5187/5187/5163 5188/5188/5164
f 5022/5022/4998 5025/5025/5001 5003/5003/4979
f 5117/5117/5093 5088/5088/5064 4999/4999/4975
f 5162/5162/5138 5161/5161/5137 5182/5182/5158
f 5163/5163/5139 5162/5162/5138 5189/5189/5165
f 5006/5006/4982 4996/4996/4972 5078/5078/5054
f 5104/5104/5080 4777/4777/4753 5118/5118/5094
f 5008/5008/4984 5016/5016/4992 5022/5022/4998
f 5008/5008/4984 5022/5022/4998 5003/5003/4979
f 5162/5162/5138 5182/5182/5158 5190/5190/5166
f 4645/4645/4621 4644/4644/4620 4880/4880/4856
f 5184/5184/5160 5026/5026/5002 5191/5191/5167
f 4791/4791/4767 5192/5192/5168 4842/4842/4818
f 5193/5193/5169 5194/5194/5170 5168/5168/5144
f 5195/5195/5171 5196/5196/5172 5197/5197/5173
f 5180/5180/5156 5198/5198/5174 5182/5182/5158
f 5000/5000/4976 5199/5199/5175 5177/5177/5153
f 5198/5198/5174 5180/5180/5156 5127/5127/5103
f 4791/4791/4767 4800/4800/4776 5192/5192/5168
f 5200/5200/5176 5201/5201/5177 5202/5202/5178
f 5047/5047/5023 4915/4915/4891 4913/4913/4889
f 5187/5187/5163 5203/5203/5179 5204/5204/5180
f 4899/4899/4875 4901/4901/4877 5205/5205/5181
f 5203/5203/5179 5187/5187/5163 5186/5186/5162
f 5172/5172/5148 5024/5024/5000 5005/5005/4981
f 5205/5205/5181 5206/5206/5182 4899/4899/4875
f 5203/5203/5179 5091/5091/5067 5204/5204/5180
f 5091/5091/5067 5203/5203/5179 5123/5123/5099
f 4947/4947/4923 4957/4957/4933 5191/5191/5167
f 4899/4899/4875 5206/5206/5182 4907/4907/4883
f 5207/5207/5183 5153/5153/5129 5208/5208/5184
f 5207/5207/5183 5173/5173/5149 5172/5172/5148
f 5209/5209/5185 5210/5210/5186 5211/5211/5187
f 5158/5158/5134 5117/5117/5093 5119/5119/5095
f 5207/5207/5183 5208/5208/5184 5173/5173/5149
f 5099/5099/5075 5212/5212/5188 5127/5127/5103
f 5213/5213/5189 5007/5007/4983 4896/4896/4872
f 5214/5214/5190 4834/4834/4810 4842/4842/4818
f 4643/4643/4619 4645/4645/4621 4694/4694/4670
f 5215/5215/5191 5123/5123/5099 5203/5203/5179
f 5216/5216/5192 5217/5217/5193 5218/5218/5194
f 5216/5216/5192 5219/5219/5195 5217/5217/5193
f 5213/5213/5189 5220/5220/5196 4979/4979/4955
f 5200/5200/5176 5221/5221/5197 5222/5222/5198
f 4689/4689/4665 4694/4694/4670 5223/5223/5199
f 5141/5141/5117 5129/5129/5105 4961/4961/4937
f 5204/5204/5180 5224/5224/5200 5187/5187/5163
f 5200/5200/5176 5202/5202/5178 5221/5221/5197
f 5224/5224/5200 5204/5204/5180 5225/5225/5201
f 5226/5226/5202 5046/5046/5022 5056/5056/5032
f 5212/5212/5188 5099/5099/5075 5202/5202/5178
f 5221/5221/5197 5099/5099/5075 5098/5098/5074
f 5224/5224/5200 5188/5188/5164 5187/5187/5163
f 4947/4947/4923 5191/5191/5167 5026/5026/5002
f 5227/5227/5203 5209/5209/5185 5228/5228/5204
f 4736/4736/4712 5084/5084/5060 5090/5090/5066
f 5129/5129/5105 5141/5141/5117 5144/5144/5120
f 5229/5229/5205 5230/5230/5206 5231/5231/5207
f 5232/5232/5208 5073/5073/5049 5090/5090/5066
f 4736/4736/4712 5090/5090/5066 4737/4737/4713
f 5233/5233/5209 4694/4694/4670 4645/4645/4621
f 4645/4645/4621 4989/4989/4965 5233/5233/5209
f 5138/5138/5114 5234/5234/5210 5235/5235/5211
f 4996/4996/4972 5007/5007/4983 5213/5213/5189
f 5184/5184/5160 5236/5236/5212 5185/5185/5161
f 5074/5074/5050 5073/5073/5049 5232/5232/5208
f 5099/5099/5075 5221/5221/5197 5202/5202/5178
f 5237/5237/5213 5142/5142/5118 5108/5108/5084
f 5207/5207/5183 5238/5238/5214 5153/5153/5129
f 5197/5197/5173 5176/5176/5152 5195/5195/5171
f 5209/5209/5185 5227/5227/5203 5210/5210/5186
f 5238/5238/5214 5154/5154/5130 5153/5153/5129
f 5239/5239/5215 5184/5184/5160 5238/5238/5214
f 5127/5127/5103 5212/5212/5188 5198/5198/5174
f 5159/5159/5135 5204/5204/5180 5091/5091/5067
f 5212/5212/5188 5240/5240/5216 5198/5198/5174
f 5164/5164/5140 5166/5166/5142 5241/5241/5217
f 5169/5169/5145 5170/5170/5146 5242/5242/5218
f 5117/5117/5093 5158/5158/5134 5160/5160/5136
f 5164/5164/5140 5241/5241/5217 5243/5243/5219
f 5154/5154/5130 5238/5238/5214 5184/5184/5160
f 5183/5183/5159 5244/5244/5220 5241/5241/5217
f 5143/5143/5119 5245/5245/5221 5144/5144/5120
f 5209/5209/5185 4986/4986/4962 5228/5228/5204
f 5216/5216/5192 5246/5246/5222 4986/4986/4962
f 4986/4986/4962 5209/5209/5185 5216/5216/5192
f 5183/5183/5159 5242/5242/5218 5170/5170/5146
f 5241/5241/5217 5242/5242/5218 5183/5183/5159
f 5068/5068/5044 4977/4977/4953 5079/5079/5055
f 5236/5236/5212 5184/5184/5160 5191/5191/5167
f 5245/5245/5221 5247/5247/5223 5144/5144/5120
f 5173/5173/5149 5208/5208/5184 5248/5248/5224
f 5209/5209/5185 5211/5211/5187 5216/5216/5192
f 5172/5172/5148 5005/5005/4981 5004/5004/4980
f 5119/5119/5095 4766/4766/4742 4881/4881/4857
f 5184/5184/5160 5239/5239/5215 5026/5026/5002
f 5132/5132/5108 5034/5034/5010 4963/4963/4939
f 5223/5223/5199 5061/5061/5037 4689/4689/4665
f 5138/5138/5114 5235/5235/5211 5137/5137/5113
f 5223/5223/5199 4694/4694/4670 5233/5233/5209
f 5243/5243/5219 5241/5241/5217 5244/5244/5220
f 5090/5090/5066 5084/5084/5060 5232/5232/5208
f 5160/5160/5136 5088/5088/5064 5117/5117/5093
f 5249/5249/5225 5220/5220/5196 5213/5213/5189
f 5250/5250/5226 5226/5226/5202 5056/5056/5032
f 5251/5251/5227 5235/5235/5211 5234/5234/5210
f 5241/5241/5217 5166/5166/5142 5242/5242/5218
f 5142/5142/5118 5252/5252/5228 5234/5234/5210
f 5253/5253/5229 5252/5252/5228 5142/5142/5118
f 5249/5249/5225 5213/5213/5189 4896/4896/4872
f 5226/5226/5202 5225/5225/5201 5254/5254/5230
f 5138/5138/5114 5142/5142/5118 5234/5234/5210
f 5255/5255/5231 5217/5217/5193 5230/5230/5206
f 5255/5255/5231 5230/5230/5206 5229/5229/5205
f 5230/5230/5206 5217/5217/5193 5219/5219/5195
f 5142/5142/5118 5237/5237/5213 5253/5253/5229
f 5256/5256/5232 5202/5202/5178 5201/5201/5177
f 5208/5208/5184 5257/5257/5233 5248/5248/5224
f 5257/5257/5233 5258/5258/5234 5248/5248/5224
f 5003/5003/4979 5239/5239/5215 5004/5004/4980
f 5255/5255/5231 5229/5229/5205 5259/5259/5235
f 5212/5212/5188 5202/5202/5178 5240/5240/5216
f 5260/5260/5236 5012/5012/4988 4907/4907/4883
f 4890/4890/4866 5261/5261/5237 5262/5262/5238
f 5233/5233/5209 5218/5218/5194 5223/5223/5199
f 5079/5079/5055 4979/4979/4955 5220/5220/5196
f 5079/5079/5055 4977/4977/4953 4979/4979/4955
f 5263/5263/5239 5006/5006/4982 5179/5179/5155
f 5257/5257/5233 5153/5153/5129 5152/5152/5128
f 5264/5264/5240 5240/5240/5216 5256/5256/5232
f 5251/5251/5227 5265/5265/5241 5235/5235/5211
f 4989/4989/4965 4987/4987/4963 5246/5246/5222
f 5266/5266/5242 5107/5107/5083 5169/5169/5145
f 5255/5255/5231 5259/5259/5235 4692/4692/4668
f 5246/5246/5222 5233/5233/5209 4989/4989/4965
f 5219/5219/5195 5267/5267/5243 5230/5230/5206
f 4986/4986/4962 5246/5246/5222 4987/4987/4963
f 5137/5137/5113 5235/5235/5211 5265/5265/5241
f 5268/5268/5244 5269/5269/5245 5270/5270/5246
f 5257/5257/5233 5208/5208/5184 5153/5153/5129
f 5271/5271/5247 5080/5080/5056 5079/5079/5055
f 5231/5231/5207 5230/5230/5206 5267/5267/5243
f 4915/4915/4891 5254/5254/5230 5205/5205/5181
f 4890/4890/4866 5272/5272/5248 5261/5261/5237
f 4901/4901/4877 4915/4915/4891 5205/5205/5181
f 5046/5046/5022 5226/5226/5202 5254/5254/5230
f 5046/5046/5022 5254/5254/5230 5047/5047/5023
f 5264/5264/5240 5190/5190/5166 5182/5182/5158
f 5262/5262/5238 5270/5270/5246 5273/5273/5249
f 4890/4890/4866 5262/5262/5238 5273/5273/5249
f 4915/4915/4891 5047/5047/5023 5254/5254/5230
f 4648/4648/4624 5088/5088/5064 5160/5160/5136
f 4979/4979/4955 4996/4996/4972 5213/5213/5189
f 5006/5006/4982 5263/5263/5239 5007/5007/4983
f 5107/5107/5083 5266/5266/5242 5108/5108/5084
f 5202/5202/5178 5256/5256/5232 5240/5240/5216
f 5217/5217/5193 5255/5255/5231 4691/4691/4667
f 4691/4691/4667 5255/5255/5231 4692/4692/4668
f 5267/5267/5243 5211/5211/5187 5210/5210/5186
f 5108/5108/5084 5274/5274/5250 5237/5237/5213
f 5239/5239/5215 5003/5003/4979 5026/5026/5002
f 5108/5108/5084 5266/5266/5242 5274/5274/5250
f 5061/5061/5037 5060/5060/5036 5135/5135/5111
f 5266/5266/5242 5169/5169/5145 5274/5274/5250
f 5198/5198/5174 5240/5240/5216 5264/5264/5240
f 4689/4689/4665 5061/5061/5037 5135/5135/5111
f 5219/5219/5195 5211/5211/5187 5267/5267/5243
f 5129/5129/5105 5144/5144/5120 5247/5247/5223
f 5233/5233/5209 5246/5246/5222 5216/5216/5192
f 5224/5224/5200 5226/5226/5202 5250/5250/5226
f 5275/5275/5251 5034/5034/5010 5132/5132/5108
f 5224/5224/5200 5225/5225/5201 5226/5226/5202
f 5247/5247/5223 5131/5131/5107 5129/5129/5105
f 5182/5182/5158 5198/5198/5174 5264/5264/5240
f 5275/5275/5251 5156/5156/5132 5034/5034/5010
f 5216/5216/5192 5218/5218/5194 5233/5233/5209
f 5176/5176/5152 5232/5232/5208 5084/5084/5060
f 5276/5276/5252 5131/5131/5107 4888/4888/4864
f 5176/5176/5152 5197/5197/5173 5232/5232/5208
f 5277/5277/5253 5206/5206/5182 5278/5278/5254
f 5275/5275/5251 5269/5269/5245 5156/5156/5132
f 5211/5211/5187 5219/5219/5195 5216/5216/5192
f 5250/5250/5226 5188/5188/5164 5224/5224/5200
f 4896/4896/4872 5279/5279/5255 4894/4894/4870
f 5130/5130/5106 5278/5278/5254 5093/5093/5069
f 5278/5278/5254 5130/5130/5106 5277/5277/5253
f 5205/5205/5181 5278/5278/5254 5206/5206/5182
f 5277/5277/5253 4907/4907/4883 5206/5206/5182
f 5181/5181/5157 5155/5155/5131 5280/5280/5256
f 4896/4896/4872 5263/5263/5239 5279/5279/5255
f 4896/4896/4872 5007/5007/4983 5263/5263/5239
f 5207/5207/5183 5004/5004/4980 5238/5238/5214
f 5238/5238/5214 5004/5004/4980 5239/5239/5215
f 5260/5260/5236 4907/4907/4883 5277/5277/5253
f 5159/5159/5135 5225/5225/5201 5204/5204/5180
f 5205/5205/5181 5159/5159/5135 5278/5278/5254
f 5172/5172/5148 5004/5004/4980 5207/5207/5183
f 5278/5278/5254 5159/5159/5135 5093/5093/5069
f 5130/5130/5106 5133/5133/5109 5277/5277/5253
f 5249/5249/5225 5194/5194/5170 5220/5220/5196
f 5205/5205/5181 5254/5254/5230 5225/5225/5201
f 5225/5225/5201 5159/5159/5135 5205/5205/5181
f 5273/5273/5249 4888/4888/4864 4890/4890/4866
f 5276/5276/5252 4888/4888/4864 5273/5273/5249
f 5276/5276/5252 5273/5273/5249 5270/5270/5246
f 5220/5220/5196 5194/5194/5170 5079/5079/5055
f 5271/5271/5247 5079/5079/5055 5194/5194/5170
f 5199/5199/5175 5000/5000/4976 4999/4999/4975
f 5218/5218/5194 4690/4690/4666 5223/5223/5199
f 5269/5269/5245 5275/5275/5251 5270/5270/5246
f 5001/5001/4977 5280/5280/5256 5155/5155/5131
f 5166/5166/5142 5281/5281/5257 5242/5242/5218
f 4888/4888/4864 5247/5247/5223 4889/4889/4865
f 5249/5249/5225 4895/4895/4871 5168/5168/5144
f 5275/5275/5251 5276/5276/5252 5270/5270/5246
f 5276/5276/5252 5275/5275/5251 5132/5132/5108
f 5194/5194/5170 5249/5249/5225 5168/5168/5144
f 5218/5218/5194 5217/5217/5193 4691/4691/4667
f 4690/4690/4666 4916/4916/4892 5060/5060/5036
f 5247/5247/5223 4888/4888/4864 5131/5131/5107
f 5176/5176/5152 5175/5175/5151 5195/5195/5171
f 5155/5155/5131 5111/5111/5087 5001/5001/4977
f 5131/5131/5107 5276/5276/5252 5132/5132/5108
f 5199/5199/5175 4999/4999/4975 5088/5088/5064
f 5169/5169/5145 5242/5242/5218 5281/5281/5257
f 5199/5199/5175 5088/5088/5064 5087/5087/5063
f 5249/5249/5225 4896/4896/4872 4895/4895/4871
f 5218/5218/5194 4691/4691/4667 4690/4690/4666
f 5282/5282/5258 5181/5181/5157 5280/5280/5256
f 5061/5061/5037 5223/5223/5199 4690/4690/4666
f 5194/5194/5170 5193/5193/5169 5271/5271/5247
f 5272/5272/5248 4890/4890/4866 4889/4889/4865
o wing_right
v 0.665067 -0.049814 2.726212
v 0.696826 0.001580 2.647506
v 0.666494 0.011365 2.637219
v 0.614924 0.097420 2.717342
v 0.581326 0.140077 2.742315
v 0.623783 0.066094 2.606906
v 0.514301 0.588715 3.068288
v 0.469742 0.558944 3.075437
v 0.486053 0.552742 3.120018
v 0.625800 0.123866 2.781495
v 0.650764 0.049746 2.646171
v 0.695161 0.044057 2.654856
v 0.662199 0.132300 2.787576
v 0.696826 0.001580 2.647506
v 0.666494 0.011365 2.637219
v 0.763807 0.098781 2.621602
v 0.727389 0.144196 2.714203
v 0.750381 0.071516 2.637167
v 0.732137 -0.005768 2.632540
v 0.724812 0.056871 2.652290
v 0.623783 0.066094 2.606906
v 0.581326 0.140077 2.742315
v 0.572934 0.166256 2.712630
v 0.731067 -0.160927 2.629002
v 0.734353 -0.224734 2.515828
v 0.700896 -0.150656 2.580207
v 0.724954 -0.178946 2.684929
v 0.752891 -0.304519 2.581500
v 0.775308 -0.302510 2.531740
v 0.676586 -0.204117 2.724877
v 0.687219 -0.295192 2.633349
v 0.730814 -0.318395 2.594918
v 0.730814 -0.318395 2.594918
v 0.696094 -0.161384 2.737886
v 0.731067 -0.160927 2.629002
v 0.703771 0.148363 2.768628
v 0.724812 0.056871 2.652290
v 0.662199 0.132300 2.787576
v 0.662306 -0.351841 2.569601
v 0.705793 -0.354632 2.579072
v 0.641271 -0.297509 2.614602
v 0.761912 -0.248373 2.535241
v 0.709272 0.286872 2.753310
v 0.726875 0.329575 2.730652
v 0.691869 0.329562 2.756218
v 0.590460 0.271705 2.676249
v 0.596427 0.293716 2.720689
v 0.599043 0.339730 2.710695
v 0.592743 0.383537 2.736402
v 0.588952 0.400592 2.708526
v 0.723368 0.290311 2.623707
v 0.738156 0.365795 2.645636
v 0.750471 0.326284 2.676301
v 0.554211 0.494310 2.801500
v 0.604866 0.355324 2.653640
v 0.765887 0.020435 2.602486
v 0.732137 -0.005768 2.632540
v 0.747605 -0.034503 2.631443
v 0.702242 0.369368 2.613928
v 0.723368 0.290311 2.623707
v 0.680071 0.294934 2.603689
v 0.734555 0.427104 2.705117
v 0.731645 0.403032 2.740340
v 0.744054 0.272504 2.689543
v 0.738156 0.365795 2.645636
v 0.628208 0.344498 2.616975
v 0.646602 0.270635 2.614809
v 0.708445 0.445258 2.668250
v 0.734555 0.427104 2.705117
v 0.612714 -0.269415 2.586753
v 0.641271 -0.297509 2.614602
v 0.589314 -0.198741 2.692315
v 0.680740 0.224456 2.632898
v 0.724427 0.225304 2.670178
v 0.660151 0.375496 2.612263
v 0.674936 0.447125 2.652694
v 0.650797 -0.588937 2.521015
v 0.657977 -0.556825 2.475913
v 0.705913 -0.557086 2.465527
v 0.637042 -0.337341 2.542614
v 0.741314 0.128865 2.542218
v 0.704802 0.199942 2.639796
v 0.728180 0.190530 2.683034
v 0.738289 -0.564611 2.507656
v 0.722868 -0.581756 2.567542
v 0.694124 -0.597134 2.542619
v 0.705913 -0.557086 2.465527
v 0.755367 -0.504203 2.453572
v 0.680688 -0.488823 2.427664
v 0.728180 0.190530 2.683034
v 0.624420 0.297041 2.753714
v 0.599043 0.339730 2.710695
v 0.596427 0.293716 2.720689
v 0.722868 -0.581756 2.567542
v 0.738289 -0.564611 2.507656
v 0.754761 -0.544823 2.551645
v 0.646738 -0.228244 2.510836
v 0.654594 -0.154445 2.567075
v 0.694451 -0.232221 2.487712
v 0.650797 -0.588937 2.521015
v 0.646602 0.270635 2.614809
v 0.611263 0.243243 2.644596
v 0.628208 0.344498 2.616975
v 0.726752 0.224967 2.736459
v 0.724427 0.225304 2.670178
v 0.610239 -0.210415 2.711169
v 0.589314 -0.198741 2.692315
v 0.723377 -0.486934 2.426816
v 0.755367 -0.504203 2.453572
v 0.728180 0.190530 2.683034
v 0.704802 0.199942 2.639796
v 0.605852 0.423430 2.670744
v 0.637377 0.441255 2.652737
v 0.634667 -0.201543 2.736551
v 0.753325 -0.003700 2.499308
v 0.783452 0.003193 2.559239
v 0.765444 -0.062326 2.562796
v 0.612907 -0.541369 2.514004
v 0.657986 0.208219 2.630031
v 0.612907 -0.541369 2.514004
v 0.650797 -0.588937 2.521015
v 0.611494 -0.580513 2.585560
v 0.572893 -0.159910 2.652807
v 0.647938 -0.485476 2.449248
v 0.637377 0.441255 2.652737
v 0.609382 -0.502139 2.534696
v 0.605682 -0.467077 2.587075
v 0.626703 -0.461436 2.545027
v 0.765444 -0.062326 2.562796
v 0.736713 -0.076465 2.528090
v 0.753325 -0.003700 2.499308
v 0.766096 0.112230 2.570916
v 0.534512 0.568686 3.121130
v 0.636610 -0.432628 2.482445
v 0.563970 -0.370160 2.759158
v 0.531440 -0.409676 2.759342
v 0.550041 -0.404829 2.803883
v 0.610542 -0.160571 2.597332
v 0.646738 -0.228244 2.510836
v 0.645414 -0.303295 2.468539
v 0.772201 0.059077 2.533833
v 0.591910 -0.190831 2.615635
v 0.766096 0.112230 2.570916
v 0.772201 0.059077 2.533833
v 0.742827 0.070131 2.504666
v 0.594627 -0.381140 2.812641
v 0.599847 -0.360438 2.751835
v 0.563970 -0.370160 2.759158
v 0.637530 -0.595610 2.603194
v 0.634833 -0.332426 2.496603
v 0.553116 -0.400613 2.711435
v 0.531440 -0.409676 2.759342
v 0.563970 -0.370160 2.759158
v 0.586354 -0.384599 2.697310
v 0.553116 -0.400613 2.711435
v 0.540175 -0.432635 2.708288
v 0.753325 -0.003700 2.499308
v 0.719936 -0.123364 2.596136
v 0.733879 -0.114119 2.633955
v 0.594627 -0.381140 2.812641
v 0.592199 -0.442221 2.832496
v 0.546346 -0.461574 2.798127
v 0.706742 -0.057482 2.502851
v 0.683215 -0.126240 2.566061
v 0.538442 -0.462824 2.715371
v 0.538276 -0.475204 2.746266
v 0.546346 -0.461574 2.798127
v 0.665058 -0.062185 2.512104
v 0.638101 -0.374455 2.724140
v 0.629647 -0.374433 2.790507
v 0.662865 -0.398390 2.765103
v 0.645891 -0.414335 2.809735
v 0.629647 -0.374433 2.790507
v 0.594627 -0.381140 2.812641
v 0.592199 -0.442221 2.832496
v 0.653521 -0.466533 2.796245
v 0.671894 -0.419581 2.684082
v 0.719936 -0.123364 2.596136
v 0.677301 -0.444801 2.765218
v 0.662865 -0.398390 2.765103
v 0.624196 -0.411263 2.652213
v 0.607006 -0.101755 2.601163
v 0.654594 -0.154445 2.567075
v 0.641667 -0.119469 2.575333
v 0.499491 0.520616 3.137031
v 0.456522 0.511361 3.103286
v 0.509185 0.470237 3.127450
v 0.700896 -0.150656 2.580207
v 0.654594 -0.154445 2.567075
v 0.731067 -0.160927 2.629002
v 0.610542 -0.160571 2.597332
v 0.613991 -0.040766 2.583578
v 0.640403 0.031078 2.520334
v 0.634504 -0.049089 2.533626
v 0.665058 -0.062185 2.512104
v 0.591163 -0.055256 2.679591
v 0.627998 -0.006866 2.612925
v 0.641667 -0.119469 2.575333
v 0.657986 0.208219 2.630031
v 0.615361 0.192106 2.643205
v 0.580341 -0.489977 2.609347
v 0.506796 0.514001 2.915552
v 0.547501 0.465280 2.821810
v 0.518536 0.469781 2.917135
v 0.469838 0.466987 3.074638
v 0.460775 0.495396 3.039954
v 0.536860 0.446033 2.938187
v 0.469838 0.466987 3.074638
v 0.518536 0.469781 2.917135
v 0.463777 0.540861 3.029749
v 0.586394 -0.546684 2.687358
v 0.571969 -0.531341 2.663291
v 0.611494 -0.580513 2.585560
v 0.571969 -0.531341 2.663291
v 0.589125 -0.544208 2.586234
v 0.494391 0.570933 3.009910
v 0.515092 0.541821 2.915180
v 0.567871 -0.505436 2.758426
v 0.596177 0.160647 2.652560
v 0.572593 0.196128 2.699250
v 0.662306 -0.351841 2.569601
v 0.562420 0.430554 2.838227
v 0.548429 0.582858 2.962662
v 0.587138 0.582213 2.975955
v 0.605261 0.573203 2.884164
v 0.562420 0.430554 2.838227
v 0.558503 0.559780 2.870955
v 0.592199 -0.442221 2.832496
v 0.546346 -0.461574 2.798127
v 0.597869 -0.503301 2.785532
v 0.515092 0.541821 2.915180
v 0.494391 0.570933 3.009910
v 0.628104 -0.490563 2.795209
v 0.618275 -0.556321 2.700280
v 0.712513 -0.478272 2.640389
v 0.647332 -0.554520 2.705214
v 0.672914 -0.538882 2.707999
v 0.538276 -0.475204 2.746266
v 0.672914 -0.538882 2.707999
v 0.628104 -0.490563 2.795209
v 0.715563 -0.542400 2.647740
v 0.585377 0.505782 2.757070
v 0.645321 -0.417286 2.520906
v 0.594904 0.170590 2.786525
v 0.653800 -0.397847 2.438298
v 0.647938 -0.485476 2.449248
v 0.568808 0.213893 2.750287
v 0.594904 0.170590 2.786525
v 0.580564 0.475179 3.103457
v 0.618146 0.489473 3.025494
v 0.598655 0.532552 3.080331
v 0.772717 -0.306831 2.480337
v 0.742847 -0.300434 2.449478
v 0.645414 -0.303295 2.468539
v 0.695982 -0.300569 2.439012
v 0.690549 -0.382007 2.416149
v 0.653800 -0.397847 2.438298
v 0.773600 -0.495502 2.487298
v 0.781237 -0.402364 2.460648
v 0.785191 -0.384680 2.511563
v 0.774788 -0.454515 2.522997
v 0.748881 -0.506885 2.576158
v 0.763558 -0.395282 2.432397
v 0.755367 -0.504203 2.453572
v 0.746420 -0.385555 2.557826
v 0.596615 0.542356 2.803561
v 0.781237 -0.402364 2.460648
v 0.595022 0.228778 2.785609
v 0.568808 0.213893 2.750287
v 0.594904 0.170590 2.786525
v 0.585377 0.505782 2.757070
v 0.729691 -0.393493 2.413166
v 0.772717 -0.306831 2.480337
v 0.675943 -0.595289 2.619404
v 0.649501 -0.446637 2.593148
v 0.689682 -0.451770 2.617028
v 0.676148 -0.432224 2.569659
v 0.645321 -0.417286 2.520906
v 0.690056 -0.408231 2.564184
v 0.605682 -0.467077 2.587075
v 0.626703 -0.461436 2.545027
v 0.761912 -0.248373 2.535241
v 0.645321 -0.417286 2.520906
v 0.690056 -0.408231 2.564184
v 0.469742 0.558944 3.075437
v 0.456522 0.511361 3.103286
v 0.486053 0.552742 3.120018
v 0.706011 -0.573912 2.627983
v 0.720578 -0.501830 2.637204
v 0.706011 -0.573912 2.627983
v 0.725680 -0.470737 2.586483
v 0.534512 0.568686 3.121130
v 0.486053 0.552742 3.120018
v 0.648096 0.447191 2.908378
v 0.665181 0.487388 2.916922
v 0.616411 0.449591 2.960875
v 0.655569 0.526451 2.932700
v 0.705636 0.478262 2.803121
v 0.654504 0.547907 2.883254
v 0.741002 -0.446284 2.559359
v 0.690056 -0.408231 2.564184
v 0.654504 0.547907 2.883254
v 0.641774 0.547240 2.815999
v 0.618558 0.562328 2.981895
v 0.563954 0.451896 3.080348
v 0.692478 0.437262 2.833924
v 0.618558 0.562328 2.981895
v 0.712513 -0.478272 2.640389
v 0.741002 -0.446284 2.559359
v 0.746420 -0.385555 2.557826
v 0.582618 0.561297 3.080091
v 0.582618 0.561297 3.080091
v 0.725680 -0.470737 2.586483
v 0.737538 -0.090152 2.655030
v 0.718676 -0.104880 2.714553
v 0.690540 -0.088653 2.744687
v 0.696094 -0.161384 2.737886
v 0.592743 0.383537 2.736402
v 0.617737 0.364804 2.764488
v 0.694782 0.208509 2.792840
v 0.614476 0.393648 2.820676
v 0.591671 0.420045 2.882193
v 0.732137 -0.005768 2.632540
v 0.646256 0.246765 2.797836
v 0.637572 0.192317 2.810447
v 0.694782 0.208509 2.792840
v 0.690540 -0.088653 2.744687
v 0.690540 -0.088653 2.744687
v 0.647733 -0.152524 2.758722
v 0.709272 0.286872 2.753310
v 0.660226 0.293855 2.767388
v 0.614604 -0.054957 2.719599
v 0.588709 -0.100902 2.726070
v 0.630204 -0.105219 2.755993
v 0.596204 -0.152660 2.739111
v 0.637572 0.192317 2.810447
v 0.596204 -0.152660 2.739111
v 0.630204 -0.105219 2.755993
v 0.627998 -0.006866 2.612925
v 0.591163 -0.055256 2.679591
v 0.637572 0.192317 2.810447
v 0.596204 -0.152660 2.739111
v 0.574753 -0.140900 2.709776
v 0.588709 -0.100902 2.726070
v 0.568621 -0.109796 2.673443
v 0.638043 0.031443 2.612139
v 0.638043 0.031443 2.612139
v 0.638043 0.031443 2.612139
v 0.630898 0.030608 2.559718
v 0.665294 0.029490 2.493527
v 0.644563 0.325481 2.756328
v 0.671942 0.360085 2.776564
v 0.691869 0.329562 2.756218
v 0.644563 0.325481 2.756328
v 0.599043 0.339730 2.710695
v 0.620930 0.101992 2.584295
v 0.654765 0.406888 2.844759
v 0.558119 0.516576 3.141214
v 0.691869 0.329562 2.756218
v 0.638715 0.107143 2.546497
v 0.668899 0.120454 2.526742
v 0.617737 0.364804 2.764488
v 0.711676 0.385076 2.766564
v 0.654765 0.406888 2.844759
v 0.671942 0.360085 2.776564
v 0.622736 0.425532 2.897504
v 0.648096 0.447191 2.908378
v 0.708999 0.076034 2.491286
v 0.706623 -0.003722 2.483346
v 0.665294 0.029490 2.493527
v 0.708999 0.076034 2.491286
v 0.742827 0.070131 2.504666
v 0.698984 0.148130 2.546316
v 0.657986 0.208219 2.630031
v 0.665294 0.029490 2.493527
v 0.668899 0.120454 2.526742
v 0.615361 0.192106 2.643205
v 0.708445 0.445258 2.668250
v 0.676932 0.506755 2.745114
v 0.696887 0.495324 2.760531
v 0.696887 0.495324 2.760531
v 0.734555 0.427104 2.705117
v 0.572190 0.438689 2.968676
v 0.616411 0.449591 2.960875
v 0.563954 0.451896 3.080348
v 0.646266 0.507447 2.726470
v 0.674936 0.447125 2.652694
v 0.637377 0.441255 2.652737
v 0.528937 0.440570 3.066953
v 0.509185 0.470237 3.127450
v 0.580564 0.475179 3.103457
v 0.558119 0.516576 3.141214
v 0.565081 0.582963 3.056489
v 0.493995 0.448099 3.071316
v 0.534512 0.568686 3.121130
v 0.558119 0.516576 3.141214
v 0.456522 0.511361 3.103286
vn 0.1144 0.6773 0.7268
vn 0.2589 0.7576 0.5992
vn -0.3580 0.7352 0.5755
vn -0.5610 -0.7738 0.2940
vn -0.6644 -0.6318 0.3992
vn -0.7843 -0.5450 0.2965
vn -0.2221 0.9644 0.1438
vn -0.5323 0.8330 0.1509
vn -0.3910 0.8419 0.3719
vn -0.2967 -0.6552 0.6947
vn -0.5557 -0.6580 0.5081
vn 0.0596 -0.5534 0.8308
vn 0.0385 -0.6389 0.7683
vn 0.0664 -0.1676 0.9836
vn -0.4599 -0.3131 0.8310
vn 0.9583 0.0649 0.2782
vn 0.9421 -0.0456 0.3323
vn 0.7942 -0.2398 0.5583
vn 0.2939 -0.2005 0.9346
vn 0.2974 -0.5289 0.7949
vn -0.9705 -0.2303 -0.0720
vn -0.9531 -0.2746 0.1277
vn -0.9747 -0.1985 -0.1032
vn 0.7290 0.6051 -0.3200
vn 0.5621 0.6409 -0.5228
vn 0.4890 0.7068 -0.5113
vn 0.9181 -0.1177 0.3785
vn 0.8038 -0.2198 0.5528
vn 0.9818 0.1128 0.1531
vn 0.3557 -0.5470 0.7578
vn 0.0353 -0.7128 0.7004
vn 0.2951 -0.5593 0.7746
vn 0.6372 -0.3495 0.6869
vn 0.8120 -0.1383 0.5671
vn 0.9975 0.0568 0.0417
vn 0.7071 -0.3321 0.6242
vn 0.6149 -0.3952 0.6824
vn 0.4662 -0.3991 0.7895
vn -0.3202 -0.4929 0.8090
vn 0.0301 -0.4713 0.8814
vn -0.2699 -0.7241 0.6348
vn 0.7413 0.5588 -0.3718
vn 0.7436 0.0845 0.6633
vn 0.7803 -0.0847 0.6196
vn 0.5435 -0.1562 0.8247
vn -0.9441 0.1128 -0.3098
vn -0.9820 0.1845 0.0405
vn -0.9968 -0.0725 0.0342
vn -0.9414 -0.3217 0.1016
vn -0.9462 -0.3234 -0.0092
vn 0.9136 -0.1639 -0.3722
vn 0.9619 0.1034 -0.2531
vn 0.9973 -0.0271 -0.0685
vn -0.8777 0.2540 -0.4063
vn -0.9132 0.0579 -0.4033
vn 0.8694 -0.0262 0.4934
vn 0.6668 0.1508 0.7298
vn 0.6529 0.2693 0.7079
vn 0.3839 0.2716 -0.8825
vn 0.4889 -0.2004 -0.8490
vn 0.0965 -0.1374 -0.9858
vn 0.9755 0.1921 0.1069
vn 0.9434 0.0028 0.3318
vn 0.9856 -0.1684 0.0118
vn 0.6913 0.2935 -0.6603
vn -0.2949 0.1207 -0.9479
vn -0.0880 -0.2386 -0.9671
vn 0.6275 0.4779 -0.6148
vn 0.8259 0.4168 -0.3797
vn -0.9171 -0.3912 0.0770
vn -0.7856 -0.5480 0.2873
vn -0.9187 -0.3620 0.1578
vn 0.3480 -0.1819 -0.9197
vn 0.7524 -0.1413 -0.6434
vn -0.1520 0.3081 -0.9392
vn 0.1616 0.5169 -0.8407
vn -0.4741 -0.6798 -0.5595
vn -0.4154 -0.5939 -0.6890
vn -0.0408 -0.5970 -0.8012
vn -0.8994 -0.3581 0.2508
vn 0.5420 0.6328 -0.5530
vn 0.5127 0.7790 -0.3609
vn 0.7019 0.6742 -0.2297
vn 0.4442 -0.8045 -0.3944
vn 0.4725 -0.8796 0.0550
vn 0.2107 -0.9638 -0.1635
vn 0.3914 -0.7772 -0.4926
vn 0.5517 -0.6375 -0.5378
vn -0.2830 -0.2838 -0.9162
vn 0.9912 0.1006 0.0863
vn -0.5371 0.4133 0.7354
vn -0.6976 0.2586 0.6682
vn -0.7503 0.3434 0.5649
vn 0.7827 -0.5881 0.2039
vn 0.8309 -0.5459 -0.1076
vn 0.9033 -0.3928 0.1727
vn -0.3675 0.5592 -0.7431
vn -0.2485 0.6673 -0.7021
vn 0.0167 0.6483 -0.7612
vn -0.0935 -0.9580 -0.2710
vn -0.5474 -0.1820 -0.8168
vn -0.7023 -0.0948 -0.7056
vn -0.7790 0.0572 -0.6244
vn 0.9457 -0.0335 0.3232
vn 0.9758 -0.1725 -0.1344
vn -0.5598 -0.6186 0.5514
vn -0.7084 -0.5445 0.4490
vn 0.2559 -0.3152 -0.9139
vn 0.5048 -0.3666 -0.7815
vn 0.8683 -0.0868 -0.4884
vn 0.6304 0.1764 -0.7560
vn -0.7628 0.2908 -0.5775
vn -0.6152 0.4042 -0.6769
vn -0.1700 -0.5700 0.8039
vn 0.8909 -0.1416 -0.4316
vn 0.9946 -0.0905 -0.0500
vn 0.9469 -0.3208 0.0191
vn -0.6593 -0.4632 -0.5922
vn 0.2266 -0.1476 -0.9627
vn -0.9061 -0.1978 -0.3740
vn -0.7068 -0.6146 -0.3502
vn -0.8023 -0.5419 -0.2502
vn -0.9737 -0.1270 -0.1893
vn -0.5774 -0.2420 -0.7798
vn -0.1689 0.4736 -0.8644
vn -0.9204 0.2256 -0.3194
vn -0.7928 0.4404 -0.4213
vn -0.9012 0.4180 -0.1150
vn 0.7425 -0.5416 -0.3940
vn 0.5196 -0.6100 -0.5983
vn 0.4377 -0.1832 -0.8803
vn 0.9783 0.1961 0.0672
vn -0.0041 0.9149 0.4037
vn -0.9801 0.1417 -0.1393
vn -0.6303 0.6963 0.3434
vn -0.8704 0.3715 0.3231
vn -0.6972 0.3622 0.6187
vn -0.7175 0.0803 -0.6919
vn -0.7447 0.3376 -0.5758
vn -0.9243 0.0608 -0.3767
vn 0.9742 0.1055 -0.1993
vn -0.8955 0.0140 -0.4448
vn 0.7620 0.5524 -0.3378
vn 0.7441 0.2920 -0.6009
vn 0.6149 0.3713 -0.6957
vn -0.0628 0.9464 0.3168
vn -0.0132 0.9989 -0.0458
vn -0.3225 0.9442 -0.0672
vn -0.2883 -0.9526 0.0970
vn -0.9797 -0.0467 -0.1950
vn -0.8153 0.4466 -0.3685
vn -0.9616 0.2448 -0.1238
vn -0.7530 0.6188 -0.2236
vn -0.3078 0.7718 -0.5564
vn -0.4982 0.7106 -0.4968
vn -0.9123 0.1903 -0.3626
vn 0.7246 0.1518 -0.6722
vn 0.8821 -0.4143 -0.2239
vn 0.9687 -0.2462 -0.0321
vn -0.4335 0.5529 0.7116
vn -0.4826 0.1197 0.8676
vn -0.7533 -0.0176 0.6574
vn 0.1046 -0.4939 -0.8632
vn 0.1681 -0.4847 -0.8584
vn -0.9695 -0.1465 -0.1966
vn -0.9831 -0.1832 0.0027
vn -0.9723 -0.1389 0.1878
vn -0.1886 -0.5156 -0.8358
vn 0.4328 0.8708 -0.2332
vn 0.2927 0.9362 0.1944
vn 0.6998 0.7144 0.0026
vn 0.6121 0.2290 0.7569
vn 0.5406 0.5335 0.6505
vn 0.3080 0.4000 0.8632
vn 0.3536 -0.0139 0.9353
vn 0.6347 -0.3114 0.7073
vn 0.6498 0.7267 -0.2228
vn 0.6866 -0.4588 -0.5639
vn 0.9139 0.0561 0.4021
vn 0.8568 0.3561 0.3729
vn 0.0093 0.8513 -0.5245
vn -0.7657 -0.1084 -0.6340
vn -0.5823 0.0001 -0.8130
vn -0.6485 -0.2193 -0.7290
vn -0.3358 0.0515 0.9405
vn -0.6065 -0.0714 0.7919
vn -0.3210 -0.2362 0.9172
vn 0.6122 -0.1627 -0.7738
vn -0.0051 -0.0307 -0.9995
vn 0.8021 -0.2405 -0.5466
vn -0.5232 0.5511 -0.6501
vn -0.9523 0.1735 -0.2510
vn -0.8453 0.0724 -0.5294
vn -0.7833 -0.1893 -0.5921
vn -0.6313 -0.2920 -0.7185
vn -0.9173 0.3976 -0.0198
vn -0.9373 0.3450 0.0489
vn -0.2562 -0.3264 -0.9098
vn -0.3883 -0.1391 -0.9110
vn -0.6267 0.1640 -0.7618
vn -0.8592 0.2644 -0.4380
vn -0.9276 0.0433 -0.3711
vn -0.9327 -0.2347 -0.2737
vn -0.9039 -0.3023 -0.3026
vn -0.9121 -0.4000 -0.0893
vn -0.9462 -0.2523 -0.2024
vn -0.5074 -0.8595 -0.0623
vn -0.6417 -0.7180 0.2696
vn -0.7169 -0.6819 -0.1452
vn -0.9173 0.3247 -0.2307
vn -0.6148 -0.7593 0.2132
vn -0.7702 -0.6333 0.0756
vn -0.5212 -0.8534 -0.0079
vn -0.9196 -0.3660 -0.1431
vn -0.9106 -0.3350 -0.2420
vn -0.7807 0.5316 -0.3285
vn -0.8965 0.2626 -0.3569
vn -0.5697 -0.7403 0.3569
vn -0.8750 0.1110 -0.4712
vn -0.9622 0.0194 -0.2718
vn -0.7792 -0.4505 0.4357
vn -0.8809 -0.4470 -0.1555
vn -0.1930 0.9665 -0.1690
vn 0.2983 0.9538 0.0349
vn 0.1453 0.9733 -0.1775
vn -0.5324 -0.8359 0.1336
vn -0.4530 0.8079 -0.3770
vn -0.2091 -0.6082 0.7658
vn -0.4776 -0.6540 0.5866
vn -0.1426 -0.7642 0.6290
vn -0.6503 0.6643 -0.3686
vn -0.4380 0.8825 -0.1714
vn 0.0885 -0.7197 0.6886
vn -0.2069 -0.8815 0.4244
vn 0.9323 0.2896 0.2165
vn 0.1768 -0.8283 0.5316
vn 0.3926 -0.7414 0.5442
vn -0.7398 -0.6368 0.2172
vn 0.6931 -0.4805 0.5373
vn 0.4515 -0.5092 0.7327
vn 0.8420 -0.3124 0.4398
vn -0.7962 0.3486 -0.4945
vn -0.9636 0.2370 0.1237
vn -0.4962 -0.4105 0.7650
vn -0.9360 0.0402 -0.3498
vn -0.8793 -0.0007 -0.4763
vn -0.9977 0.0234 0.0632
vn -0.8916 -0.1953 0.4086
vn 0.8527 -0.3241 0.4098
vn 0.8581 -0.3435 0.3815
vn 0.8647 0.2041 0.4589
vn 0.7214 0.4080 -0.5595
vn 0.4675 0.4480 -0.7621
vn -0.4951 0.3561 -0.7925
vn -0.1439 0.4259 -0.8933
vn -0.2880 0.1223 -0.9498
vn -0.5402 0.0557 -0.8397
vn 0.9459 -0.2859 -0.1536
vn 0.9923 -0.0370 -0.1183
vn 0.9709 -0.0182 0.2389
vn 0.9258 -0.0501 0.3746
vn 0.8936 0.0800 0.4417
vn 0.6867 0.0399 -0.7259
vn 0.8565 -0.3597 -0.3702
vn 0.7417 -0.1480 0.6542
vn -0.2403 0.8640 -0.4425
vn 0.8475 -0.0015 -0.5307
vn -0.6268 0.2912 0.7227
vn -0.8250 0.2500 0.5069
vn -0.6338 0.0135 0.7734
vn -0.3671 0.7529 -0.5463
vn 0.2336 0.0563 -0.9707
vn 0.9840 0.1611 -0.0758
vn 0.1967 -0.9372 0.2879
vn -0.1989 0.9643 -0.1750
vn 0.5846 0.8105 -0.0365
vn -0.3126 0.7293 0.6086
vn -0.6219 0.5466 0.5607
vn -0.4317 0.4310 0.7923
vn -0.3628 0.8550 -0.3706
vn -0.5465 0.8143 0.1955
vn 0.9697 0.2359 0.0635
vn -0.6075 -0.3666 0.7046
vn -0.1854 -0.2550 0.9490
vn -0.9038 0.4188 0.0879
vn -0.9846 0.1391 0.1057
vn -0.8218 0.4401 0.3619
vn 0.4583 -0.8000 0.3873
vn 0.9336 0.1400 0.3299
vn 0.7759 -0.4999 0.3849
vn 0.7351 0.3894 0.5550
vn -0.0888 0.3706 0.9245
vn -0.3878 0.2994 0.8717
vn 0.7479 -0.4896 0.4483
vn 0.9100 -0.1476 0.3874
vn 0.6447 -0.6581 0.3889
vn 0.9024 0.3223 0.2859
vn 0.9364 0.2867 0.2024
vn 0.8610 0.4792 0.1706
vn 0.6711 0.2536 0.6966
vn 0.4554 0.5179 0.7241
vn 0.4944 0.8672 -0.0587
vn 0.3196 0.9100 -0.2641
vn 0.5141 0.8489 0.1229
vn 0.7074 -0.6631 0.2447
vn 0.8265 -0.3089 0.4707
vn 0.8357 0.4651 0.2920
vn 0.7236 0.6892 0.0365
vn 0.1059 0.0156 0.9943
vn 0.1582 -0.2250 0.9614
vn 0.5267 0.7926 0.3072
vn 0.7438 0.4606 0.4844
vn 0.4686 0.7821 0.4107
vn 0.9645 -0.1247 0.2327
vn 0.8554 0.0769 0.5122
vn 0.7604 0.1654 0.6280
vn 0.4027 -0.2942 0.8668
vn -0.6832 -0.7189 0.1285
vn -0.4875 -0.7264 0.4845
vn 0.7150 -0.1013 0.6918
vn -0.2481 -0.8764 0.4129
vn -0.2260 -0.9518 0.2073
vn 0.4243 0.6638 0.6159
vn -0.0161 0.4014 0.9158
vn -0.1900 0.1598 0.9687
vn 0.3171 0.2840 0.9049
vn 0.2301 0.5370 0.8116
vn 0.2740 0.0276 0.9613
vn 0.0230 -0.1895 0.9816
vn 0.3212 0.2595 0.9108
vn 0.0129 0.3776 0.9259
vn -0.4552 0.6512 0.6073
vn -0.6072 0.3245 0.7252
vn -0.3467 0.3793 0.8578
vn -0.5722 0.1215 0.8110
vn 0.3412 -0.2092 0.9164
vn -0.4619 -0.3003 0.8345
vn -0.0551 0.0371 0.9978
vn -0.6083 0.6137 0.5034
vn -0.6147 0.7077 0.3482
vn -0.2345 -0.3442 0.9091
vn -0.8269 -0.1758 0.5342
vn -0.9291 -0.0963 0.3571
vn -0.8961 0.2055 0.3935
vn -0.9855 0.1676 -0.0258
vn -0.5820 0.1689 0.7955
vn -0.9895 -0.0341 0.1404
vn -0.8047 -0.3424 0.4850
vn -0.9934 0.0363 -0.1091
vn -0.7007 0.0674 -0.7103
vn -0.3256 -0.5038 0.8001
vn -0.1076 -0.6546 0.7483
vn 0.1600 0.1628 0.9736
vn -0.3413 0.2947 0.8926
vn -0.6681 -0.5579 0.4923
vn -0.9492 -0.0186 -0.3141
vn 0.0806 -0.8800 0.4680
vn -0.0632 0.1104 0.9919
vn 0.0479 -0.5322 0.8453
vn -0.7613 0.2994 -0.5752
vn -0.6184 0.3883 -0.6832
vn -0.8020 -0.3839 0.4577
vn 0.7168 -0.3418 0.6077
vn 0.6087 -0.5955 0.5243
vn 0.4888 -0.4877 0.7234
vn 0.2482 -0.8886 0.3857
vn 0.4791 -0.7713 0.4189
vn -0.0392 0.4897 -0.8710
vn 0.0199 -0.1299 -0.9913
vn -0.2472 -0.0106 -0.9689
vn 0.1931 0.1088 -0.9751
vn 0.3833 0.1209 -0.9157
vn 0.0664 0.7562 -0.6510
vn -0.1581 0.7860 -0.5977
vn -0.3943 0.3289 -0.8581
vn -0.1954 0.5982 -0.7771
vn -0.4382 0.6616 -0.6085
vn 0.5240 0.7449 -0.4130
vn 0.4602 0.8184 -0.3441
vn 0.6358 0.7386 -0.2241
vn 0.8637 0.5034 0.0242
vn 0.7569 0.6095 -0.2359
vn 0.0280 -0.9923 0.1206
vn 0.3180 -0.9013 0.2942
vn 0.2184 -0.8958 0.3870
vn 0.0009 0.8370 -0.5472
vn 0.1020 0.7892 -0.6056
vn -0.1753 0.7430 -0.6459
vn -0.0083 -0.9797 0.2005
vn -0.1269 -0.7779 0.6155
vn 0.2762 -0.6767 0.6825
vn 0.3002 -0.5488 0.7802
vn 0.3873 0.9026 0.1878
vn -0.4290 -0.8921 0.1422
vn 0.6024 0.5097 0.6143
vn 0.7517 0.2667 0.6031
vn -0.6603 -0.5371 0.5250
vt 0.246681 0.841330
vt 0.300157 0.842520
vt 0.302228 0.823820
vt 0.060849 0.846547
vt 0.078554 0.818943
vt 0.078554 0.905345
vt 0.821903 0.612923
vt 0.797403 0.598133
vt 0.814720 0.577494
vt 0.046207 0.812237
vt 0.051959 0.897285
vt 0.025767 0.899708
vt 0.026334 0.808485
vt 0.027259 0.922788
vt 0.042665 0.917994
vt 0.446453 0.487651
vt 0.400294 0.528964
vt 0.457097 0.503778
vt 0.009543 0.931987
vt 0.007897 0.897998
vt 0.415147 0.695526
vt 0.480020 0.756227
vt 0.489995 0.736248
vt 0.669576 0.170590
vt 0.596600 0.184673
vt 0.653888 0.200277
vt 0.584223 0.567955
vt 0.662861 0.534768
vt 0.669479 0.508201
vt 0.930914 0.488768
vt 0.925764 0.419382
vt 0.947584 0.392409
vt 0.667967 0.548742
vt 0.567077 0.595846
vt 0.583671 0.537696
vt 0.385569 0.559262
vt 0.461684 0.521928
vt 0.390659 0.586120
vt 0.903600 0.375208
vt 0.929279 0.372729
vt 0.898288 0.415552
vt 0.593561 0.161686
vt 0.312534 0.524086
vt 0.293815 0.499414
vt 0.285070 0.524074
vt 0.538781 0.696622
vt 0.559865 0.715433
vt 0.582213 0.701085
vt 0.610579 0.706717
vt 0.615005 0.688665
vt 0.343611 0.446568
vt 0.295911 0.441015
vt 0.309302 0.467813
vt 0.685613 0.720042
vt 0.579413 0.667785
vt 0.491014 0.493517
vt 0.498122 0.520796
vt 0.515882 0.518941
vt 0.820699 0.916881
vt 0.861144 0.933491
vt 0.859623 0.907577
vt 0.247695 0.458539
vt 0.251252 0.484222
vt 0.334944 0.487277
vt 0.817385 0.941980
vt 0.834108 0.877576
vt 0.874944 0.890299
vt 0.771818 0.924832
vt 0.770989 0.951772
vt 0.231683 0.731495
vt 0.215370 0.751684
vt 0.282448 0.778122
vt 0.901541 0.912839
vt 0.905156 0.945792
vt 0.818158 0.895459
vt 0.774066 0.904215
vt 0.365337 0.230437
vt 0.396548 0.222640
vt 0.400556 0.195410
vt 0.188000 0.717033
vt 0.779397 0.059639
vt 0.847053 0.061890
vt 0.859102 0.037510
vt 0.849350 0.277725
vt 0.858023 0.312712
vt 0.835955 0.310083
vt 0.821880 0.265070
vt 0.845730 0.231245
vt 0.442252 0.212921
vt 0.382462 0.502645
vt 0.406503 0.411860
vt 0.379468 0.438170
vt 0.406255 0.436518
vt 0.799252 0.556964
vt 0.796724 0.527851
vt 0.780621 0.544060
vt 0.595004 0.236425
vt 0.648449 0.227568
vt 0.584489 0.208843
vt 0.809491 0.310022
vt 0.523623 0.651572
vt 0.516927 0.680921
vt 0.565938 0.646495
vt 0.351841 0.523500
vt 0.366809 0.487726
vt 0.894001 0.487374
vt 0.877390 0.487800
vt 0.445165 0.190908
vt 0.433791 0.169489
vt 0.925603 0.951772
vt 0.917974 0.924512
vt 0.618623 0.661955
vt 0.624032 0.640010
vt 0.910042 0.496513
vt 0.523006 0.440643
vt 0.506771 0.472361
vt 0.540799 0.484441
vt 0.389877 0.256801
vt 0.910362 0.899327
vt 0.073406 0.719930
vt 0.040316 0.718682
vt 0.051589 0.757952
vt 0.298856 0.752892
vt 0.439001 0.234169
vt 0.776762 0.883043
vt 0.095399 0.729161
vt 0.117483 0.754538
vt 0.119637 0.729853
vt 0.098766 0.927865
vt 0.101410 0.952894
vt 0.144118 0.946509
vt 0.448921 0.458826
vt 0.841411 0.587909
vt 0.130499 0.694067
vt 0.096195 0.466200
vt 0.116791 0.485992
vt 0.091176 0.495848
vt 0.290383 0.719564
vt 0.242636 0.680695
vt 0.197363 0.672745
vt 0.483326 0.448918
vt 0.277629 0.736432
vt 0.781207 0.037705
vt 0.744412 0.037832
vt 0.741918 0.061773
vt 0.158354 0.625143
vt 0.191875 0.611887
vt 0.180102 0.594998
vt 0.825215 0.351607
vt 0.185847 0.691949
vt 0.155587 0.824890
vt 0.151387 0.853259
vt 0.178133 0.846261
vt 0.217459 0.593299
vt 0.206762 0.574845
vt 0.137289 0.826815
vt 0.702826 0.044946
vt 0.573090 0.514024
vt 0.559326 0.531361
vt 0.066085 0.486660
vt 0.072553 0.523083
vt 0.107337 0.523083
vt 0.114378 0.970881
vt 0.061021 0.973946
vt 0.121665 0.831407
vt 0.115530 0.847972
vt 0.123678 0.875927
vt 0.106620 0.992367
vt 0.213979 0.623177
vt 0.180780 0.637283
vt 0.205606 0.650041
vt 0.722926 0.656004
vt 0.705236 0.655963
vt 0.707827 0.673028
vt 0.732538 0.678071
vt 0.741994 0.651150
vt 0.249034 0.633207
vt 0.056454 0.947045
vt 0.733843 0.636259
vt 0.714776 0.638871
vt 0.251583 0.601328
vt 0.321709 0.715052
vt 0.286774 0.691629
vt 0.306495 0.695423
vt 0.040241 0.546139
vt 0.016209 0.529963
vt 0.024346 0.569250
vt 0.045869 0.963074
vt 0.042486 0.986503
vt 0.031172 0.935835
vt 0.659087 0.256801
vt 0.352559 0.700023
vt 0.382435 0.655588
vt 0.342774 0.672654
vt 0.330678 0.655773
vt 0.356004 0.753332
vt 0.376015 0.709890
vt 0.058226 0.997939
vt 0.488904 0.662089
vt 0.489083 0.688186
vt 0.104207 0.771684
vt 0.723968 0.778707
vt 0.675319 0.737548
vt 0.700164 0.787828
vt 0.735440 0.870902
vt 0.744296 0.847959
vt 0.875123 0.147977
vt 0.865858 0.230276
vt 0.855777 0.142705
vt 0.763822 0.833127
vt 0.823375 0.409527
vt 0.805902 0.407318
vt 0.806529 0.352119
vt 0.082046 0.802186
vt 0.074268 0.760382
vt 0.776230 0.810963
vt 0.737850 0.770359
vt 0.833914 0.453640
vt 0.475067 0.703791
vt 0.503241 0.724509
vt 0.180023 0.736742
vt 0.657515 0.752540
vt 0.819090 0.670333
vt 0.841343 0.671020
vt 0.832334 0.720357
vt 0.868802 0.091498
vt 0.805374 0.719043
vt 0.865947 0.499176
vt 0.833645 0.488248
vt 0.855291 0.458103
vt 0.785121 0.690678
vt 0.798079 0.637119
vt 0.874065 0.459803
vt 0.842128 0.404912
vt 0.747729 0.584782
vt 0.857483 0.400416
vt 0.874065 0.398695
vt 0.812784 0.465656
vt 0.774526 0.618713
vt 0.753401 0.658397
vt 0.775521 0.588587
vt 0.681138 0.689183
vt 0.142253 0.713503
vt 0.066716 0.790123
vt 0.145224 0.666079
vt 0.099095 0.677633
vt 0.521724 0.748077
vt 0.502828 0.777512
vt 0.081808 0.669924
vt 0.104978 0.619744
vt 0.062121 0.634832
vt 0.546822 0.161785
vt 0.542478 0.184549
vt 0.545906 0.239422
vt 0.540447 0.208731
vt 0.497625 0.211292
vt 0.489844 0.234117
vt 0.764485 0.510804
vt 0.725729 0.487110
vt 0.711279 0.508490
vt 0.742397 0.522511
vt 0.762441 0.553008
vt 0.493475 0.172400
vt 0.774996 0.496162
vt 0.705422 0.537098
vt 0.810252 0.760898
vt 0.491531 0.154575
vt 0.449908 0.414357
vt 0.455967 0.438170
vt 0.480881 0.413426
vt 0.790133 0.787083
vt 0.492691 0.191725
vt 0.677808 0.484102
vt 0.846851 0.349248
vt 0.294756 0.599509
vt 0.292597 0.627572
vt 0.316074 0.608234
vt 0.337905 0.586237
vt 0.328944 0.611702
vt 0.290075 0.572547
vt 0.313552 0.575602
vt 0.641617 0.502880
vt 0.881165 0.334315
vt 0.915959 0.342204
vt 0.784386 0.850068
vt 0.765801 0.875927
vt 0.795927 0.874330
vt 0.867165 0.347246
vt 0.758424 0.582696
vt 0.791439 0.583885
vt 0.743819 0.560472
vt 0.071904 0.536282
vt 0.045564 0.525556
vt 0.170354 0.572585
vt 0.146436 0.558273
vt 0.150849 0.605699
vt 0.119599 0.554691
vt 0.190329 0.497740
vt 0.121343 0.521424
vt 0.734202 0.544745
vt 0.708547 0.559909
vt 0.859551 0.734011
vt 0.835698 0.763401
vt 0.861816 0.674978
vt 0.104797 0.673658
vt 0.201777 0.528184
vt 0.078231 0.571634
vt 0.290481 0.650041
vt 0.940735 0.315334
vt 0.950540 0.348700
vt 0.862427 0.617150
vt 0.042803 0.627454
vt 0.317501 0.641793
vt 0.542986 0.538533
vt 0.542433 0.572493
vt 0.528651 0.591150
vt 0.946796 0.509904
vt 0.866350 0.028572
vt 0.888834 0.033416
vt 0.348217 0.562243
vt 0.895946 0.067332
vt 0.894400 0.106562
vt 0.309808 0.861913
vt 0.436987 0.389072
vt 0.467218 0.386911
vt 0.448681 0.358203
vt 0.229461 0.861913
vt 0.950540 0.550289
vt 0.920483 0.521472
vt 0.400221 0.360919
vt 0.405690 0.389426
vt 0.239142 0.816030
vt 0.213289 0.803514
vt 0.208690 0.832556
vt 0.182461 0.809190
vt 0.352111 0.598164
vt 0.891235 0.522734
vt 0.914647 0.547282
vt 0.299890 0.796623
vt 0.249498 0.793487
vt 0.042044 0.772053
vt 0.312285 0.798447
vt 0.315052 0.778721
vt 0.338514 0.783767
vt 0.325703 0.757474
vt 0.319618 0.807111
vt 0.396733 0.704431
vt 0.063514 0.915910
vt 0.388164 0.676816
vt 0.376751 0.636843
vt 0.901653 0.010463
vt 0.919158 0.030213
vt 0.380666 0.377461
vt 0.389057 0.402254
vt 0.865436 0.008656
vt 0.430430 0.677843
vt 0.921395 0.075770
vt 0.063440 0.569250
vt 0.927591 0.009220
vt 0.425677 0.655607
vt 0.429026 0.635202
vt 0.603192 0.729156
vt 0.252420 0.507233
vt 0.214650 0.556110
vt 0.262496 0.535024
vt 0.913686 0.109835
vt 0.932253 0.114431
vt 0.742930 0.082479
vt 0.143565 0.973076
vt 0.158863 0.997939
vt 0.187448 0.975293
vt 0.185911 0.954521
vt 0.792313 0.080256
vt 0.851738 0.088062
vt 0.725224 0.113355
vt 0.777777 0.099804
vt 0.857504 0.113355
vt 0.834308 0.869332
vt 0.837871 0.811416
vt 0.853676 0.812046
vt 0.190348 0.469315
vt 0.862427 0.866015
vt 0.899908 0.156376
vt 0.922693 0.145461
vt 0.916791 0.215249
vt 0.817965 0.812938
vt 0.812901 0.868081
vt 0.791823 0.861856
vt 0.896119 0.213316
vt 0.896249 0.250261
vt 0.931633 0.228875
vt 0.932253 0.261748
vt 0.845179 0.627042
vt 0.879773 0.221983
vt 0.012884 0.655142
vt 0.044254 0.678071
vt 0.857946 0.259057
s 1
usemtl Material.019
f 5283/5283/5259 5284/5284/5260 5285/5285/5261
f 5286/5286/5262 5287/5287/5263 5288/5288/5264
f 5289/5289/5265 5290/5290/5266 5291/5291/5267
f 5292/5292/5268 5286/5286/5262 5293/5293/5269
f 5288/5288/5264 5293/5293/5269 5286/5286/5262
f 5294/5294/5270 5295/5295/5271 5292/5292/5268
f 5296/5296/5272 5294/5294/5270 5297/5297/5273
f 5298/5298/5274 5299/5299/5275 5300/5300/5276
f 5294/5294/5270 5296/5296/5272 5301/5301/5277
f 5295/5295/5271 5294/5294/5270 5302/5302/5278
f 5293/5293/5269 5297/5297/5273 5294/5294/5270
f 5301/5301/5277 5302/5302/5278 5294/5294/5270
f 5303/5303/5279 5304/5304/5280 5305/5305/5281
f 5306/5306/5282 5307/5307/5283 5308/5308/5284
f 5309/5309/5285 5310/5310/5286 5311/5311/5287
f 5292/5292/5268 5293/5293/5269 5294/5294/5270
f 5312/5312/5288 5313/5313/5289 5314/5314/5290
f 5315/5315/5291 5310/5310/5286 5316/5316/5292
f 5311/5311/5287 5317/5317/5293 5309/5309/5285
f 5300/5300/5276 5299/5299/5275 5318/5318/5294
f 5310/5310/5286 5309/5309/5285 5316/5316/5292
f 5318/5318/5294 5319/5319/5295 5300/5300/5276
f 5319/5319/5295 5318/5318/5294 5320/5320/5296
f 5287/5287/5263 5286/5286/5262 5292/5292/5268
f 5313/5313/5289 5321/5321/5297 5322/5322/5298
f 5313/5313/5289 5323/5323/5299 5321/5321/5297
f 5306/5306/5282 5324/5324/5300 5307/5307/5283
f 5325/5325/5301 5326/5326/5302 5327/5327/5303
f 5328/5328/5304 5329/5329/5305 5330/5330/5306
f 5313/5313/5289 5322/5322/5298 5314/5314/5290
f 5331/5331/5307 5332/5332/5308 5330/5330/5306
f 5333/5333/5309 5334/5334/5310 5335/5335/5311
f 5332/5332/5308 5336/5336/5312 5337/5337/5313
f 5338/5338/5314 5339/5339/5315 5340/5340/5316
f 5341/5341/5317 5342/5342/5318 5343/5343/5319
f 5344/5344/5320 5345/5345/5321 5335/5335/5311
f 5337/5337/5313 5330/5330/5306 5332/5332/5308
f 5346/5346/5322 5335/5335/5311 5345/5345/5321
f 5347/5347/5323 5342/5342/5318 5341/5341/5317
f 5335/5335/5311 5334/5334/5310 5344/5344/5320
f 5333/5333/5309 5335/5335/5311 5346/5346/5322
f 5348/5348/5324 5343/5343/5319 5349/5349/5325
f 5350/5350/5326 5347/5347/5323 5341/5341/5317
f 5350/5350/5326 5351/5351/5327 5347/5347/5323
f 5352/5352/5328 5353/5353/5329 5354/5354/5330
f 5326/5326/5302 5346/5346/5322 5345/5345/5321
f 5355/5355/5331 5342/5342/5318 5356/5356/5332
f 5357/5357/5333 5358/5358/5334 5341/5341/5317
f 5359/5359/5335 5360/5360/5336 5361/5361/5337
f 5341/5341/5317 5358/5358/5334 5350/5350/5326
f 5353/5353/5329 5352/5352/5328 5362/5362/5338
f 5363/5363/5339 5364/5364/5340 5365/5365/5341
f 5366/5366/5342 5367/5367/5343 5368/5368/5344
f 5369/5369/5345 5370/5370/5346 5366/5366/5342
f 5361/5361/5337 5360/5360/5336 5371/5371/5347
f 5343/5343/5319 5357/5357/5333 5341/5341/5317
f 5299/5299/5275 5298/5298/5274 5372/5372/5348
f 5373/5373/5349 5374/5374/5350 5375/5375/5351
f 5376/5376/5352 5377/5377/5353 5378/5378/5354
f 5369/5369/5345 5366/5366/5342 5368/5368/5344
f 5348/5348/5324 5357/5357/5333 5343/5343/5319
f 5355/5355/5331 5343/5343/5319 5342/5342/5318
f 5379/5379/5355 5380/5380/5356 5381/5381/5357
f 5368/5368/5344 5382/5382/5358 5369/5369/5345
f 5383/5383/5359 5384/5384/5360 5385/5385/5361
f 5386/5386/5362 5387/5387/5363 5346/5346/5322
f 5323/5323/5299 5388/5388/5364 5389/5389/5365
f 5385/5385/5361 5384/5384/5360 5328/5328/5304
f 5361/5361/5337 5390/5390/5366 5391/5391/5367
f 5392/5392/5368 5393/5393/5369 5356/5356/5332
f 5394/5394/5370 5385/5385/5361 5337/5337/5313
f 5371/5371/5347 5390/5390/5366 5361/5361/5337
f 5395/5395/5371 5385/5385/5361 5394/5394/5370
f 5394/5394/5370 5337/5337/5313 5336/5336/5312
f 5299/5299/5275 5386/5386/5362 5318/5318/5294
f 5299/5299/5275 5372/5372/5348 5386/5386/5362
f 5323/5323/5299 5313/5313/5289 5396/5396/5372
f 5397/5397/5373 5398/5398/5374 5399/5399/5375
f 5328/5328/5304 5337/5337/5313 5385/5385/5361
f 5330/5330/5306 5337/5337/5313 5328/5328/5304
f 5400/5400/5376 5360/5360/5336 5359/5359/5335
f 5339/5339/5315 5300/5300/5276 5319/5319/5295
f 5326/5326/5302 5386/5386/5362 5346/5346/5322
f 5387/5387/5363 5386/5386/5362 5372/5372/5348
f 5386/5386/5362 5326/5326/5302 5325/5325/5301
f 5401/5401/5377 5355/5355/5331 5393/5393/5369
f 5356/5356/5332 5393/5393/5369 5355/5355/5331
f 5300/5300/5276 5338/5338/5314 5398/5398/5374
f 5402/5402/5378 5403/5403/5379 5404/5404/5380
f 5352/5352/5328 5354/5354/5330 5405/5405/5381
f 5360/5360/5336 5400/5400/5376 5406/5406/5382
f 5358/5358/5334 5357/5357/5333 5407/5407/5383
f 5300/5300/5276 5339/5339/5315 5338/5338/5314
f 5407/5407/5383 5357/5357/5333 5348/5348/5324
f 5408/5408/5384 5409/5409/5385 5410/5410/5386
f 5411/5411/5387 5412/5412/5388 5413/5413/5389
f 5396/5396/5372 5388/5388/5364 5323/5323/5299
f 5398/5398/5374 5414/5414/5390 5298/5298/5274
f 5289/5289/5265 5291/5291/5267 5415/5415/5391
f 5408/5408/5384 5410/5410/5386 5416/5416/5392
f 5402/5402/5378 5408/5408/5384 5416/5416/5392
f 5387/5387/5363 5333/5333/5309 5346/5346/5322
f 5417/5417/5393 5418/5418/5394 5419/5419/5395
f 5420/5420/5396 5421/5421/5397 5422/5422/5398
f 5360/5360/5336 5406/5406/5382 5371/5371/5347
f 5398/5398/5374 5423/5423/5399 5414/5414/5390
f 5420/5420/5396 5422/5422/5398 5424/5424/5400
f 5363/5363/5339 5425/5425/5401 5426/5426/5402
f 5426/5426/5402 5427/5427/5403 5363/5363/5339
f 5428/5428/5404 5429/5429/5405 5430/5430/5406
f 5431/5431/5407 5382/5382/5358 5368/5368/5344
f 5424/5424/5400 5422/5422/5398 5432/5432/5408
f 5433/5433/5409 5434/5434/5410 5435/5435/5411
f 5430/5430/5406 5436/5436/5412 5437/5437/5413
f 5436/5436/5412 5430/5430/5406 5429/5429/5405
f 5397/5397/5373 5423/5423/5399 5398/5398/5374
f 5433/5433/5409 5438/5438/5414 5434/5434/5410
f 5427/5427/5403 5426/5426/5402 5439/5439/5415
f 5300/5300/5276 5398/5398/5374 5298/5298/5274
f 5317/5317/5293 5440/5440/5416 5441/5441/5417
f 5417/5417/5393 5419/5419/5395 5442/5442/5418
f 5442/5442/5418 5419/5419/5395 5443/5443/5419
f 5419/5419/5395 5444/5444/5420 5443/5443/5419
f 5381/5381/5357 5380/5380/5356 5308/5308/5284
f 5445/5445/5421 5412/5412/5388 5446/5446/5422
f 5434/5434/5410 5438/5438/5414 5447/5447/5423
f 5434/5434/5410 5448/5448/5424 5449/5449/5425
f 5434/5434/5410 5447/5447/5423 5448/5448/5424
f 5444/5444/5420 5419/5419/5395 5418/5418/5394
f 5445/5445/5421 5446/5446/5422 5450/5450/5426
f 5451/5451/5427 5452/5452/5428 5453/5453/5429
f 5454/5454/5430 5455/5455/5431 5456/5456/5432
f 5436/5436/5412 5429/5429/5405 5451/5451/5427
f 5454/5454/5430 5456/5456/5432 5457/5457/5433
f 5457/5457/5433 5458/5458/5434 5454/5454/5430
f 5453/5453/5429 5459/5459/5435 5451/5451/5427
f 5451/5451/5427 5429/5429/5405 5452/5452/5428
f 5460/5460/5436 5412/5412/5388 5411/5411/5387
f 5454/5454/5430 5461/5461/5437 5462/5462/5438
f 5459/5459/5435 5463/5463/5439 5451/5451/5427
f 5428/5428/5404 5452/5452/5428 5429/5429/5405
f 5461/5461/5437 5454/5454/5430 5458/5458/5434
f 5454/5454/5430 5462/5462/5438 5455/5455/5431
f 5464/5464/5440 5465/5465/5441 5420/5420/5396
f 5464/5464/5440 5466/5466/5442 5465/5465/5441
f 5460/5460/5436 5446/5446/5422 5412/5412/5388
f 5467/5467/5443 5468/5468/5444 5469/5469/5445
f 5446/5446/5422 5470/5470/5446 5471/5471/5447
f 5308/5308/5284 5307/5307/5283 5381/5381/5357
f 5470/5470/5446 5460/5460/5436 5472/5472/5448
f 5379/5379/5355 5473/5473/5449 5380/5380/5356
f 5474/5474/5450 5475/5475/5451 5476/5476/5452
f 5476/5476/5452 5477/5477/5453 5466/5466/5442
f 5476/5476/5452 5464/5464/5440 5474/5474/5450
f 5478/5478/5454 5479/5479/5455 5474/5474/5450
f 5440/5440/5416 5399/5399/5375 5441/5441/5417
f 5460/5460/5436 5470/5470/5446 5446/5446/5422
f 5466/5466/5442 5464/5464/5440 5476/5476/5452
f 5471/5471/5447 5480/5480/5456 5446/5446/5422
f 5480/5480/5456 5450/5450/5426 5446/5446/5422
f 5349/5349/5325 5355/5355/5331 5401/5401/5377
f 5355/5355/5331 5349/5349/5325 5343/5343/5319
f 5481/5481/5457 5384/5384/5360 5383/5383/5359
f 5482/5482/5458 5384/5384/5360 5481/5481/5457
f 5447/5447/5423 5438/5438/5414 5483/5483/5459
f 5409/5409/5385 5483/5483/5459 5438/5438/5414
f 5484/5484/5460 5485/5485/5461 5486/5486/5462
f 5487/5487/5463 5488/5488/5464 5486/5486/5462
f 5489/5489/5465 5490/5490/5466 5491/5491/5467
f 5492/5492/5468 5484/5484/5460 5488/5488/5464
f 5482/5482/5458 5328/5328/5304 5384/5384/5360
f 5493/5493/5469 5494/5494/5470 5495/5495/5471
f 5496/5496/5472 5497/5497/5473 5404/5404/5380
f 5498/5498/5474 5499/5499/5475 5484/5484/5460
f 5493/5493/5469 5500/5500/5476 5494/5494/5470
f 5486/5486/5462 5488/5488/5464 5484/5484/5460
f 5483/5483/5459 5402/5402/5378 5447/5447/5423
f 5402/5402/5378 5497/5497/5473 5447/5447/5423
f 5493/5493/5469 5495/5495/5471 5431/5431/5407
f 5408/5408/5384 5483/5483/5459 5409/5409/5385
f 5497/5497/5473 5496/5496/5472 5447/5447/5423
f 5501/5501/5477 5328/5328/5304 5482/5482/5458
f 5501/5501/5477 5502/5502/5478 5328/5328/5304
f 5483/5483/5459 5408/5408/5384 5402/5402/5378
f 5484/5484/5460 5492/5492/5468 5498/5498/5474
f 5432/5432/5408 5362/5362/5338 5352/5352/5328
f 5432/5432/5408 5352/5352/5328 5424/5424/5400
f 5362/5362/5338 5503/5503/5479 5353/5353/5329
f 5486/5486/5462 5485/5485/5461 5504/5504/5480
f 5505/5505/5481 5506/5506/5482 5507/5507/5483
f 5489/5489/5465 5491/5491/5467 5508/5508/5484
f 5505/5505/5481 5507/5507/5483 5509/5509/5485
f 5510/5510/5486 5511/5511/5487 5512/5512/5488
f 5509/5509/5485 5513/5513/5489 5514/5514/5490
f 5515/5515/5491 5512/5512/5488 5516/5516/5492
f 5509/5509/5485 5514/5514/5490 5505/5505/5481
f 5511/5511/5487 5500/5500/5476 5512/5512/5488
f 5517/5517/5493 5462/5462/5438 5461/5461/5437
f 5515/5515/5491 5518/5518/5494 5519/5519/5495
f 5520/5520/5496 5500/5500/5476 5511/5511/5487
f 5289/5289/5265 5506/5506/5482 5505/5505/5481
f 5516/5516/5492 5518/5518/5494 5515/5515/5491
f 5500/5500/5476 5520/5520/5496 5494/5494/5470
f 5516/5516/5492 5500/5500/5476 5493/5493/5469
f 5512/5512/5488 5500/5500/5476 5516/5516/5492
f 5496/5496/5472 5448/5448/5424 5447/5447/5423
f 5521/5521/5497 5458/5458/5434 5522/5522/5498
f 5461/5461/5437 5458/5458/5434 5523/5523/5499
f 5510/5510/5486 5512/5512/5488 5515/5515/5491
f 5457/5457/5433 5522/5522/5498 5458/5458/5434
f 5394/5394/5370 5336/5336/5312 5524/5524/5500
f 5410/5410/5386 5525/5525/5501 5416/5416/5392
f 5292/5292/5268 5526/5526/5502 5287/5287/5263
f 5527/5527/5503 5402/5402/5378 5416/5416/5392
f 5527/5527/5503 5528/5528/5504 5402/5402/5378
f 5416/5416/5392 5432/5432/5408 5527/5527/5503
f 5432/5432/5408 5422/5422/5398 5527/5527/5503
f 5529/5529/5505 5304/5304/5280 5530/5530/5506
f 5531/5531/5507 5532/5532/5508 5533/5533/5509
f 5307/5307/5283 5534/5534/5510 5535/5535/5511
f 5332/5332/5308 5485/5485/5461 5336/5336/5312
f 5536/5536/5512 5537/5537/5513 5538/5538/5514
f 5538/5538/5514 5539/5539/5515 5536/5536/5512
f 5540/5540/5516 5541/5541/5517 5542/5542/5518
f 5540/5540/5516 5542/5542/5518 5543/5543/5519
f 5378/5378/5354 5543/5543/5519 5544/5544/5520
f 5371/5371/5347 5406/5406/5382 5539/5539/5515
f 5390/5390/5366 5545/5545/5521 5391/5391/5367
f 5541/5541/5517 5540/5540/5516 5546/5546/5522
f 5484/5484/5460 5524/5524/5500 5336/5336/5312
f 5547/5547/5523 5543/5543/5519 5542/5542/5518
f 5507/5507/5483 5548/5548/5524 5509/5509/5485
f 5416/5416/5392 5362/5362/5338 5432/5432/5408
f 5391/5391/5367 5545/5545/5521 5549/5549/5525
f 5550/5550/5526 5551/5551/5527 5552/5552/5528
f 5484/5484/5460 5336/5336/5312 5485/5485/5461
f 5524/5524/5500 5484/5484/5460 5499/5499/5475
f 5553/5553/5529 5513/5513/5489 5509/5509/5485
f 5545/5545/5521 5535/5535/5511 5534/5534/5510
f 5509/5509/5485 5548/5548/5524 5553/5553/5529
f 5535/5535/5511 5545/5545/5521 5554/5554/5530
f 5534/5534/5510 5549/5549/5525 5545/5545/5521
f 5555/5555/5531 5311/5311/5287 5542/5542/5518
f 5542/5542/5518 5541/5541/5517 5555/5555/5531
f 5537/5537/5513 5535/5535/5511 5554/5554/5530
f 5535/5535/5511 5537/5537/5513 5381/5381/5357
f 5537/5537/5513 5536/5536/5512 5379/5379/5355
f 5379/5379/5355 5381/5381/5357 5537/5537/5513
f 5431/5431/5407 5556/5556/5532 5516/5516/5492
f 5381/5381/5357 5307/5307/5283 5535/5535/5511
f 5431/5431/5407 5516/5516/5492 5493/5493/5469
f 5556/5556/5532 5518/5518/5494 5516/5516/5492
f 5557/5557/5533 5558/5558/5534 5559/5559/5535
f 5463/5463/5439 5459/5459/5435 5558/5558/5534
f 5431/5431/5407 5495/5495/5471 5382/5382/5358
f 5560/5560/5536 5559/5559/5535 5561/5561/5537
f 5404/5404/5380 5497/5497/5473 5402/5402/5378
f 5562/5562/5538 5463/5463/5439 5557/5557/5533
f 5558/5558/5534 5557/5557/5533 5463/5463/5439
f 5437/5437/5413 5463/5463/5439 5562/5562/5538
f 5307/5307/5283 5324/5324/5300 5534/5534/5510
f 5559/5559/5535 5563/5563/5539 5557/5557/5533
f 5562/5562/5538 5557/5557/5533 5563/5563/5539
f 5311/5311/5287 5564/5564/5540 5317/5317/5293
f 5431/5431/5407 5368/5368/5344 5556/5556/5532
f 5503/5503/5479 5362/5362/5338 5416/5416/5392
f 5559/5559/5535 5560/5560/5536 5563/5563/5539
f 5321/5321/5297 5565/5565/5541 5566/5566/5542
f 5416/5416/5392 5525/5525/5501 5503/5503/5479
f 5436/5436/5412 5451/5451/5427 5463/5463/5439
f 5390/5390/5366 5554/5554/5530 5545/5545/5521
f 5567/5567/5543 5568/5568/5544 5569/5569/5545
f 5554/5554/5530 5390/5390/5366 5371/5371/5347
f 5371/5371/5347 5539/5539/5515 5538/5538/5514
f 5556/5556/5532 5570/5570/5546 5519/5519/5495
f 5519/5519/5495 5518/5518/5494 5556/5556/5532
f 5371/5371/5347 5538/5538/5514 5554/5554/5530
f 5461/5461/5437 5571/5571/5547 5517/5517/5493
f 5521/5521/5497 5523/5523/5499 5458/5458/5434
f 5521/5521/5497 5572/5572/5548 5523/5523/5499
f 5554/5554/5530 5538/5538/5514 5537/5537/5513
f 5437/5437/5413 5436/5436/5412 5463/5463/5439
f 5573/5573/5549 5571/5571/5547 5544/5544/5520
f 5571/5571/5547 5461/5461/5437 5523/5523/5499
f 5409/5409/5385 5438/5438/5414 5433/5433/5409
f 5523/5523/5499 5544/5544/5520 5571/5571/5547
f 5367/5367/5343 5570/5570/5546 5556/5556/5532
f 5378/5378/5354 5544/5544/5520 5523/5523/5499
f 5378/5378/5354 5523/5523/5499 5572/5572/5548
f 5368/5368/5344 5367/5367/5343 5556/5556/5532
f 5467/5467/5443 5574/5574/5550 5575/5575/5551
f 5573/5573/5549 5517/5517/5493 5571/5571/5547
f 5572/5572/5548 5376/5376/5352 5378/5378/5354
f 5576/5576/5552 5577/5577/5553 5532/5532/5508
f 5576/5576/5552 5532/5532/5508 5578/5578/5554
f 5579/5579/5555 5580/5580/5556 5581/5581/5557
f 5544/5544/5520 5582/5582/5558 5573/5573/5549
f 5577/5577/5553 5579/5579/5555 5533/5533/5509
f 5582/5582/5558 5583/5583/5559 5573/5573/5549
f 5507/5507/5483 5584/5584/5560 5585/5585/5561
f 5586/5586/5562 5584/5584/5560 5506/5506/5482
f 5532/5532/5508 5587/5587/5563 5578/5578/5554
f 5311/5311/5287 5555/5555/5531 5564/5564/5540
f 5576/5576/5552 5588/5588/5564 5577/5577/5553
f 5589/5589/5565 5533/5533/5509 5579/5579/5555
f 5589/5589/5565 5579/5579/5555 5581/5581/5557
f 5533/5533/5509 5532/5532/5508 5577/5577/5553
f 5590/5590/5566 5559/5559/5535 5558/5558/5534
f 5584/5584/5560 5507/5507/5483 5506/5506/5482
f 5591/5591/5567 5592/5592/5568 5566/5566/5542
f 5593/5593/5569 5586/5586/5562 5506/5506/5482
f 5589/5589/5565 5594/5594/5570 5533/5533/5509
f 5592/5592/5568 5322/5322/5298 5566/5566/5542
f 5566/5566/5542 5322/5322/5298 5321/5321/5297
f 5314/5314/5290 5322/5322/5298 5592/5592/5568
f 5580/5580/5556 5579/5579/5555 5577/5577/5553
f 5559/5559/5535 5590/5590/5566 5595/5595/5571
f 5310/5310/5286 5542/5542/5518 5311/5311/5287
f 5596/5596/5572 5340/5340/5316 5597/5597/5573
f 5590/5590/5566 5558/5558/5534 5459/5459/5435
f 5598/5598/5574 5340/5340/5316 5339/5339/5315
f 5590/5590/5566 5459/5459/5435 5453/5453/5429
f 5599/5599/5575 5312/5312/5288 5314/5314/5290
f 5596/5596/5572 5597/5597/5573 5309/5309/5285
f 5595/5595/5571 5561/5561/5537 5559/5559/5535
f 5332/5332/5308 5504/5504/5480 5485/5485/5461
f 5441/5441/5417 5309/5309/5285 5317/5317/5293
f 5332/5332/5308 5331/5331/5307 5504/5504/5480
f 5313/5313/5289 5312/5312/5288 5396/5396/5372
f 5597/5597/5573 5316/5316/5292 5309/5309/5285
f 5596/5596/5572 5309/5309/5285 5441/5441/5417
f 5508/5508/5484 5600/5600/5576 5601/5601/5577
f 5598/5598/5574 5597/5597/5573 5340/5340/5316
f 5386/5386/5362 5602/5602/5578 5318/5318/5294
f 5603/5603/5579 5604/5604/5580 5508/5508/5484
f 5325/5325/5301 5602/5602/5578 5386/5386/5362
f 5316/5316/5292 5597/5597/5573 5598/5598/5574
f 5605/5605/5581 5284/5284/5260 5283/5283/5259
f 5606/5606/5582 5607/5607/5583 5608/5608/5584
f 5605/5605/5581 5283/5283/5259 5609/5609/5585
f 5328/5328/5304 5502/5502/5478 5529/5529/5505
f 5599/5599/5575 5610/5610/5586 5611/5611/5587
f 5550/5550/5526 5375/5375/5351 5551/5551/5527
f 5606/5606/5582 5608/5608/5584 5612/5612/5588
f 5612/5612/5588 5613/5613/5589 5606/5606/5582
f 5529/5529/5505 5305/5305/5281 5304/5304/5280
f 5283/5283/5259 5285/5285/5261 5614/5614/5590
f 5502/5502/5478 5501/5501/5477 5305/5305/5281
f 5614/5614/5590 5615/5615/5591 5616/5616/5592
f 5283/5283/5259 5614/5614/5590 5616/5616/5592
f 5283/5283/5259 5616/5616/5592 5609/5609/5585
f 5529/5529/5505 5502/5502/5478 5305/5305/5281
f 5611/5611/5587 5312/5312/5288 5599/5599/5575
f 5328/5328/5304 5529/5529/5505 5329/5329/5305
f 5615/5615/5591 5617/5617/5593 5616/5616/5592
f 5582/5582/5558 5543/5543/5519 5547/5547/5523
f 5320/5320/5296 5602/5602/5578 5618/5618/5594
f 5582/5582/5558 5544/5544/5520 5543/5543/5519
f 5619/5619/5595 5611/5611/5587 5620/5620/5596
f 5613/5613/5589 5373/5373/5349 5606/5606/5582
f 5602/5602/5578 5320/5320/5296 5318/5318/5294
f 5619/5619/5595 5396/5396/5372 5611/5611/5587
f 5373/5373/5349 5550/5550/5526 5606/5606/5582
f 5285/5285/5261 5621/5621/5597 5622/5622/5598
f 5622/5622/5598 5614/5614/5590 5285/5285/5261
f 5373/5373/5349 5375/5375/5351 5550/5550/5526
f 5610/5610/5586 5620/5620/5596 5611/5611/5587
f 5547/5547/5523 5310/5310/5286 5315/5315/5291
f 5623/5623/5599 5526/5526/5502 5292/5292/5268
f 5611/5611/5587 5396/5396/5372 5312/5312/5288
f 5552/5552/5528 5607/5607/5583 5550/5550/5526
f 5623/5623/5599 5292/5292/5268 5295/5295/5271
f 5354/5354/5330 5624/5624/5600 5625/5625/5601
f 5626/5626/5602 5625/5625/5601 5624/5624/5600
f 5550/5550/5526 5607/5607/5583 5606/5606/5582
f 5626/5626/5602 5627/5627/5603 5625/5625/5601
f 5619/5619/5595 5388/5388/5364 5396/5396/5372
f 5615/5615/5591 5614/5614/5590 5622/5622/5598
f 5626/5626/5602 5478/5478/5454 5627/5627/5603
f 5625/5625/5601 5627/5627/5603 5405/5405/5381
f 5542/5542/5518 5310/5310/5286 5547/5547/5523
f 5628/5628/5604 5621/5621/5597 5285/5285/5261
f 5629/5629/5605 5474/5474/5450 5479/5479/5455
f 5293/5293/5269 5630/5630/5606 5297/5297/5273
f 5631/5631/5607 5475/5475/5451 5474/5474/5450
f 5629/5629/5605 5631/5631/5607 5474/5474/5450
f 5352/5352/5328 5405/5405/5381 5424/5424/5400
f 5293/5293/5269 5288/5288/5264 5630/5630/5606
f 5476/5476/5452 5475/5475/5451 5632/5632/5608
f 5633/5633/5609 5634/5634/5610 5601/5601/5577
f 5632/5632/5608 5477/5477/5453 5476/5476/5452
f 5635/5635/5611 5636/5636/5612 5613/5613/5589
f 5637/5637/5613 5633/5633/5609 5601/5601/5577
f 5631/5631/5607 5303/5303/5279 5638/5638/5614
f 5373/5373/5349 5613/5613/5589 5636/5636/5612
f 5603/5603/5579 5634/5634/5610 5639/5639/5615
f 5638/5638/5614 5305/5305/5281 5501/5501/5477
f 5574/5574/5550 5467/5467/5443 5640/5640/5616
f 5633/5633/5609 5641/5641/5617 5634/5634/5610
f 5631/5631/5607 5629/5629/5605 5303/5303/5279
f 5638/5638/5614 5303/5303/5279 5305/5305/5281
f 5638/5638/5614 5475/5475/5451 5631/5631/5607
f 5632/5632/5608 5642/5642/5618 5643/5643/5619
f 5373/5373/5349 5636/5636/5612 5374/5374/5350
f 5632/5632/5608 5475/5475/5451 5642/5642/5618
f 5298/5298/5274 5414/5414/5390 5372/5372/5348
f 5644/5644/5620 5331/5331/5307 5330/5330/5306
f 5638/5638/5614 5642/5642/5618 5475/5475/5451
f 5638/5638/5614 5501/5501/5477 5642/5642/5618
f 5601/5601/5577 5603/5603/5579 5508/5508/5484
f 5326/5326/5302 5645/5645/5621 5327/5327/5303
f 5603/5603/5579 5601/5601/5577 5634/5634/5610
f 5645/5645/5621 5646/5646/5622 5647/5647/5623
f 5603/5603/5579 5639/5639/5615 5648/5648/5624
f 5648/5648/5624 5604/5604/5580 5603/5603/5579
f 5649/5649/5625 5648/5648/5624 5639/5639/5615
f 5645/5645/5621 5647/5647/5623 5327/5327/5303
f 5645/5645/5621 5326/5326/5302 5345/5345/5321
f 5576/5576/5552 5646/5646/5622 5588/5588/5564
f 5613/5613/5589 5612/5612/5588 5635/5635/5611
f 5344/5344/5320 5580/5580/5556 5345/5345/5321
f 5338/5338/5314 5340/5340/5316 5596/5596/5572
f 5338/5338/5314 5596/5596/5572 5398/5398/5374
f 5646/5646/5622 5645/5645/5621 5588/5588/5564
f 5588/5588/5564 5645/5645/5621 5345/5345/5321
f 5464/5464/5440 5424/5424/5400 5405/5405/5381
f 5424/5424/5400 5464/5464/5440 5420/5420/5396
f 5625/5625/5601 5405/5405/5381 5354/5354/5330
f 5405/5405/5381 5474/5474/5450 5464/5464/5440
f 5474/5474/5450 5627/5627/5603 5478/5478/5454
f 5596/5596/5572 5441/5441/5417 5399/5399/5375
f 5405/5405/5381 5627/5627/5603 5474/5474/5450
f 5596/5596/5572 5399/5399/5375 5398/5398/5374
f 5619/5619/5595 5389/5389/5365 5388/5388/5364
f 5363/5363/5339 5427/5427/5403 5650/5650/5626
f 5651/5651/5627 5445/5445/5421 5450/5450/5426
f 5652/5652/5628 5653/5653/5629 5651/5651/5627
f 5652/5652/5628 5651/5651/5627 5450/5450/5426
f 5643/5643/5619 5642/5642/5618 5482/5482/5458
f 5540/5540/5516 5543/5543/5519 5378/5378/5354
f 5653/5653/5629 5654/5654/5630 5413/5413/5389
f 5364/5364/5340 5655/5655/5631 5656/5656/5632
f 5413/5413/5389 5651/5651/5627 5653/5653/5629
f 5540/5540/5516 5378/5378/5354 5377/5377/5353
f 5657/5657/5633 5658/5658/5634 5650/5650/5626
f 5642/5642/5618 5501/5501/5477 5482/5482/5458
f 5656/5656/5632 5655/5655/5631 5658/5658/5634
f 5658/5658/5634 5659/5659/5635 5656/5656/5632
f 5650/5650/5626 5658/5658/5634 5655/5655/5631
f 5377/5377/5353 5546/5546/5522 5540/5540/5516
f 5655/5655/5631 5364/5364/5340 5363/5363/5339
f 5413/5413/5389 5412/5412/5388 5445/5445/5421
f 5445/5445/5421 5651/5651/5627 5413/5413/5389
f 5363/5363/5339 5365/5365/5341 5425/5425/5401
f 5580/5580/5556 5577/5577/5553 5588/5588/5564
f 5660/5660/5636 5661/5661/5637 5662/5662/5638
f 5344/5344/5320 5663/5663/5639 5580/5580/5556
f 5662/5662/5638 5664/5664/5640 5660/5660/5636
f 5662/5662/5638 5585/5585/5561 5584/5584/5560
f 5650/5650/5626 5655/5655/5631 5363/5363/5339
f 5588/5588/5564 5345/5345/5321 5580/5580/5556
f 5663/5663/5639 5581/5581/5557 5580/5580/5556
f 5604/5604/5580 5489/5489/5465 5508/5508/5484
f 5661/5661/5637 5585/5585/5561 5662/5662/5638
f 5604/5604/5580 5665/5665/5641 5489/5489/5465
f 5666/5666/5642 5667/5667/5643 5665/5665/5641
f 5668/5668/5644 5669/5669/5645 5670/5670/5646
f 5395/5395/5371 5394/5394/5370 5524/5524/5500
f 5671/5671/5647 5489/5489/5465 5665/5665/5641
f 5660/5660/5636 5669/5669/5645 5668/5668/5644
f 5668/5668/5644 5670/5670/5646 5553/5553/5529
f 5668/5668/5644 5661/5661/5637 5660/5660/5636
f 5553/5553/5529 5548/5548/5524 5668/5668/5644
f 5585/5585/5561 5668/5668/5644 5548/5548/5524
f 5661/5661/5637 5668/5668/5644 5585/5585/5561
f 5671/5671/5647 5665/5665/5641 5667/5667/5643
f 5604/5604/5580 5648/5648/5624 5665/5665/5641
f 5672/5672/5648 5667/5667/5643 5673/5673/5649
f 5671/5671/5647 5667/5667/5643 5672/5672/5648
f 5666/5666/5642 5665/5665/5641 5648/5648/5624
f 5666/5666/5642 5648/5648/5624 5649/5649/5625
f 5548/5548/5524 5507/5507/5483 5585/5585/5561
f 5672/5672/5648 5673/5673/5649 5674/5674/5650
f 5506/5506/5482 5675/5675/5651 5593/5593/5569
f 5289/5289/5265 5675/5675/5651 5506/5506/5482
f 5532/5532/5508 5531/5531/5507 5587/5587/5563
f 5489/5489/5465 5676/5676/5652 5490/5490/5466
f 5489/5489/5465 5671/5671/5647 5676/5676/5652
f 5289/5289/5265 5505/5505/5481 5514/5514/5490
f 5488/5488/5464 5487/5487/5463 5568/5568/5544
f 5594/5594/5570 5677/5677/5653 5678/5678/5654
f 5593/5593/5569 5675/5675/5651 5415/5415/5391
f 5675/5675/5651 5289/5289/5265 5415/5415/5391
f 5568/5568/5544 5492/5492/5468 5488/5488/5464
f 5568/5568/5544 5567/5567/5543 5492/5492/5468
f 5567/5567/5543 5498/5498/5474 5492/5492/5468
f 5289/5289/5265 5514/5514/5490 5290/5290/5266
f 5533/5533/5509 5678/5678/5654 5531/5531/5507
f 5467/5467/5443 5575/5575/5551 5468/5468/5444
f 5594/5594/5570 5678/5678/5654 5533/5533/5509
f 5672/5672/5648 5679/5679/5655 5490/5490/5466
f 5672/5672/5648 5490/5490/5466 5676/5676/5652
f 5676/5676/5652 5671/5671/5647 5672/5672/5648
f 5467/5467/5443 5469/5469/5445 5640/5640/5616
